<?xml version="1.0" encoding="UTF-8" standalone="yes"?>
<effectdef
  implset="default/20sCam/implementationset/20sCam/1/20sCam.implset.xml"
  presets="default/20sCam/common/presets/1/20sCam.presets.xml"
  ui="default/20sCam/common/ui/1/20sCam.ui.xml" version="1" xmlns="http://www.digitalmasterpieces.com/schema/vca-definition">
  <requirements>
    <directory uri="default/common/common/icon/1"/>
    <directory uri="default/20sCam/common/icon/1"/>
  </requirements>
  <effectio>
    <effectinputs>
      <effectinput type="image">INPUTTEXTURE</effectinput>
    </effectinputs>
    <effectoutputs>
      <effectoutput type="image">OUTPUTTEXTURE</effectoutput>
    </effectoutputs>
  </effectio>
  <parameters>
    <valueparameter id="colorConversionLUTLayer" type="int">
      <default>0</default>
      <minrange>0</minrange>
      <maxrange>4</maxrange>
      <step>1</step>
    </valueparameter>
    <valueparameter id="bleachStrength" type="float">
      <default>0.0</default>
      <minrange>0.0</minrange>
      <maxrange>1.0</maxrange>
      <step>0.1</step>
    </valueparameter>
    <valueparameter id="contrast" type="float">
      <default>1.0</default>
      <minrange>0.0</minrange>
      <maxrange>4.0</maxrange>
      <step>0.25</step>
    </valueparameter>
    <valueparameter id="brightness" type="float">
      <default>0.0</default>
      <minrange>-2.0</minrange>
      <maxrange>2.0</maxrange>
      <step>0.25</step>
    </valueparameter>
    <valueparameter id="meanBlurKernelRadius" type="int">
      <default>0</default>
      <minrange>0</minrange>
      <maxrange>9</maxrange>
      <step>1</step>
    </valueparameter>
    <valueparameter id="shakeIntensity" type="float">
      <default>0.0</default>
      <minrange>0.0</minrange>
      <maxrange>0.07</maxrange>
      <step>0.005</step>
    </valueparameter>
    <valueparameter id="shakeSpeed" type="float">
      <default>100.0</default>
      <minrange>50.0</minrange>
      <maxrange>200.0</maxrange>
      <step>25.0</step>
    </valueparameter>
    <valueparameter id="filmGrainIntensity" type="float">
      <default>0.0</default>
      <minrange>0.0</minrange>
      <maxrange>0.8</maxrange>
      <step>0.05</step>
    </valueparameter>
    <valueparameter id="brightnessFlickeringIntensity" type="float">
      <default>0.0</default>
      <minrange>0.0</minrange>
      <maxrange>0.8</maxrange>
      <step>0.05</step>
    </valueparameter>
    <valueparameter id="vignetteColor" type="vec4">
      <default>#00000000</default>
      <minrange>#00000000</minrange>
      <maxrange>#FFFFFFFF</maxrange>
      <step>#01010101</step>
    </valueparameter>
    <valueparameter id="vignetteRadialSize" type="float">
      <default>1.0</default>
      <minrange>0.6</minrange>
      <maxrange>1.0</maxrange>
      <step>0.01</step>
    </valueparameter>
    <valueparameter id="vignetteRadialSmoothness" type="float">
      <default>0.8</default>
      <minrange>0.01</minrange>
      <maxrange>1.0</maxrange>
      <step>0.01</step>
    </valueparameter>
    <valueparameter id="constantScratchIntensity" type="float">
      <default>0.0</default>
      <minrange>0.0</minrange>
      <maxrange>1.0</maxrange>
      <step>0.1</step>
    </valueparameter>
    <valueparameter id="movingScratchIntensity" type="float">
      <default>0.0</default>
      <minrange>0.0</minrange>
      <maxrange>1.0</maxrange>
      <step>0.1</step>
    </valueparameter>
    <valueparameter id="movingScratchSpeed" type="float">
      <default>20.0</default>
      <minrange>20.0</minrange>
      <maxrange>100.0</maxrange>
      <step>10.0</step>
    </valueparameter>
  </parameters>
</effectdef>
