<?xml version="1.0" encoding="UTF-8" standalone="yes"?>
<effectui effectIcon="default/color/common/icon/1/color2gray_simple.generated.png"
  effectName="Grayscale" version="1" xmlns="http://www.digitalmasterpieces.com/schema/vca-ui">
  <target deviceBrand="*" deviceModel="*">
    <parameters>
      <parameter description="Mode" hidden="false"
        icon="default/common/common/icon/1/void.png" id="mode"/>
    </parameters>
    <presets>
      <preset icon="default/color/common/icon/1/preset_generated/color2gray_simple_Average.png" id="Average" description="Average"/>
      <preset icon="default/color/common/icon/1/preset_generated/color2gray_simple_Red Channel.png" id="Red Channel" description="Red Channel"/>
      <preset icon="default/color/common/icon/1/preset_generated/color2gray_simple_Green Channel.png" id="Green Channel" description="Green Channel"/>
      <preset icon="default/color/common/icon/1/preset_generated/color2gray_simple_Blue Channel.png" id="Blue Channel" description="Blue Channel"/>
      <preset icon="default/color/common/icon/1/preset_generated/color2gray_simple_BT.601.png" id="BT.601" description="BT.601"/>
      <preset icon="default/color/common/icon/1/preset_generated/color2gray_simple_BT.709.png" id="BT.709" description="BT.709"/>
      <preset icon="default/color/common/icon/1/preset_generated/color2gray_simple_Minimum.png" id="Minimum" description="Minimum"/>
      <preset icon="default/color/common/icon/1/preset_generated/color2gray_simple_Maximum.png" id="Maximum" description="Maximum"/>
      <preset icon="default/color/common/icon/1/preset_generated/color2gray_simple_Desaturate.png" id="Desaturate" description="Desaturate"/>
    </presets>
  </target>
</effectui>
