<?xml version="1.0" encoding="UTF-8" standalone="yes"?>
<effectui effectIcon="default/toon/common/icon/1/toon.generated.png"
  effectName="Toon" effectDescription="Comic Style" version="1" xmlns="http://www.digitalmasterpieces.com/schema/vca-ui">
  <target application="Pic2Comic" deviceBrand="APPLE" deviceModel="*">
    <parameters>
      <parameter description="Smoothing" hidden="true"
        icon="default/common/common/icon/1/void.png" id="finalSmoothing"/>
      <parameter description="Brightness" hidden="false"
        icon="default/toon/common/icon/1/parameter/brightness.png" id="brightness"/>
      <parameter description="Contrast" hidden="false"
        icon="default/toon/common/icon/1/parameter/contrast.png" id="contrast"/>
      <parameter description="Saturation" hidden="false"
        icon="default/toon/common/icon/1/parameter/saturation.png" id="saturation"/>
      <parameter description="Amount of Colors" hidden="false"
        icon="default/toon/common/icon/1/parameter/color_quantization_void.png" id="colorQuantization"/>
      <parameter description="Softness" hidden="false"
        icon="default/toon/common/icon/1/parameter/color_blur_void.png" id="colorBlur"/>
      <parameter description="Details" hidden="false"
        icon="default/toon/common/icon/1/parameter/details_void.png" id="details"/>
      <parameter description="Outline Thickness" hidden="false"
        icon="default/toon/common/icon/1/parameter/stroke_width_void.png" id="strokeWidth"/>
      <parameter description="Outlines" hidden="false"
        icon="default/toon/common/icon/1/parameter/contour_void.png" id="contour"/>
      <parameter description="Blackness" hidden="false"
        icon="default/toon/common/icon/1/parameter/blackness_void.png" id="blackness"/>
      <parameter description="Spot Color" hidden="false" hint="COLOR"
        icon="default/vignetting/common/icon/1/parameter/color.png" id="spotColor"/>
      <parameter description="Spot Color Amount" hidden="false"
        icon="default/toon/common/icon/1/parameter/spotColorAmount.png" id="spotColorAmount"/>
      <parameter description="Color Level of Abstraction" hidden="true"
        icon="default/common/common/icon/1/void.png" id="ScaleFactor"/>
    </parameters>
    <brushes>
      <brush description="Default" id="default"/>
      <brush description="Strong" id="strong"/>
      <brush description="Large" id="large"/>
      <brush description="Normal" id="sharp"/>
      <brush description="Large" id="sharpLarge"/>
    </brushes>
    <presets>
      <preset icon="default/toon/common/icon/1/preset_generated/toon_portrait.png" id="portrait" description="Portrait"/>
      <preset icon="default/toon/common/icon/1/preset_generated/toon_portrait-bw.png" id="portrait-bw" description="Portrait (Black and White)"/>
      <preset icon="default/toon/common/icon/1/preset_generated/toon_cartoon.png" id="cartoon" description="Cartoon"/>
      <preset icon="default/toon/common/icon/1/preset_generated/toon_realistic.png" id="realistic" description="Realistic"/>
      <preset icon="default/toon/common/icon/1/preset_generated/toon_abstract.png" id="abstract" description="Abstract"/>
      <preset icon="default/toon/common/icon/1/preset_generated/toon_sketch.png" id="sketch" description="Sketch"/>
      <preset icon="default/toon/common/icon/1/preset_generated/toon_landscape.png" id="landscape" description="Landscape"/>
      <preset icon="default/toon/common/icon/1/preset_generated/toon_papercut.png" id="papercut" description="Papercut"/>
      <preset icon="default/toon/common/icon/1/preset_generated/toon_edge-only.png" id="edge-only" description="Edges only"/>	
    </presets>
  </target>
  <target deviceBrand="*" deviceModel="*">
    <parameters>
      <parameter description="Smoothing" hidden="true"
        icon="default/common/common/icon/1/void.png" id="finalSmoothing"/>
      <parameter description="Brightness" hidden="true"
        icon="default/toon/common/icon/1/parameter/brightness.png" id="brightness"/>
      <parameter description="Contrast" hidden="false"
        icon="default/toon/common/icon/1/parameter/contrast.png" id="contrast"/>
      <parameter description="Saturation" hidden="false"
        icon="default/toon/common/icon/1/parameter/saturation.png" id="saturation"/>
      <parameter description="Color Quantization" hidden="false"
        icon="default/toon/common/icon/1/parameter/color_quantization_void.png" id="colorQuantization"/>
      <parameter description="Color Blur" hidden="false"
        icon="default/toon/common/icon/1/parameter/color_blur_void.png" id="colorBlur"/>
      <parameter description="Details" hidden="false"
        icon="default/toon/common/icon/1/parameter/details_void.png" id="details"/>
      <parameter description="Outline Width" hidden="false"
        icon="default/toon/common/icon/1/parameter/stroke_width_void.png" id="strokeWidth"/>
      <parameter description="Outline Granularity" hidden="false"
        icon="default/toon/common/icon/1/parameter/contour_void.png" id="contour"/>
      <parameter description="Blackness" hidden="false"
        icon="default/toon/common/icon/1/parameter/blackness_void.png" id="blackness"/>
      <parameter description="Spot Color" hidden="false" hint="COLOR"
        icon="default/vignetting/common/icon/1/parameter/color.png" id="spotColor"/>
      <parameter description="Spot Color Amount" hidden="false"
        icon="default/toon/common/icon/1/parameter/spotColorAmount.png" id="spotColorAmount"/>
      <parameter description="Color Level of Abstraction" hidden="false"
        icon="default/common/common/icon/1/void.png" id="ScaleFactor"/>
    </parameters>
    <brushes>
      <brush description="Default" id="default"/>
      <brush description="Strong" id="strong"/>
      <brush description="Large" id="large"/>
      <brush description="Normal" id="sharp"/>
      <brush description="Large" id="sharpLarge"/>
    </brushes>
    <presets>
      <preset icon="default/toon/common/icon/1/preset_generated/toon_portrait.png" id="portrait"/>
      <preset icon="default/toon/common/icon/1/preset_generated/toon_portrait-bw.png" id="portrait-bw"/>
      <preset icon="default/toon/common/icon/1/preset_generated/toon_cartoon.png" id="cartoon"/>
      <preset icon="default/toon/common/icon/1/preset_generated/toon_cartoon.png" id="cartoon-landscape"/>
      <preset icon="default/toon/common/icon/1/preset_generated/toon_realistic.png" id="realistic"/>
      <preset icon="default/toon/common/icon/1/preset_generated/toon_abstract.png" id="abstract"/>
      <preset icon="default/toon/common/icon/1/preset_generated/toon_sketch.png" id="sketch"/>
      <preset icon="default/toon/common/icon/1/preset_generated/toon_landscape.png" id="landscape"/>
      <preset icon="default/toon/common/icon/1/preset_generated/toon_papercut.png" id="papercut"/>
      <preset icon="default/toon/common/icon/1/preset_generated/toon_edge-only.png" id="edge-only"/>
    </presets>
  </target>
</effectui>
