<?xml version="1.0" encoding="UTF-8" standalone="yes"?>
<effectui effectIcon="default/20sCam/common/icon/1/20sCam.generated.png"
  effectName="20's Cam" version="1" xmlns="http://www.digitalmasterpieces.com/schema/vca-ui">
  <target deviceBrand="*" deviceModel="*">
    <parameters>
      <parameter description="Toning" hidden="false"
        icon="default/20sCam/common/icon/1/parameter/color.png" id="colorConversionLUTLayer"/>
      <parameter description="Bleaching Strength" hidden="false"
        icon="default/20sCam/common/icon/1/parameter/bleach.png" id="bleachStrength"/>
      <parameter description="Contrast" hidden="false"
        icon="default/20sCam/common/icon/1/parameter/contrast.png" id="contrast"/>
      <parameter description="Brightness" hidden="true"
        icon="default/20sCam/common/icon/1/parameter/brightness.png" id="brightness"/>
      <parameter description="Blurring Strength" hidden="false"
        icon="default/20sCam/common/icon/1/parameter/mean.png" id="meanBlurKernelRadius"/>
      <parameter description="Shaking Intensity" hidden="false"
        icon="default/20sCam/common/icon/1/parameter/shake.png" id="shakeIntensity"/>
      <parameter description="Shaking Speed" hidden="false"
        icon="default/20sCam/common/icon/1/parameter/shakespeed.png" id="shakeSpeed"/>
      <parameter description="Film Grain Intensity" hidden="false"
        icon="default/20sCam/common/icon/1/parameter/filmgrain.png" id="filmGrainIntensity"/>
      <parameter description="Brightness Flickering Intensity"
        hidden="false"
        icon="default/20sCam/common/icon/1/parameter/brightnessflickering.png" id="brightnessFlickeringIntensity"/>
      <parameter description="Vignette Color" hidden="true" hint="COLOR"
        icon="default/20sCam/common/icon/1/parameter/color.png" id="vignetteColor"/>
      <parameter description="Vignette Size" hidden="false"
        icon="default/20sCam/common/icon/1/parameter/vignettesize.png" id="vignetteRadialSize"/>
      <parameter description="Vignette Smoothness" hidden="false"
        icon="default/20sCam/common/icon/1/parameter/vignettesmoothness.png" id="vignetteRadialSmoothness"/>
      <parameter description="Constant Scratch Intensity" hidden="false"
        icon="default/20sCam/common/icon/1/parameter/constantintensity.png" id="constantScratchIntensity"/>
      <parameter description="Moving Scratch Intensity" hidden="false"
        icon="default/20sCam/common/icon/1/parameter/movingintensity.png" id="movingScratchIntensity"/>
      <parameter description="Moving Scratch Speed" hidden="false"
        icon="default/20sCam/common/icon/1/parameter/movingspeed.png" id="movingScratchSpeed"/>
    </parameters>
    <presets>
      <preset icon="default/20sCam/common/icon/1/preset/normal.png" id="Normal" description="Normal"/>
      <preset icon="default/20sCam/common/icon/1/preset/grayscale.png" id="Grayscale" description="Grayscale"/>
      <preset icon="default/20sCam/common/icon/1/preset/blueish.png" id="Blueish" description="Blueish"/>
      <preset icon="default/20sCam/common/icon/1/preset/retro.png" id="Retro" description="Retro"/>
      <preset icon="default/20sCam/common/icon/1/preset/sepia.png" id="Sepia" description="Sepia"/>
      <preset icon="default/20sCam/common/icon/1/preset/off.png" id="Off" description="Off"/>
      <preset icon="default/20sCam/common/icon/1/preset/weak.png" id="Weak" description="Weak"/>
      <preset icon="default/20sCam/common/icon/1/preset/strong.png" id="Strong" description="Strong"/>
      <preset icon="default/20sCam/common/icon/1/preset/maximum.png" id="Maximum" description="Maximum"/>
    </presets>
  </target>
</effectui>
