<?xml version="1.0" encoding="UTF-8" standalone="yes"?>
<effectimpl xmlns="http://www.digitalmasterpieces.com/schema/vca-implementation">
  <requirements>
    <directory uri="default/20sCam/common/shader-desktop/1"/>
    <directory uri="default/noise/common/shader-desktop/1"/>
    <directory uri="default/20sCam/common/texture/1"/>
    <directory uri="default/common/common/shader-desktop/1"/>
  </requirements>
  <targets>
    <target api="OpenGL" apiVersion="3.3">
      <shaderprograms>
        <shaderprogram id="colorConversionProgram" type="GLSL" version="330">
          <vertexshader file="default/common/common/shader-desktop/1/GLSL_330/void_position.vert"/>
          <fragmentshader file="default/20sCam/common/shader-desktop/1/GLSL_330/color_lut_2d_array.frag"/>
          <fragmentshader file="default/20sCam/common/shader-desktop/1/GLSL_330/sample_2dtexturearraylayer_as_3dtexture_func.glsl"/>
          <fragmentshader file="default/colorspace/common/shader-desktop/1/GLSL_330/rgb_lab.glsl"/>
          <fragmentshader file="default/colorspace/common/shader-desktop/1/GLSL_330/rgb_xyz.glsl"/>
          <fragmentshader file="default/colorspace/common/shader-desktop/1/GLSL_330/xyz_lab.glsl"/>
          <fragmentshader file="default/colorspace/common/shader-desktop/1/GLSL_330/lab_rgb.glsl"/>
          <fragmentshader file="default/colorspace/common/shader-desktop/1/GLSL_330/lab_xyz.glsl"/>
          <fragmentshader file="default/colorspace/common/shader-desktop/1/GLSL_330/xyz_rgb.glsl"/>
        </shaderprogram>
        <shaderprogram id="bleachProgram" type="GLSL" version="330">
          <vertexshader file="default/common/common/shader-desktop/1/GLSL_330/void_position.vert"/>
          <fragmentshader file="default/20sCam/common/shader-desktop/1/GLSL_330/bleach.frag"/>
          <fragmentshader file="default/20sCam/common/shader/1/GLSL_COMMON/sample_2dtexture_as_3dtexture_func.glsl"/>
          <fragmentshader file="default/colorspace/common/shader-desktop/1/GLSL_330/rgb_lab.glsl"/>
          <fragmentshader file="default/colorspace/common/shader-desktop/1/GLSL_330/rgb_xyz.glsl"/>
          <fragmentshader file="default/colorspace/common/shader-desktop/1/GLSL_330/xyz_lab.glsl"/>
          <fragmentshader file="default/colorspace/common/shader-desktop/1/GLSL_330/lab_rgb.glsl"/>
          <fragmentshader file="default/colorspace/common/shader-desktop/1/GLSL_330/lab_xyz.glsl"/>
          <fragmentshader file="default/colorspace/common/shader-desktop/1/GLSL_330/xyz_rgb.glsl"/>
        </shaderprogram>
        <shaderprogram id="contrastProgram" type="GLSL" version="330">
          <vertexshader file="default/common/common/shader-desktop/1/GLSL_330/void_position.vert"/>
          <fragmentshader file="default/20sCam/common/shader-desktop/1/GLSL_330/contrast.frag"/>
        </shaderprogram>
        <shaderprogram id="meanBlurProgram" type="GLSL" version="330">
          <vertexshader file="default/common/common/shader-desktop/1/GLSL_330/void_position.vert"/>
          <fragmentshader file="default/20sCam/common/shader-desktop/1/GLSL_330/blur_mean.frag"/>
        </shaderprogram>
        <shaderprogram id="shakeProgram" type="GLSL" version="330">
          <vertexshader file="default/common/common/shader-desktop/1/GLSL_330/void_position.vert"/>
          <fragmentshader file="default/20sCam/common/shader-desktop/1/GLSL_330/cameraShake.frag"/>
          <fragmentshader file="default/noise/common/shader-desktop/1/GLSL_330/noise2D.glsl"/>
        </shaderprogram>
        <shaderprogram id="brightnessNoiseProgram" type="GLSL" version="330">
          <vertexshader file="default/common/common/shader-desktop/1/GLSL_330/void_position.vert"/>
          <fragmentshader file="default/20sCam/common/shader-desktop/1/GLSL_330/brightnessNoise.frag"/>
          <fragmentshader file="default/noise/common/shader-desktop/1/GLSL_330/noise3D.glsl"/>
        </shaderprogram>
        <shaderprogram id="vignettingProgram" type="GLSL" version="330">
          <vertexshader file="default/common/common/shader-desktop/1/GLSL_330/void_position.vert"/>
          <fragmentshader file="default/20sCam/common/shader-desktop/1/GLSL_330/vignetting_radial_main.frag"/>
          <fragmentshader file="default/20sCam/common/shader-desktop/1/GLSL_330/vignetting_radial_func.glsl"/>
        </shaderprogram>
        <shaderprogram id="constantScratchProgram" type="GLSL" version="330">
          <vertexshader file="default/common/common/shader-desktop/1/GLSL_330/void_position.vert"/>
          <fragmentshader file="default/20sCam/common/shader-desktop/1/GLSL_330/constantTextureNoise.frag"/>
        </shaderprogram>
        <shaderprogram id="movingScratchProgram" type="GLSL" version="330">
          <vertexshader file="default/common/common/shader-desktop/1/GLSL_330/void_position.vert"/>
          <fragmentshader file="default/20sCam/common/shader-desktop/1/GLSL_330/movingTextureNoise.frag"/>
          <fragmentshader file="default/noise/common/shader-desktop/1/GLSL_330/noise2D.glsl"/>
        </shaderprogram>
      </shaderprograms>
      <textures>
        <texture3d id="colorConversionLUT">
          <target>GL_TEXTURE_2D_ARRAY</target>
          <source>
            <uri>default/20sCam/common/texture/1/lut_2d/LUT_PassThrough.png</uri>
          </source>
          <source>
            <uri>default/20sCam/common/texture/1/lut_2d/LUT_BlackWhite_1.png</uri>
          </source>
          <source>
            <uri>default/20sCam/common/texture/1/lut_2d/LUT_BlackWhite_6.png</uri>
          </source>
          <source>
            <uri>default/20sCam/common/texture/1/lut_2d/LUT_Retro_1.png</uri>
          </source>
          <source>
            <uri>default/20sCam/common/texture/1/lut_2d/LUT_Retro_4.png</uri>
          </source>
        </texture3d>
        <texture2d id="bleachLUT">
          <source>
            <uri>default/20sCam/common/texture/1/lut_2d/LUT_BleachBypass.png</uri>
          </source>
        </texture2d>
        <texture2d id="movingScratches">
          <minfiltermode>GL_LINEAR_MIPMAP_LINEAR</minfiltermode>
          <generatemipmaps>true</generatemipmaps>
          <lodmin>0.0</lodmin>
          <lodmax>3.0</lodmax>
          <source>
            <uri>default/20sCam/common/texture/1/vertical_scratch.jpg</uri>
          </source>
        </texture2d>
        <texture2d id="constantScratches">
          <minfiltermode>GL_LINEAR_MIPMAP_LINEAR</minfiltermode>
          <generatemipmaps>true</generatemipmaps>
          <lodmin>0.0</lodmin>
          <lodmax>3.0</lodmax>
          <source>
            <uri>default/20sCam/common/texture/1/corner_scratch.jpg</uri>
          </source>
        </texture2d>
        <texture2d id="colorConversionPassOutput"/>
        <texture2d id="bleachPassOutput"/>
        <texture2d id="contrastPassOutput"/>
        <texture2d id="meanBlurPassXOutput"/>
        <texture2d id="meanBlurPassYOutput"/>
        <texture2d id="shakePassOutput"/>
        <texture2d id="filmGrainPassOutput"/>
        <texture2d id="brightnessFlickeringPassOutput"/>
        <texture2d id="vignettingPassOutput"/>
        <texture2d id="constantScratchPassOutput"/>
        <texture2d id="OUTPUTTEXTURE"/>
      </textures>
      <passes>
        <pass id="colorConversionPass">
          <passattributes>
            <passattribute name="shaderprogram">
              <value>colorConversionProgram</value>
            </passattribute>
          </passattributes>
          <passinputs>
            <passinput id="u_Texture" type="sampler">
              <value>INPUTTEXTURE</value>
            </passinput>
            <passinput id="u_LUT" type="sampler">
              <value>colorConversionLUT</value>
            </passinput>
            <passinput id="u_LUTLayer" type="int">
              <value>0</value>
            </passinput>
            <passinput id="u_LUTSliceWidth" type="float">
              <value>16.0</value>
            </passinput>
            <passinput id="u_LuminanceMixRatio" type="float">
              <value>0.0</value>
            </passinput>
          </passinputs>
          <passoutputs>
            <passoutput id="colorConversionPassOutput">
              <value>colorConversionPassOutput</value>
            </passoutput>
          </passoutputs>
        </pass>
        <pass id="bleachPass">
          <passattributes>
            <passattribute name="shaderprogram">
              <value>bleachProgram</value>
            </passattribute>
          </passattributes>
          <passinputs>
            <passinput id="u_Texture" type="sampler">
              <value>colorConversionPassOutput</value>
            </passinput>
            <passinput id="u_LUT" type="sampler">
              <value>bleachLUT</value>
            </passinput>
            <passinput id="u_LUTSliceWidth" type="float">
              <value>16.0</value>
            </passinput>
            <passinput id="u_LuminanceMixRatio" type="float">
              <value>0.0</value>
            </passinput>
            <passinput id="u_Strength" type="float">
              <value>0.0</value>
            </passinput>
          </passinputs>
          <passoutputs>
            <passoutput id="bleachPassOutput">
              <value>bleachPassOutput</value>
            </passoutput>
          </passoutputs>
        </pass>
        <pass id="contrastPass">
          <passattributes>
            <passattribute name="shaderprogram">
              <value>contrastProgram</value>
            </passattribute>
          </passattributes>
          <passinputs>
            <passinput id="u_Contrast" type="float">
              <value>1.0</value>
            </passinput>
            <passinput id="u_Brightness" type="float">
              <value>0.0</value>
            </passinput>
            <passinput id="u_Texture" type="sampler">
              <value>bleachPassOutput</value>
            </passinput>
          </passinputs>
          <passoutputs>
            <passoutput id="contrastPassOutput0">
              <value>contrastPassOutput</value>
            </passoutput>
          </passoutputs>
        </pass>
        <pass id="meanBlurPassX">
          <passattributes>
            <passattribute name="shaderprogram">
              <value>meanBlurProgram</value>
            </passattribute>
          </passattributes>
          <passinputs>
            <passinput id="u_KernelRadius" type="int">
              <value>1</value>
            </passinput>
            <passinput id="u_Direction" type="vec2">
              <value>1.0 0.0</value>
            </passinput>
            <passinput id="u_Texture" type="sampler">
              <value>contrastPassOutput</value>
            </passinput>
            <passinputsemantic id="u_TextureSize" semantic="IMAGE_SIZE" type="vec2"/>
          </passinputs>
          <passoutputs>
            <passoutput id="meanBlurPassXOutput">
              <value>meanBlurPassXOutput</value>
            </passoutput>
          </passoutputs>
        </pass>
        <pass id="meanBlurPassY">
          <passattributes>
            <passattribute name="shaderprogram">
              <value>meanBlurProgram</value>
            </passattribute>
          </passattributes>
          <passinputs>
            <passinput id="u_KernelRadius" type="int">
              <value>1</value>
            </passinput>
            <passinput id="u_Direction" type="vec2">
              <value>0.0 1.0</value>
            </passinput>
            <passinput id="u_Texture" type="sampler">
              <value>meanBlurPassXOutput</value>
            </passinput>
            <passinputsemantic id="u_TextureSize" semantic="IMAGE_SIZE" type="vec2"/>
          </passinputs>
          <passoutputs>
            <passoutput id="meanBlurPassYOutput">
              <value>meanBlurPassYOutput</value>
            </passoutput>
          </passoutputs>
        </pass>
        <pass id="shakePass">
          <passattributes>
            <passattribute name="shaderprogram">
              <value>shakeProgram</value>
            </passattribute>
          </passattributes>
          <passinputs>
            <passinput id="u_Intensity" type="float">
              <value>0.00</value>
            </passinput>
            <passinput id="u_MaxIntensity" type="float">
              <value>0.07</value>
            </passinput>
            <passinput id="u_ShakeSpeed" type="float">
              <value>100.0</value>
            </passinput>
            <passinputsemantic id="u_Time" semantic="TIME_0_1" type="float"/>
            <passinput id="u_Texture" type="sampler">
              <value>meanBlurPassYOutput</value>
            </passinput>
          </passinputs>
          <passoutputs>
            <passoutput id="shakePassOutput">
              <value>shakePassOutput</value>
            </passoutput>
          </passoutputs>
        </pass>
        <pass id="filmGrainPass">
          <passattributes>
            <passattribute name="shaderprogram">
              <value>brightnessNoiseProgram</value>
            </passattribute>
          </passattributes>
          <passinputs>
            <passinput id="u_Intensity" type="float">
              <value>0.0</value>
            </passinput>
            <passinput id="u_Speed" type="float">
              <value>1500.0</value>
            </passinput>
            <passinput id="u_Zoom" type="float">
              <value>300.0</value>
            </passinput>
            <passinput id="u_Texture" type="sampler">
              <value>shakePassOutput</value>
            </passinput>
            <passinputsemantic id="u_Time" semantic="TIME_0_1" type="float"/>
          </passinputs>
          <passoutputs>
            <passoutput id="filmGrainPassOutput">
              <value>filmGrainPassOutput</value>
            </passoutput>
          </passoutputs>
        </pass>
        <pass id="brightnessFlickeringPass">
          <passattributes>
            <passattribute name="shaderprogram">
              <value>brightnessNoiseProgram</value>
            </passattribute>
          </passattributes>
          <passinputs>
            <passinput id="u_Intensity" type="float">
              <value>0.0</value>
            </passinput>
            <passinput id="u_Speed" type="float">
              <value>700.0</value>
            </passinput>
            <passinput id="u_Zoom" type="float">
              <value>0.2</value>
            </passinput>
            <passinput id="u_Texture" type="sampler">
              <value>filmGrainPassOutput</value>
            </passinput>
            <passinputsemantic id="u_Time" semantic="TIME_0_1" type="float"/>
          </passinputs>
          <passoutputs>
            <passoutput id="brightnessFlickeringPassOutput">
              <value>brightnessFlickeringPassOutput</value>
            </passoutput>
          </passoutputs>
        </pass>
        <pass id="vignettingPass">
          <passattributes>
            <passattribute name="shaderprogram">
              <value>vignettingProgram</value>
            </passattribute>
          </passattributes>
          <passinputs>
            <passinput id="u_Texture" type="sampler">
              <value>brightnessFlickeringPassOutput</value>
            </passinput>
            <passinputsemantic id="u_TileSize" semantic="TILE_SIZE" type="vec2"/>
            <passinputsemantic id="u_TilePosition" semantic="TILE_POSITION" type="vec2"/>
            <passinput id="u_VignetteRadialColor" type="vec4">
              <value>#88000000</value>
            </passinput>
            <passinput id="u_VignetteRadialSize" type="float">
              <value>1.0</value>
            </passinput>
            <passinput id="u_VignetteRadialSmoothness" type="float">
              <value>0.01</value>
            </passinput>
            <passinput id="u_VignetteRadialPosition" type="vec2">
              <value>0.5 0.5</value>
            </passinput>
          </passinputs>
          <passoutputs>
            <passoutput id="vignettingPassOutput">
              <value>vignettingPassOutput</value>
            </passoutput>
          </passoutputs>
        </pass>
        <pass id="constantScratchPass">
          <passattributes>
            <passattribute name="shaderprogram">
              <value>constantScratchProgram</value>
            </passattribute>
          </passattributes>
          <passinputs>
            <passinput id="u_ScratchIntensity" type="float">
              <value>0.0</value>
            </passinput>
            <passinput id="u_ScratchTexture" type="sampler">
              <value>constantScratches</value>
            </passinput>
            <passinputsemantic id="u_TileSize" semantic="TILE_SIZE" type="vec2"/>
            <passinputsemantic id="u_TilePosition" semantic="TILE_POSITION" type="vec2"/>
            <passinput id="u_Texture" type="sampler">
              <value>vignettingPassOutput</value>
            </passinput>
            <passinput id="u_MeanBlurKernelRadius" type="int">
              <value>0</value>
            </passinput>
          </passinputs>
          <passoutputs>
            <passoutput id="constantScratchPassOutput">
              <value>constantScratchPassOutput</value>
            </passoutput>
          </passoutputs>
        </pass>
        <pass id="movingScratchPass">
          <passattributes>
            <passattribute name="shaderprogram">
              <value>movingScratchProgram</value>
            </passattribute>
          </passattributes>
          <passinputs>
            <passinput id="u_ScratchIntensity" type="float">
              <value>0.0</value>
            </passinput>
            <passinput id="u_ScratchZoom" type="float">
              <value>0.8</value>
            </passinput>
            <passinput id="u_NoiseSpeed" type="float">
              <value>20.0</value>
            </passinput>
            <passinput id="u_ScratchTexture" type="sampler">
              <value>movingScratches</value>
            </passinput>
            <passinputsemantic id="u_Time" semantic="TIME_0_1" type="float"/>
            <passinputsemantic id="u_TileSize" semantic="TILE_SIZE" type="vec2"/>
            <passinputsemantic id="u_TilePosition" semantic="TILE_POSITION" type="vec2"/>
            <passinput id="u_Texture" type="sampler">
              <value>constantScratchPassOutput</value>
            </passinput>
            <passinput id="u_MeanBlurKernelRadius" type="int">
              <value>0</value>
            </passinput>
          </passinputs>
          <passoutputs>
            <passoutput id="movingScratchPassOutput">
              <value>OUTPUTTEXTURE</value>
            </passoutput>
          </passoutputs>
        </pass>
      </passes>
      <parameters>
        <valueparameter id="colorConversionLUTLayer">
          <setpassinput pass="colorConversionPass" passinput="u_LUTLayer"/>
        </valueparameter>
        <valueparameter id="bleachStrength">
          <setpassinput pass="bleachPass" passinput="u_Strength"/>
        </valueparameter>
        <valueparameter id="contrast">
          <setpassinput pass="contrastPass" passinput="u_Contrast"/>
        </valueparameter>
        <valueparameter id="brightness">
          <setpassinput pass="contrastPass" passinput="u_Brightness"/>
        </valueparameter>
        <valueparameter id="meanBlurKernelRadius">
          <setpassinput pass="meanBlurPassX" passinput="u_KernelRadius"/>
          <setpassinput pass="meanBlurPassY" passinput="u_KernelRadius"/>
          <setpassinput pass="constantScratchPass" passinput="u_MeanBlurKernelRadius"/>
          <setpassinput pass="movingScratchPass" passinput="u_MeanBlurKernelRadius"/>
        </valueparameter>
        <valueparameter id="shakeIntensity">
          <setpassinput pass="shakePass" passinput="u_Intensity"/>
        </valueparameter>
        <valueparameter id="shakeSpeed">
          <setpassinput pass="shakePass" passinput="u_ShakeSpeed"/>
        </valueparameter>
        <valueparameter id="filmGrainIntensity">
          <setpassinput pass="filmGrainPass" passinput="u_Intensity"/>
        </valueparameter>
        <valueparameter id="brightnessFlickeringIntensity">
          <setpassinput pass="brightnessFlickeringPass" passinput="u_Intensity"/>
        </valueparameter>
        <valueparameter id="vignetteColor">
          <setpassinput pass="vignettingPass" passinput="u_VignetteRadialColor"/>
        </valueparameter>
        <valueparameter id="vignetteRadialSize">
          <setpassinput pass="vignettingPass" passinput="u_VignetteRadialSize"/>
        </valueparameter>
        <valueparameter id="vignetteRadialSmoothness">
          <setpassinput pass="vignettingPass" passinput="u_VignetteRadialSmoothness"/>
        </valueparameter>
        <valueparameter id="constantScratchIntensity">
          <setpassinput pass="constantScratchPass" passinput="u_ScratchIntensity"/>
        </valueparameter>
        <valueparameter id="movingScratchIntensity">
          <setpassinput pass="movingScratchPass" passinput="u_ScratchIntensity"/>
        </valueparameter>
        <valueparameter id="movingScratchSpeed">
          <setpassinput pass="movingScratchPass" passinput="u_NoiseSpeed"/>
        </valueparameter>
      </parameters>
    </target>
  </targets>
</effectimpl>
