<?xml version="1.0" encoding="UTF-8" standalone="yes"?>
<effectimpl xmlns="http://www.digitalmasterpieces.com/schema/vca-implementation">
  <requirements>
    <directory uri="default/watercolor/common/shader-desktop/1"/>
    <directory uri="default/common/common/shader-desktop/1"/>
    <directory uri="default/colorspace/common/shader-desktop/1"/>
    <directory uri="default/toon/common/shader-desktop/1"/>
    <directory uri="default/watercolor/common/texture/1"/>
  </requirements>
  <targets>
    <target api="OpenGL" apiVersion="3.3">
      <shaderprograms>
        <shaderprogram id="rgb2LabShaderProgram" type="GLSL" version="330">
          <vertexshader file="default/common/common/shader-desktop/1/GLSL_330/void_position.vert"/>
          <fragmentshader file="default/toon/common/shader-desktop/1/GLSL_330/rgb_to_lab.frag"/>
          <fragmentshader file="default/colorspace/common/shader-desktop/1/GLSL_330/rgb_lab.glsl"/>
          <fragmentshader file="default/colorspace/common/shader-desktop/1/GLSL_330/rgb_xyz.glsl"/>
          <fragmentshader file="default/colorspace/common/shader-desktop/1/GLSL_330/xyz_lab.glsl"/>
        </shaderprogram>
        <shaderprogram id="structureTensorShaderProgram" type="GLSL" version="330">
          <vertexshader file="default/toon/common/shader-desktop/1/GLSL_330/structure_tensor.vert"/>
          <fragmentshader file="default/toon/common/shader-desktop/1/GLSL_330/structure_tensor.frag"/>
        </shaderprogram>
        <shaderprogram id="gauss2DShaderProgram" type="GLSL" version="330">
          <vertexshader file="default/common/common/shader-desktop/1/GLSL_330/void_position.vert"/>
          <fragmentshader file="default/watercolor/common/shader-desktop/1/GLSL_330/gauss_2d_xy_separated.frag"/>
        </shaderprogram>
        <shaderprogram id="tangentFlowMapShaderProgram" type="GLSL" version="330">
          <vertexshader file="default/common/common/shader-desktop/1/GLSL_330/void_position.vert"/>
          <fragmentshader file="default/toon/common/shader-desktop/1/GLSL_330/tangent_flow_map.frag"/>
        </shaderprogram>
        <shaderprogram id="bilateralShaderProgram" type="GLSL" version="330">
          <vertexshader file="default/common/common/shader-desktop/1/GLSL_330/void_position.vert"/>
          <fragmentshader file="default/toon/common/shader-desktop/1/GLSL_330/flow_aligned_bilateral.frag"/>
        </shaderprogram>
        <shaderprogram id="xDogPass0ShaderProgram" type="GLSL" version="330">
          <vertexshader file="default/common/common/shader-desktop/1/GLSL_330/void_position.vert"/>
          <fragmentshader file="default/watercolor/common/shader-desktop/1/GLSL_330/xdog_pass0.frag"/>
        </shaderprogram>
        <shaderprogram id="xDogPass1ShaderProgram" type="GLSL" version="330">
          <vertexshader file="default/common/common/shader-desktop/1/GLSL_330/void_position.vert"/>
          <fragmentshader file="default/watercolor/common/shader-desktop/1/GLSL_330/xdog_pass1.frag"/>
        </shaderprogram>
        <shaderprogram id="flowAlignedGradientSmoothingShaderProgram"
          type="GLSL" version="330">
          <vertexshader file="default/common/common/shader-desktop/1/GLSL_330/void_position.vert"/>
          <fragmentshader file="default/watercolor/common/shader-desktop/1/GLSL_330/flow_aligned_gradient_smoothing.frag"/>
        </shaderprogram>
        <shaderprogram id="flowAlignedSmoothingShaderProgram"
          type="GLSL" version="330">
          <vertexshader file="default/common/common/shader-desktop/1/GLSL_330/void_position.vert"/>
          <fragmentshader file="default/toon/common/shader-desktop/1/GLSL_330/flow_aligned_smoothing.frag"/>
        </shaderprogram>
        <shaderprogram id="flowAlignedTangentSmoothingShaderProgram"
          type="GLSL" version="330">
          <vertexshader file="default/common/common/shader-desktop/1/GLSL_330/void_position.vert"/>
          <fragmentshader file="default/watercolor/common/shader-desktop/1/GLSL_330/flow_aligned_tangent_smoothing.frag"/>
        </shaderprogram>
        <shaderprogram id="colorGradingShaderProgram" type="GLSL" version="330">
          <vertexshader file="default/common/common/shader-desktop/1/GLSL_330/void_position.vert"/>
          <fragmentshader file="default/watercolor/common/shader-desktop/1/GLSL_330/color_grading.frag"/>
          <fragmentshader file="default/colorspace/common/shader-desktop/1/GLSL_330/rgb_hsl.glsl"/>
          <fragmentshader file="default/colorspace/common/shader-desktop/1/GLSL_330/hsl_rgb.glsl"/>
        </shaderprogram>
        <shaderprogram id="colorSplatteringShaderProgram" type="GLSL" version="330">
          <vertexshader file="default/common/common/shader-desktop/1/GLSL_330/void_position.vert"/>
          <fragmentshader file="default/watercolor/common/shader-desktop/1/GLSL_330/color_splattering.frag"/>
          <fragmentshader file="default/colorspace/common/shader-desktop/1/GLSL_330/rgb_hsl.glsl"/>
          <fragmentshader file="default/colorspace/common/shader-desktop/1/GLSL_330/hsl_rgb.glsl"/>
        </shaderprogram>
        <shaderprogram id="colorThresholdingShaderProgram" type="GLSL" version="330">
          <vertexshader file="default/common/common/shader-desktop/1/GLSL_330/void_position.vert"/>
          <fragmentshader file="default/watercolor/common/shader-desktop/1/GLSL_330/color_thresholding.frag"/>
        </shaderprogram>
        <shaderprogram id="composeShaderProgram" type="GLSL" version="330">
          <vertexshader file="default/common/common/shader-desktop/1/GLSL_330/void_position.vert"/>
          <fragmentshader file="default/watercolor/common/shader-desktop/1/GLSL_330/compose.frag"/>
          <fragmentshader file="default/colorspace/common/shader-desktop/1/GLSL_330/lab_rgb.glsl"/>
          <fragmentshader file="default/colorspace/common/shader-desktop/1/GLSL_330/xyz_rgb.glsl"/>
          <fragmentshader file="default/colorspace/common/shader-desktop/1/GLSL_330/lab_xyz.glsl"/>
        </shaderprogram>
        <shaderprogram id="wetInWetShaderProgram" type="GLSL" version="330">
          <vertexshader file="default/common/common/shader-desktop/1/GLSL_330/void_position.vert"/>
          <fragmentshader file="default/watercolor/common/shader-desktop/1/GLSL_330/wet_in_wet.frag"/>
          <fragmentshader file="default/colorspace/common/shader-desktop/1/GLSL_330/lab_rgb.glsl"/>
          <fragmentshader file="default/colorspace/common/shader-desktop/1/GLSL_330/xyz_rgb.glsl"/>
          <fragmentshader file="default/colorspace/common/shader-desktop/1/GLSL_330/lab_xyz.glsl"/>
        </shaderprogram>
      </shaderprograms>
      <textures>
        <texture2d id="colorGradingTexture">
          <type>GL_HALF_FLOAT</type>
          <format>GL_RGBA</format>
          <internalformat>GL_RGBA16F</internalformat>
        </texture2d>
        <texture2d id="colorSplatteringTexture">
          <type>GL_HALF_FLOAT</type>
          <format>GL_RGBA</format>
          <internalformat>GL_RGBA16F</internalformat>
        </texture2d>
        <texture2d id="RGB2LABInputTexture"/>
        <texture2d id="RGB2LABInputAdjustedTexture"/>
        <texture2d id="RGB2LABThresholdedTexture"/>
        <texture2d id="structureTensorInputTexture">
          <type>GL_HALF_FLOAT</type>
          <format>GL_RGBA</format>
          <internalformat>GL_RGBA16F</internalformat>
        </texture2d>
        <texture2d id="tangentFlowMapInputTexture">
          <filtermode>GL_NEAREST</filtermode>
          <type>GL_HALF_FLOAT</type>
          <format>GL_RGBA</format>
          <internalformat>GL_RGBA16F</internalformat>
        </texture2d>
        <texture2d id="structureTensorInputTextureSmoothedPass0">
          <type>GL_HALF_FLOAT</type>
          <format>GL_RGBA</format>
          <internalformat>GL_RGBA16F</internalformat>
        </texture2d>
        <texture2d id="structureTensorInputTextureSmoothedPass1">
          <type>GL_HALF_FLOAT</type>
          <format>GL_RGBA</format>
          <internalformat>GL_RGBA16F</internalformat>
        </texture2d>
        <texture2d id="structureTensorRGB2LABInputAdjustedTexture">
          <type>GL_HALF_FLOAT</type>
          <format>GL_RGBA</format>
          <internalformat>GL_RGBA16F</internalformat>
        </texture2d>
        <texture2d id="structureTensorSmoothedColorTexture">
          <type>GL_HALF_FLOAT</type>
          <format>GL_RGBA</format>
          <internalformat>GL_RGBA16F</internalformat>
        </texture2d>
        <texture2d id="structureTensorSmoothedColorTextureSmoothedPass0">
          <type>GL_HALF_FLOAT</type>
          <format>GL_RGBA</format>
          <internalformat>GL_RGBA16F</internalformat>
        </texture2d>
        <texture2d id="structureTensorSmoothedColorTextureSmoothedPass1">
          <type>GL_HALF_FLOAT</type>
          <format>GL_RGBA</format>
          <internalformat>GL_RGBA16F</internalformat>
        </texture2d>
        <texture2d id="tangentFlowMapSmoothedColorTexture">
          <filtermode>GL_NEAREST</filtermode>
          <type>GL_HALF_FLOAT</type>
          <format>GL_RGBA</format>
          <internalformat>GL_RGBA16F</internalformat>
        </texture2d>
        <texture2d id="tangentFlowMapRGB2LABInputAdjustedTexture">
          <filtermode>GL_NEAREST</filtermode>
          <type>GL_HALF_FLOAT</type>
          <format>GL_RGBA</format>
          <internalformat>GL_RGBA16F</internalformat>
        </texture2d>
        <texture2d id="smoothedColorMapTexture"/>
        <texture2d id="xDoGPass0Texture">
          <type>GL_HALF_FLOAT</type>
          <format>GL_RGBA</format>
          <internalformat>GL_RGBA16F</internalformat>
        </texture2d>
        <texture2d id="xDoGPass1Texture"/>
        <texture2d id="XDoGPass1SmoothedTexture"/>
        <texture2d id="wetInWetPassTexture"/>
        <texture2d id="wetInWetSmoothedPassTexture"/>
        <!-- assets -->
        <texture2d id="watercolorTexture1">
          <target>GL_TEXTURE_2D</target>
          <wrapmode>GL_REPEAT</wrapmode>
          <filtermode>GL_LINEAR</filtermode>
          <type>GL_UNSIGNED_BYTE</type>
          <format>GL_RGB</format>
          <internalformat>GL_RGB</internalformat>
          <source>
            <uri>default/watercolor/common/texture/1/texture1.png</uri>
          </source>
        </texture2d>
        <texture2d id="watercolorTexture2">
          <target>GL_TEXTURE_2D</target>
          <wrapmode>GL_REPEAT</wrapmode>
          <filtermode>GL_LINEAR</filtermode>
          <type>GL_UNSIGNED_BYTE</type>
          <format>GL_RGB</format>
          <internalformat>GL_RGB</internalformat>
          <source>
            <uri>default/watercolor/common/texture/1/texture2.png</uri>
          </source>
        </texture2d>
        <texture2d id="watercolorTexture3">
          <target>GL_TEXTURE_2D</target>
          <wrapmode>GL_REPEAT</wrapmode>
          <filtermode>GL_LINEAR</filtermode>
          <type>GL_UNSIGNED_BYTE</type>
          <format>GL_RGB</format>
          <internalformat>GL_RGB</internalformat>
          <source>
            <uri>default/watercolor/common/texture/1/texture3.png</uri>
          </source>
        </texture2d>
        <texture2d id="noisePassTexture">
          <target>GL_TEXTURE_2D</target>
          <wrapmode>GL_REPEAT</wrapmode>
          <filtermode>GL_NEAREST</filtermode>
          <type>GL_UNSIGNED_BYTE</type>
          <format>GL_RGB</format>
          <internalformat>GL_RGB</internalformat>
          <source>
            <uri>default/watercolor/common/texture/1/noise.png</uri>
          </source>
        </texture2d>
        <texture2d id="wobbling">
          <target>GL_TEXTURE_2D</target>
          <wrapmode>GL_REPEAT</wrapmode>
          <filtermode>GL_LINEAR</filtermode>
          <type>GL_UNSIGNED_BYTE</type>
          <format>GL_RGB</format>
          <internalformat>GL_RGB</internalformat>
          <source>
            <uri>default/watercolor/common/texture/1/wobbling.png</uri>
          </source>
        </texture2d>
        <texture2d id="turbulence">
          <target>GL_TEXTURE_2D</target>
          <wrapmode>GL_REPEAT</wrapmode>
          <filtermode>GL_LINEAR</filtermode>
          <type>GL_UNSIGNED_BYTE</type>
          <format>GL_RGB</format>
          <internalformat>GL_RGB</internalformat>
          <source>
            <uri>default/watercolor/common/texture/1/turbulence.png</uri>
          </source>
        </texture2d>
        <texture2d id="pigmentDispersion">
          <target>GL_TEXTURE_2D</target>
          <wrapmode>GL_REPEAT</wrapmode>
          <filtermode>GL_LINEAR</filtermode>
          <type>GL_UNSIGNED_BYTE</type>
          <format>GL_RGB</format>
          <internalformat>GL_RGB</internalformat>
          <source>
            <uri>default/watercolor/common/texture/1/dispersion.png</uri>
          </source>
        </texture2d>
        <texture2d id="canvas">
          <target>GL_TEXTURE_2D</target>
          <wrapmode>GL_REPEAT</wrapmode>
          <filtermode>GL_LINEAR</filtermode>
          <type>GL_UNSIGNED_BYTE</type>
          <format>GL_RGB</format>
          <internalformat>GL_RGB</internalformat>
          <source>
            <uri>default/watercolor/common/texture/1/canvas3.png</uri>
          </source>
        </texture2d>
        <texture2d id="OUTPUTTEXTURE"/>
        <!-- mask textures -->
        <texture2d id="colorAmountMaskTexture"/>
        <texture2d id="colorfulnessMaskTexture"/>
        <texture2d id="luminosityMaskTexture"/>
        <texture2d id="contrastMaskTexture"/>
        <texture2d id="wetnessMaskTexture"/>
        <texture2d id="strokeWidthMaskTexture"/>
        <texture2d id="contourMaskTexture"/>
        <texture2d id="edgeLightnessMaskTexture"/>
        <texture2d id="drybrushMaskTexture"/>
        <texture2d id="watercolorTexturePowerMaskTexture"/>
      </textures>
      <passes>
        <pass id="rgb2LabInputPass">
          <passattributes>
            <passattribute name="shaderprogram">
              <value>rgb2LabShaderProgram</value>
            </passattribute>
          </passattributes>
          <passinputs>
            <passinput id="u_Texture" type="sampler">
              <value>INPUTTEXTURE</value>
            </passinput>
          </passinputs>
          <passoutputs>
            <passoutput id="rgb2LabInputPassOutput0">
              <value>RGB2LABInputTexture</value>
            </passoutput>
          </passoutputs>
        </pass>
        <pass id="structureTensorInputPass">
          <passattributes>
            <passattribute name="shaderprogram">
              <value>structureTensorShaderProgram</value>
            </passattribute>
          </passattributes>
          <passinputs>
            <passinputsemantic id="u_TextureSize" semantic="IMAGE_SIZE" type="vec2"/>
            <passinput id="u_Texture" type="sampler">
              <value>RGB2LABInputTexture</value>
            </passinput>
          </passinputs>
          <passoutputs>
            <passoutput id="structureTensorInputPassOutput0">
              <value>structureTensorInputTexture</value>
            </passoutput>
          </passoutputs>
        </pass>
        <pass id="smoothStructureTensorInputPass0">
          <passattributes>
            <passattribute name="shaderprogram">
              <value>gauss2DShaderProgram</value>
            </passattribute>
          </passattributes>
          <passinputs>
            <passinputsemantic id="u_TextureSize" semantic="IMAGE_SIZE" type="vec2"/>
            <passinput id="u_Texture" type="sampler">
              <value>structureTensorInputTexture</value>
            </passinput>
            <passinput id="u_Sigma" type="float">
              <cached>false</cached>
              <value>1.0</value>
            </passinput>
            <passinput id="u_dXdY" type="vec2">
              <cached>false</cached>
              <value>1.0 0.0</value>
            </passinput>
          </passinputs>
          <passoutputs>
            <passoutput id="smoothStructureTensorInputPass0Output0">
              <value>structureTensorInputTextureSmoothedPass0</value>
            </passoutput>
          </passoutputs>
        </pass>
        <pass id="smoothStructureTensorInputPass1">
          <passattributes>
            <passattribute name="shaderprogram">
              <value>gauss2DShaderProgram</value>
            </passattribute>
          </passattributes>
          <passinputs>
            <passinputsemantic id="u_TextureSize" semantic="IMAGE_SIZE" type="vec2"/>
            <passinput id="u_Texture" type="sampler">
              <value>structureTensorInputTextureSmoothedPass0</value>
            </passinput>
            <passinput id="u_Sigma" type="float">
              <cached>false</cached>
              <value>1.0</value>
            </passinput>
            <passinput id="u_dXdY" type="vec2">
              <cached>false</cached>
              <value>0.0 1.0</value>
            </passinput>
          </passinputs>
          <passoutputs>
            <passoutput id="smoothStructureTensorInputPass1Output0">
              <value>structureTensorInputTextureSmoothedPass1</value>
            </passoutput>
          </passoutputs>
        </pass>
        <pass id="tangentFlowMapInputPass">
          <passattributes>
            <passattribute name="shaderprogram">
              <value>tangentFlowMapShaderProgram</value>
            </passattribute>
          </passattributes>
          <passinputs>
            <passinput id="u_Texture" type="sampler">
              <value>structureTensorInputTextureSmoothedPass1</value>
            </passinput>
          </passinputs>
          <passoutputs>
            <passoutput id="tangentFlowMapInputPassOutput0">
              <value>tangentFlowMapInputTexture</value>
            </passoutput>
          </passoutputs>
        </pass>
        <pass id="colorSplatteringPass">
          <passattributes>
            <passattribute name="shaderprogram">
              <value>colorSplatteringShaderProgram</value>
            </passattribute>
          </passattributes>
          <passinputs>
            <passinputsemantic id="u_TextureSize" semantic="IMAGE_SIZE" type="vec2"/>
            <passinput id="u_Texture" type="sampler">
              <value>INPUTTEXTURE</value>
            </passinput>
            <passinput id="u_WatercolorTexturePower" type="float">
              <value>1.5</value>
            </passinput>
            <passinput id="u_WatercolorTextureSize" type="vec2">
              <value>1024.0 1024.0</value>
            </passinput>
            <passinput id="u_WatercolorTextureBlendNoise" type="sampler">
              <value>turbulence</value>
            </passinput>
            <passinput id="u_WatercolorTexture1" type="sampler">
              <value>watercolorTexture1</value>
            </passinput>
            <passinput id="u_WatercolorTexture2" type="sampler">
              <value>watercolorTexture2</value>
            </passinput>
            <passinput id="u_WatercolorTexture3" type="sampler">
              <value>watercolorTexture3</value>
            </passinput>
            <passinput id="u_WatercolorTexturePowerMaskTexture" type="sampler">
              <value>watercolorTexturePowerMaskTexture</value>
            </passinput>
          </passinputs>
          <passoutputs>
            <passoutput id="colorSplatteringPassOutput0">
              <value>colorSplatteringTexture</value>
            </passoutput>
          </passoutputs>
        </pass>
        <pass id="colorGradingPass">
          <passattributes>
            <passattribute name="shaderprogram">
              <value>colorGradingShaderProgram</value>
            </passattribute>
          </passattributes>
          <passinputs>
            <passinput id="u_Texture" type="sampler">
              <value>colorSplatteringTexture</value>
            </passinput>
            <passinput id="u_ColorBins" type="int">
              <value>999</value>
            </passinput>
            <passinput id="u_SaturateFactor" type="float">
              <value>0.7</value>
            </passinput>
            <passinput id="u_LuminanceFactor" type="float">
              <value>0.2</value>
            </passinput>
            <passinput id="u_ContrastFactor" type="float">
              <value>1.0</value>
            </passinput>
            <passinput id="u_ColorfulnessMaskTexture" type="sampler">
              <value>colorfulnessMaskTexture</value>
            </passinput>
            <passinput id="u_LuminosityMaskTexture" type="sampler">
              <value>luminosityMaskTexture</value>
            </passinput>
            <passinput id="u_ContrastMaskTexture" type="sampler">
              <value>contrastMaskTexture</value>
            </passinput>
          </passinputs>
          <passoutputs>
            <passoutput id="colorGradingPassOutput0">
              <value>colorGradingTexture</value>
            </passoutput>
          </passoutputs>
        </pass>
        <pass id="rgb2LabPass">
          <passattributes>
            <passattribute name="shaderprogram">
              <value>rgb2LabShaderProgram</value>
            </passattribute>
          </passattributes>
          <passinputs>
            <passinput id="u_Texture" type="sampler">
              <value>colorGradingTexture</value>
            </passinput>
          </passinputs>
          <passoutputs>
            <passoutput id="rgb2LabPassOutput0">
              <value>RGB2LABInputAdjustedTexture</value>
            </passoutput>
          </passoutputs>
        </pass>
        <pass id="structureTensorPass">
          <passattributes>
            <passattribute name="shaderprogram">
              <value>structureTensorShaderProgram</value>
            </passattribute>
          </passattributes>
          <passinputs>
            <passinputsemantic id="u_TextureSize" semantic="IMAGE_SIZE" type="vec2"/>
            <passinput id="u_Texture" type="sampler">
              <value>RGB2LABInputAdjustedTexture</value>
            </passinput>
          </passinputs>
          <passoutputs>
            <passoutput id="structureTensorOutput0">
              <value>structureTensorRGB2LABInputAdjustedTexture</value>
            </passoutput>
          </passoutputs>
        </pass>
        <pass id="colorThresholdingPass">
          <passattributes>
            <passattribute name="shaderprogram">
              <value>colorThresholdingShaderProgram</value>
            </passattribute>
          </passattributes>
          <passinputs>
            <passinput id="u_Texture" type="sampler">
              <value>RGB2LABInputAdjustedTexture</value>
            </passinput>
            <passinput id="u_LuminanceThreshold" type="float">
              <value>0.8</value>
            </passinput>
            <passinput id="u_ColorAmountMaskTexture" type="sampler">
              <value>colorAmountMaskTexture</value>
            </passinput>
          </passinputs>
          <passoutputs>
            <passoutput id="colorThresholdingPassOutput0">
              <value>RGB2LABThresholdedTexture</value>
            </passoutput>
          </passoutputs>
        </pass>
        <!-- compute tfm for fgauss (use NON-smoothed structure tensor) -->
        <pass id="tangentFlowMapPass2">
          <passattributes>
            <passattribute name="shaderprogram">
              <value>tangentFlowMapShaderProgram</value>
            </passattribute>
          </passattributes>
          <passinputs>
            <passinput id="u_Texture" type="sampler">
              <value>structureTensorRGB2LABInputAdjustedTexture</value>
            </passinput>
          </passinputs>
          <passoutputs>
            <passoutput id="tangentFlowMapPassOutput1">
              <value>tangentFlowMapRGB2LABInputAdjustedTexture</value>
            </passoutput>
          </passoutputs>
        </pass>
        <pass id="flowAlignedColorSmoothingPass">
          <passattributes>
            <passattribute name="shaderprogram">
              <value>flowAlignedSmoothingShaderProgram</value>
            </passattribute>
          </passattributes>
          <passinputs>
            <passinputsemantic id="u_TextureSize" semantic="IMAGE_SIZE" type="vec2"/>
            <passinput id="u_Texture" type="sampler">
              <value>RGB2LABThresholdedTexture</value>
            </passinput>
            <passinput id="u_Tfm" type="sampler">
              <value>tangentFlowMapRGB2LABInputAdjustedTexture</value>
            </passinput>
            <!--
            <passinput id="u_DrybrushMaskTexture" type="sampler">
              <value>drybrushMaskTexture</value>
            </passinput>
            -->
            <!-- <passinput id="u_FinalSmoothing" type="float">
              <value>4.0</value>
              !- brush_size -
            </passinput>
            -->
          </passinputs>
          <passoutputs>
            <passoutput id="flowAlignedColorSmoothingPassOutput0">
              <value>smoothedColorMapTexture</value>
            </passoutput>
          </passoutputs>
        </pass>
        <!-- recompute structure tensor for xdog -->
        <pass id="structureTensorPass3">
          <passattributes>
            <passattribute name="shaderprogram">
              <value>structureTensorShaderProgram</value>
            </passattribute>
          </passattributes>
          <passinputs>
            <passinputsemantic id="u_TextureSize" semantic="IMAGE_SIZE" type="vec2"/>
            <passinput id="u_Texture" type="sampler">
              <value>smoothedColorMapTexture</value>
            </passinput>
          </passinputs>
          <passoutputs>
            <passoutput id="structureTensorOutput2">
              <value>structureTensorSmoothedColorTexture</value>
            </passoutput>
          </passoutputs>
        </pass>
        <pass id="smoothStructureTensor2Pass0">
          <passattributes>
            <passattribute name="shaderprogram">
              <value>gauss2DShaderProgram</value>
            </passattribute>
          </passattributes>
          <passinputs>
            <passinputsemantic id="u_TextureSize" semantic="IMAGE_SIZE" type="vec2"/>
            <passinput id="u_Texture" type="sampler">
              <value>structureTensorSmoothedColorTexture</value>
            </passinput>
            <passinput id="u_Sigma" type="float">
              <cached>false</cached>
              <value>2.0</value>
            </passinput>
            <passinput id="u_dXdY" type="vec2">
              <cached>false</cached>
              <value>1.0 0.0</value>
            </passinput>
          </passinputs>
          <passoutputs>
            <passoutput id="smoothStructureTensor2Pass0Output0">
              <value>structureTensorSmoothedColorTextureSmoothedPass0</value>
            </passoutput>
          </passoutputs>
        </pass>
        <pass id="smoothStructureTensor2Pass1">
          <passattributes>
            <passattribute name="shaderprogram">
              <value>gauss2DShaderProgram</value>
            </passattribute>
          </passattributes>
          <passinputs>
            <passinputsemantic id="u_TextureSize" semantic="IMAGE_SIZE" type="vec2"/>
            <passinput id="u_Texture" type="sampler">
              <value>structureTensorSmoothedColorTextureSmoothedPass0</value>
            </passinput>
            <passinput id="u_Sigma" type="float">
              <cached>false</cached>
              <value>2.0</value>
            </passinput>
            <passinput id="u_dXdY" type="vec2">
              <cached>false</cached>
              <value>0.0 1.0</value>
            </passinput>
          </passinputs>
          <passoutputs>
            <passoutput id="smoothStructureTensor2Pass1Output0">
              <value>structureTensorSmoothedColorTextureSmoothedPass1</value>
            </passoutput>
          </passoutputs>
        </pass>
        <pass id="tangentFlowMapPass3">
          <passattributes>
            <passattribute name="shaderprogram">
              <value>tangentFlowMapShaderProgram</value>
            </passattribute>
          </passattributes>
          <passinputs>
            <passinput id="u_Texture" type="sampler">
              <value>structureTensorSmoothedColorTextureSmoothedPass1</value>
            </passinput>
          </passinputs>
          <passoutputs>
            <passoutput id="tangentFlowMapPassOutput2">
              <value>tangentFlowMapSmoothedColorTexture</value>
            </passoutput>
          </passoutputs>
        </pass>
        <pass id="xDoGPassPass0">
          <passattributes>
            <passattribute name="shaderprogram">
              <value>xDogPass0ShaderProgram</value>
            </passattribute>
          </passattributes>
          <passinputs>
            <passinputsemantic id="u_TextureSize" semantic="IMAGE_SIZE" type="vec2"/>
            <passinput id="u_Texture0" type="sampler">
              <value>smoothedColorMapTexture</value>
            </passinput>
            <passinput id="u_Texture1" type="sampler">
              <value>colorGradingTexture</value>
            </passinput>
            <passinput id="u_Tfm0" type="sampler">
              <value>tangentFlowMapSmoothedColorTexture</value>
            </passinput>
            <passinput id="u_Tfm1" type="sampler">
              <value>tangentFlowMapInputTexture</value>
              <!-- flow from color graded input -->
            </passinput>
            <passinput id="u_WideKernelWeight0" type="float">
              <value>0.98</value>
            </passinput>
            <passinput id="u_WideKernelWeight1" type="float">
              <value>1.4</value>
            </passinput>
            <passinput id="u_SigmaWide" type="float">
              <value>1.7</value>
            </passinput>
            <passinput id="u_SigmaNarrow" type="float">
              <value>0.5</value>
              <!-- edgeSize -->
            </passinput>
            <passinput id="u_StrokeWidthMaskTexture" type="sampler">
              <value>strokeWidthMaskTexture</value>
            </passinput>
            <passinput id="u_ContourMaskTexture" type="sampler">
              <value>contourMaskTexture</value>
            </passinput>
          </passinputs>
          <passoutputs>
            <passoutput id="xDoGPassPass0Output0">
              <value>xDoGPass0Texture</value>
            </passoutput>
          </passoutputs>
        </pass>
        <pass id="xDoGPassPass1">
          <passattributes>
            <passattribute name="shaderprogram">
              <value>xDogPass1ShaderProgram</value>
            </passattribute>
          </passattributes>
          <passinputs>
            <passinputsemantic id="u_TextureSize" semantic="IMAGE_SIZE" type="vec2"/>
            <passinput id="u_Texture" type="sampler">
              <value>xDoGPass0Texture</value>
            </passinput>
            <passinput id="u_Tfm" type="sampler">
              <value>tangentFlowMapInputTexture</value>
              <!-- tangentFlowMapTexture0 -->
            </passinput>
            <passinput id="u_SigmaEdge" type="float">
              <value>3.0</value>
            </passinput>
            <passinput id="u_Epsilon0" type="float">
              <value>0.0</value>
            </passinput>
            <passinput id="u_Epsilon1" type="float">
              <value>0.0</value>
            </passinput>
            <passinput id="u_Phi0" type="float">
              <value>10.0</value>
            </passinput>
            <passinput id="u_Phi1" type="float">
              <value>3.0</value>
            </passinput>
          </passinputs>
          <passoutputs>
            <passoutput id="xDoGPassPass1Output0">
              <value>xDoGPass1Texture</value>
            </passoutput>
          </passoutputs>
        </pass>
        <pass id="flowAlignedSmoothingPass">
          <passattributes>
            <passattribute name="shaderprogram">
              <value>flowAlignedTangentSmoothingShaderProgram</value>
            </passattribute>
          </passattributes>
          <passinputs>
            <passinputsemantic id="u_TextureSize" semantic="IMAGE_SIZE" type="vec2"/>
            <passinput id="u_Texture" type="sampler">
              <value>xDoGPass1Texture</value>
            </passinput>
            <passinput id="u_Tfm" type="sampler">
              <value>tangentFlowMapInputTexture</value>
            </passinput>
            <passinput id="u_FinalSmoothing" type="float">
              <value>1.5</value>
            </passinput>
          </passinputs>
          <passoutputs>
            <passoutput id="flowAlignedSmoothingPassOutput0">
              <value>XDoGPass1SmoothedTexture</value>
            </passoutput>
          </passoutputs>
        </pass>
        <pass id="wetInWetPass">
          <passattributes>
            <passattribute name="shaderprogram">
              <value>wetInWetShaderProgram</value>
            </passattribute>
          </passattributes>
          <passinputs>
            <passinputsemantic id="u_TextureSize" semantic="IMAGE_SIZE" type="vec2"/>
            <passinput id="u_Texture" type="sampler">
              <value>smoothedColorMapTexture</value>
            </passinput>
            <passinput id="u_Tfm" type="sampler">
              <value>tangentFlowMapSmoothedColorTexture</value>
            </passinput>
            <passinput id="u_Edges" type="sampler">
              <value>XDoGPass1SmoothedTexture</value>
            </passinput>
            <passinput id="u_Noise" type="sampler">
              <value>noisePassTexture</value>
            </passinput>
            <passinput id="u_WetInWetScale" type="float">
              <value>3.0</value>
            </passinput>
            <passinput id="u_WetnessMaskTexture" type="sampler">
              <value>wetnessMaskTexture</value>
            </passinput>
          </passinputs>
          <passoutputs>
            <passoutput id="wetInWetPassOutput0">
              <value>wetInWetPassTexture</value>
            </passoutput>
          </passoutputs>
        </pass>
        <pass id="flowAlignedSmoothingPass2">
          <passattributes>
            <passattribute name="shaderprogram">
              <value>flowAlignedGradientSmoothingShaderProgram</value>
            </passattribute>
          </passattributes>
          <passinputs>
            <passinputsemantic id="u_TextureSize" semantic="IMAGE_SIZE" type="vec2"/>
            <passinput id="u_Texture" type="sampler">
              <value>wetInWetPassTexture</value>
            </passinput>
            <passinput id="u_Tfm" type="sampler">
              <value>tangentFlowMapSmoothedColorTexture</value>
            </passinput>
            <passinput id="u_FinalSmoothing" type="float">
              <value>2.0</value>
            </passinput>
          </passinputs>
          <passoutputs>
            <passoutput id="flowAlignedSmoothingPass2Output0">
              <value>wetInWetSmoothedPassTexture</value>
            </passoutput>
          </passoutputs>
        </pass>
        <pass id="composePass">
          <passattributes>
            <passattribute name="shaderprogram">
              <value>composeShaderProgram</value>
            </passattribute>
          </passattributes>
          <passinputs>
            <passinputsemantic id="u_TextureSize" semantic="IMAGE_SIZE" type="vec2"/>
            <passinput id="u_ColorTexture" type="sampler">
              <value>smoothedColorMapTexture</value>
            </passinput>
            <passinput id="u_Edges" type="sampler">
              <value>XDoGPass1SmoothedTexture</value>
            </passinput>
            <passinput id="u_WetInWetTexture" type="sampler">
              <value>wetInWetSmoothedPassTexture</value>
            </passinput>
            <passinput id="u_Wobbling" type="sampler">
              <value>wobbling</value>
            </passinput>
            <passinput id="u_Turbulence" type="sampler">
              <value>turbulence</value>
            </passinput>
            <passinput id="u_PigmentDispersion" type="sampler">
              <value>pigmentDispersion</value>
            </passinput>
            <!-- <passinput id="u_Canvas" type="sampler">
              <value>canvas</value>
            </passinput> -->
            <!-- <passinput id="u_CanvasSize" type="vec2">
              <value>400.0 400.0</value>
            </passinput> -->
            <passinput id="u_SketchyEdgesLightness" type="float">
              <value>0.7</value>
            </passinput>
            <passinput id="u_WobblingScale" type="float">
              <value>0.1</value>
            </passinput>
            <passinput id="u_WobblingPower" type="float">
              <value>2.0</value>
            </passinput>
            <passinput id="u_TurbulenceScale" type="float">
              <value>2.0</value>
            </passinput>
            <passinput id="u_TurbulencePower" type="float">
              <value>0.0</value>
            </passinput>
            <passinput id="u_DispersionScale" type="float">
              <value>4.0</value>
            </passinput>
            <passinput id="u_DispersionPower" type="float">
              <value>0.6</value>
            </passinput>
            <passinput id="u_EdgeLightnessMaskTexture" type="sampler">
              <value>edgeLightnessMaskTexture</value>
            </passinput>
          </passinputs>
          <passoutputs>
            <passoutput id="composePassOutput0">
              <value>OUTPUTTEXTURE</value>
            </passoutput>
          </passoutputs>
        </pass>
      </passes>
      <parameters>
        <paintingvalueparameter id="colorAmount">
          <mask>colorAmountMaskTexture</mask>
          <maskbackgroundcolor>0.5</maskbackgroundcolor>
          <setpassinput pass="colorThresholdingPass" passinput="u_LuminanceThreshold"/>
        </paintingvalueparameter>
        <paintingvalueparameter id="colorfulness">
          <mask>colorfulnessMaskTexture</mask>
          <maskbackgroundcolor>0.5</maskbackgroundcolor>
          <setpassinput pass="colorGradingPass" passinput="u_SaturateFactor"/>
        </paintingvalueparameter>
        <paintingvalueparameter id="luminosity">
          <mask>luminosityMaskTexture</mask>
          <maskbackgroundcolor>0.5</maskbackgroundcolor>
          <setpassinput pass="colorGradingPass" passinput="u_LuminanceFactor"/>
        </paintingvalueparameter>
        <paintingvalueparameter id="contrast">
          <mask>contrastMaskTexture</mask>
          <maskbackgroundcolor>0.5</maskbackgroundcolor>
          <setpassinput pass="colorGradingPass" passinput="u_ContrastFactor"/>
        </paintingvalueparameter>
        <paintingvalueparameter id="wetness">
          <mask>wetnessMaskTexture</mask>
          <maskbackgroundcolor>0.5</maskbackgroundcolor>
          <setpassinput pass="wetInWetPass" passinput="u_WetInWetScale"/>
        </paintingvalueparameter>
        <paintingvalueparameter id="strokeWidth">
          <mask>strokeWidthMaskTexture</mask>
          <maskbackgroundcolor>0.5</maskbackgroundcolor>
          <expressionset pass="xDoGPassPass0" passinput="u_SigmaWide">
            <expression>
              strokeWidth
            </expression>
          </expressionset>
          <expressionset pass="xDoGPassPass0" passinput="u_SigmaNarrow">
            <expression>
              strokeWidth / 1.7
            </expression>
          </expressionset>
        </paintingvalueparameter>
        <paintingvalueparameter id="contour">
          <mask>contourMaskTexture</mask>
          <maskbackgroundcolor>0.5</maskbackgroundcolor>
          <setpassinput pass="xDoGPassPass0" passinput="u_WideKernelWeight1"/>
        </paintingvalueparameter>
        <paintingvalueparameter id="edgeLightness">
          <mask>edgeLightnessMaskTexture</mask>
          <maskbackgroundcolor>0.5</maskbackgroundcolor>
          <setpassinput pass="composePass" passinput="u_SketchyEdgesLightness"/>
        </paintingvalueparameter>
        <!-- <paintingvalueparameter id="drybrush">
          <mask>drybrushMaskTexture</mask>
          <maskbackgroundcolor>0.5</maskbackgroundcolor>
          <expressionset pass="flowAlignedColorSmoothingPass" passinput="u_FinalSmoothing">
            <expression>
              10.0 - drybrush
            </expression>
          </expressionset>
        </paintingvalueparameter> -->
        <paintingvalueparameter id="watercolorTexturePower">
          <mask>watercolorTexturePowerMaskTexture</mask>
          <maskbackgroundcolor>0.5</maskbackgroundcolor>
          <setpassinput pass="colorSplatteringPass" passinput="u_WatercolorTexturePower"/>
        </paintingvalueparameter>
        <valueparameter id="scaleFactor">
          <setoutputresolution pass="colorGradingPass"/>
          <!--
          <setoutputresolution pass="colorSplatteringPass"/>
          -->
          <setoutputresolution pass="rgb2LabPass"/>
          <setoutputresolution pass="structureTensorPass"/>
          <!--
          <setoutputresolution pass="tangentFlowMapPass"/>
          -->
          <setoutputresolution pass="colorThresholdingPass"/>
          <setoutputresolution pass="tangentFlowMapPass2"/>
          <setoutputresolution pass="flowAlignedColorSmoothingPass"/>
          <setoutputresolution pass="structureTensorPass3"/>
          <setoutputresolution pass="smoothStructureTensor2Pass0"/>
          <setoutputresolution pass="smoothStructureTensor2Pass1"/>
          <setoutputresolution pass="tangentFlowMapPass3"/>
          <setoutputresolution pass="flowAlignedSmoothingPass"/>
          <!--
          <setoutputresolution pass="wetInWetPass"/>
          <setoutputresolution pass="flowAlignedSmoothingPass2"/>
          -->
        </valueparameter>
      </parameters>
    </target>
  </targets>
</effectimpl>
