<?xml version="1.0" encoding="UTF-8" standalone="yes"?>
<effectdef
  implset="default/oilpaint/implementationset/oilpaint/1/oilpaint.implset.xml"
  presets="default/oilpaint/common/presets/1/oilpaint.presets.xml"
  ui="default/oilpaint/common/ui/1/oilpaint.ui.xml" version="1" xmlns="http://www.digitalmasterpieces.com/schema/vca-definition">
  <requirements>
    <directory uri="default/common/common/icon/1"/>
    <directory uri="default/oilpaint/common/icon/1"/>
  </requirements>
  <effectio>
    <effectinputs>
      <effectinput type="image">INPUTTEXTURE</effectinput>
    </effectinputs>
    <effectoutputs>
      <effectoutput type="image">OUTPUTTEXTURE</effectoutput>
    </effectoutputs>
  </effectio>
  <brushes>
    <paintingbrush id="default">
      <frompreset>DefaultPaintingBrush</frompreset>
    </paintingbrush>
    <paintingbrush id="strong">
      <frompreset>StrongPaintingBrush</frompreset>
    </paintingbrush>
    <paintingbrush id="large">
      <frompreset>LargePaintingBrush</frompreset>
    </paintingbrush>
    <paintingbrush id="sharp">
      <frompreset>SharpPaintingBrush</frompreset>
    </paintingbrush>
    <paintingbrush id="sharpLarge">
      <frompreset>SharpPaintingBrush</frompreset>
      <mainstrokewidth>300</mainstrokewidth>
    </paintingbrush>
    <directionbrush id="smallDirection">
      <frompreset>SmallDirectionBrush</frompreset>
    </directionbrush>
    <directionbrush id="normalDirection">
      <frompreset>DefaultDirectionBrush</frompreset>
    </directionbrush>
    <directionbrush id="largeDirection">
      <frompreset>LargeDirectionBrush</frompreset>
    </directionbrush>
  </brushes>
  <parameters>
    <paintingvalueparameter id="colorAmount" type="float">
      <brushes>
        <brush>default</brush>
        <defaultbrush>large</defaultbrush>
        <brush>strong</brush>
      </brushes>
      <default>1.0</default>
      <minrange>0.0</minrange>
      <maxrange>1.0</maxrange>
      <step>0.05</step>
    </paintingvalueparameter>
    <valueparameter id="colorfulness" type="float">
      <default>0.0</default>
      <minrange>0.0</minrange>
      <maxrange>3.0</maxrange>
      <step>0.05</step>
    </valueparameter>
    <valueparameter id="luminosity" type="float">
      <default>0.0</default>
      <minrange>0.0</minrange>
      <maxrange>0.5</maxrange>
      <step>0.01</step>
    </valueparameter>
    <paintingvalueparameter id="ColorSmoothing" type="float">
      <brushes>
        <brush>default</brush>
        <defaultbrush>large</defaultbrush>
        <brush>strong</brush>
      </brushes>
      <default>8.0</default>
      <minrange>0.0</minrange>
      <maxrange>20.0</maxrange>
      <step>0.1</step>
    </paintingvalueparameter>
    <paintingvalueparameter id="STSmoothing" type="float">
      <brushes>
        <brush>default</brush>
        <defaultbrush>large</defaultbrush>
        <brush>strong</brush>
      </brushes>
      <default>2.0</default>
      <minrange>0.0</minrange>
      <maxrange>20.0</maxrange>
      <step>0.1</step>
    </paintingvalueparameter>
    <paintingvalueparameter id="details" type="float">
      <brushes>
        <brush>default</brush>
        <defaultbrush>large</defaultbrush>
        <brush>strong</brush>
      </brushes>
      <default>1.5</default>
      <minrange>0.0</minrange>
      <maxrange>2.0</maxrange>
      <step>0.05</step>
    </paintingvalueparameter>
    <paintingvalueparameter id="BumpScale" type="float">
      <brushes>
        <brush>default</brush>
        <defaultbrush>large</defaultbrush>
        <brush>strong</brush>
      </brushes>
      <default>5.0</default>
      <minrange>0.0</minrange>
      <maxrange>80.0</maxrange>
      <step>0.1</step>
    </paintingvalueparameter>
    <valueparameter id="BrushScale" type="float">
      <default>0.8</default>
      <minrange>0.0</minrange>
      <maxrange>10.0</maxrange>
      <step>0.1</step>
    </valueparameter>
    <valueparameter id="MicroBrush" type="float">
      <default>1.5</default>
      <minrange>0.0</minrange>
      <maxrange>2.0</maxrange>
      <step>0.1</step>
    </valueparameter>
    <valueparameter id="ScaleFactor" type="float">
      <default>1.0</default>
      <minrange>0.0</minrange>
      <maxrange>1.0</maxrange>
      <step>0.01</step>
    </valueparameter>
    <valueparameter id="OriginalSwitch" type="bool">
      <default>true</default>
      <minrange>false</minrange>
      <maxrange>true</maxrange>
      <step>true</step>
    </valueparameter>
  </parameters>
</effectdef>
