<?xml version="1.0" encoding="UTF-8" standalone="yes"?>
<effectimpl xmlns="http://www.digitalmasterpieces.com/schema/vca-implementation">
  <requirements>
    <directory uri="default/color/common/shader/1"/>
    <directory uri="default/color/common/texture/1"/>
    <directory uri="default/common/common/shader/1"/>
  </requirements>
  <targets>
    <target api="OpenGLES" apiVersion="2.0">
      <!-- http://www.tomshannon3d.com/2014/10/lut-tables-pack-for-unreal-engine-4.html -->
      <shaderprograms>
        <shaderprogram id="bleachProgram" type="GLSL" version="100">
          <vertexshader file="default/common/common/shader/1/GLSL_ES_100/void_position.vert"/>
          <fragmentshader file="default/color/common/shader/1/GLSL_ES_100/bleach.frag"/>
          <fragmentshader file="default/color/common/shader/1/GLSL_COMMON/sample_2dtexture_as_3dtexture_func.glsl"/>
        </shaderprogram>
      </shaderprograms>
      <textures>
        <texture2d id="BleachBypass">
          <source>
            <uri>default/color/common/texture/1/lut_2d/LUT_BleachBypass.png</uri>
          </source>
        </texture2d>
        <texture2d id="OUTPUTTEXTURE"/>
      </textures>
      <passes>
        <pass id="bleachPass">
          <passattributes>
            <passattribute name="shaderprogram">
              <value>bleachProgram</value>
            </passattribute>
          </passattributes>
          <passinputs>
            <passinput id="u_Texture" type="sampler">
              <value>INPUTTEXTURE</value>
            </passinput>
            <passinput id="u_LUT" type="sampler">
              <value>BleachBypass</value>
            </passinput>
            <passinput id="u_LUTSliceWidth" type="float">
              <value>16.0</value>
            </passinput>
            <passinput id="u_Strength" type="float">
              <value>0.0</value>
            </passinput>
          </passinputs>
          <passoutputs>
            <passoutput id="colorLUT2DPassOutput0">
              <value>OUTPUTTEXTURE</value>
            </passoutput>
          </passoutputs>
        </pass>
      </passes>
      <parameters>
        <valueparameter id="strength">
          <setpassinput pass="bleachPass" passinput="u_Strength"/>
        </valueparameter>
      </parameters>
    </target>
  </targets>
</effectimpl>
