<?xml version="1.0" encoding="UTF-8" standalone="yes"?>
<effectimpl xmlns="http://www.digitalmasterpieces.com/schema/vca-implementation">
  <requirements>
    <directory uri="default/color/common/shader/1"/>
    <directory uri="default/background/common/icon/1"/>
    <directory uri="default/common/common/shader/1"/>
  </requirements>
  <targets>
    <target api="OpenGLES" apiVersion="2.0">
      <shaderprograms>
        <shaderprogram id="blendModesProgram" type="GLSL" version="100">
          <vertexshader file="default/common/common/shader/1/GLSL_ES_100/void_position.vert"/>
          <fragmentshader file="default/color/common/shader/1/GLSL_ES_100/blend_modes_main.frag"/>
          <fragmentshader file="default/color/common/shader/1/GLSL_COMMON/blend_modes_func.glsl"/>
        </shaderprogram>
      </shaderprograms>
      <textures>
        <texture2d id="textureTop">
          <source>
            <uri>default/background/common/icon/1/solidcolor.png</uri>
          </source>
        </texture2d>
        <texture2d id="OUTPUTTEXTURE"/>
      </textures>
      <passes>
        <pass id="blendModesPass">
          <passattributes>
            <passattribute name="shaderprogram">
              <value>blendModesProgram</value>
            </passattribute>
          </passattributes>
          <passinputs>
            <passinput id="u_TextureBottom" type="sampler">
              <value>INPUTTEXTURE</value>
            </passinput>
            <passinput id="u_TextureTop" type="sampler">
              <value>textureTop</value>
            </passinput>
            <passinput id="u_Mode" type="int">
              <value>0</value>
            </passinput>
          </passinputs>
          <passoutputs>
            <passoutput id="blendModesPassOutput0">
              <value>OUTPUTTEXTURE</value>
            </passoutput>
          </passoutputs>
        </pass>
      </passes>
      <parameters>
        <valueparameter id="mode">
          <setpassinput pass="blendModesPass" passinput="u_Mode"/>
        </valueparameter>
      </parameters>
    </target>
  </targets>
</effectimpl>
