<?xml version="1.0" encoding="UTF-8" standalone="yes"?>
<effectimpl xmlns="http://www.digitalmasterpieces.com/schema/vca-implementation">
  <requirements>
    <directory uri="default/color/common/shader/1"/>
    <directory uri="default/common/common/shader/1"/>
  </requirements>
  <targets>
    <target api="OpenGLES" apiVersion="2.0">
      <shaderprograms>
        <shaderprogram id="chromaZoomProgram" type="GLSL" version="100">
          <vertexshader file="default/common/common/shader/1/GLSL_ES_100/void_position.vert"/>
          <fragmentshader file="default/color/common/shader/1/GLSL_ES_100/chromazoom_main.frag"/>
        </shaderprogram>
      </shaderprograms>
      <textures>
        <texture2d id="OUTPUTTEXTURE"/>
      </textures>
      <passes>
        <pass id="chromaZoomPass">
          <passattributes>
            <passattribute name="shaderprogram">
              <value>chromaZoomProgram</value>
            </passattribute>
          </passattributes>
          <passinputs>
            <passinput id="u_Texture" type="sampler">
              <value>INPUTTEXTURE</value>
            </passinput>
            <passinput id="u_MasterZoom" type="float">
              <value>1.0</value>
            </passinput>
            <passinput id="u_RedZoom" type="float">
              <value>1.0</value>
            </passinput>
            <passinput id="u_GreenZoom" type="float">
              <value>1.0</value>
            </passinput>
            <passinput id="u_BlueZoom" type="float">
              <value>1.0</value>
            </passinput>
            <passinput id="u_ZoomCenter" type="vec2">
              <value>0.0 0.0</value>
            </passinput>
          </passinputs>
          <passoutputs>
            <passoutput id="chromaZoomPassOutput0">
              <value>OUTPUTTEXTURE</value>
            </passoutput>
          </passoutputs>
        </pass>
      </passes>
      <parameters>
        <valueparameter id="masterZoom">
          <setpassinput pass="chromaZoomPass" passinput="u_MasterZoom"/>
        </valueparameter>
        <valueparameter id="redZoom">
          <setpassinput pass="chromaZoomPass" passinput="u_RedZoom"/>
        </valueparameter>
        <valueparameter id="greenZoom">
          <setpassinput pass="chromaZoomPass" passinput="u_GreenZoom"/>
        </valueparameter>
        <valueparameter id="blueZoom">
          <setpassinput pass="chromaZoomPass" passinput="u_BlueZoom"/>
        </valueparameter>
      </parameters>
    </target>
  </targets>
</effectimpl>
