<?xml version="1.0" encoding="UTF-8" standalone="yes"?>
<effectimpl xmlns="http://www.digitalmasterpieces.com/schema/vca-implementation">
  <requirements>
    <directory uri="default/color/common/shader/1"/>
    <directory uri="default/common/common/shader/1"/>
  </requirements>
  <targets>
    <target api="OpenGLES" apiVersion="2.0">
      <shaderprograms>
        <shaderprogram id="chromaticAberrationProgram" type="GLSL" version="100">
          <vertexshader file="default/common/common/shader/1/GLSL_ES_100/void_position.vert"/>
          <fragmentshader file="default/color/common/shader/1/GLSL_ES_100/chromatic_aberration_main.frag"/>
          <fragmentshader file="default/common/common/shader/1/GLSL_COMMON/distortion/distortion_barrel.glsl"/>
          <fragmentshader file="default/color/common/shader/1/GLSL_COMMON/chromatic_aberration_func.glsl"/>
        </shaderprogram>
      </shaderprograms>
      <textures>
        <texture2d id="OUTPUTTEXTURE"/>
      </textures>
      <passes>
        <pass id="chromaticAberrationPass">
          <passattributes>
            <passattribute name="shaderprogram">
              <value>chromaticAberrationProgram</value>
            </passattribute>
          </passattributes>
          <passinputs>
            <passinput id="u_Texture" type="sampler">
              <value>INPUTTEXTURE</value>
            </passinput>
            <passinput id="u_NumberOfIterations" type="int">
              <value>17</value>
            </passinput>
            <passinput id="u_MaximalDistortion" type="float">
              <value>0.5</value>
            </passinput>
          </passinputs>
          <passoutputs>
            <passoutput id="chromaticAberrationPassOutput0">
              <value>OUTPUTTEXTURE</value>
            </passoutput>
          </passoutputs>
        </pass>
      </passes>
      <parameters>
        <valueparameter id="distortion">
          <setpassinput pass="chromaticAberrationPass" passinput="u_MaximalDistortion"/>
        </valueparameter>
        <valueparameter id="quality">
          <setpassinput pass="chromaticAberrationPass" passinput="u_NumberOfIterations"/>
        </valueparameter>
      </parameters>
    </target>
  </targets>
</effectimpl>
