<?xml version="1.0" encoding="UTF-8" standalone="yes"?>
<effectimpl xmlns="http://www.digitalmasterpieces.com/schema/vca-implementation">
  <requirements>
    <directory uri="default/color/common/shader/1"/>
  </requirements>
  <targets>
    <target api="OpenGLES" apiVersion="2.0">
      <vertexattributemaps>
        <vertexattributemap id="standardVertexAttributeMap">
          <vertexattribute>
            <attributename>a_TestAttribute</attributename>
            <attributesemantic>POSITION_0</attributesemantic>
            <attributelocation>1</attributelocation>
            <attributetype>vec2</attributetype>
          </vertexattribute>
        </vertexattributemap>
      </vertexattributemaps>
      <shaderprograms>
        <shaderprogram id="colorMatrixProgram" type="GLSL" version="100" vertexattributemap="standardVertexAttributeMap">
          <vertexshader file="default/color/common/shader/1/GLSL_ES_100/color_matrix_4x4.vert"/>
          <fragmentshader file="default/color/common/shader/1/GLSL_ES_100/color_matrix_4x4.frag"/>
        </shaderprogram>
      </shaderprograms>
      <textures>
        <texture2d id="OUTPUTTEXTURE"/>
      </textures>
      <passes>
        <pass id="colorMatrixPass">
          <passattributes>
            <passattribute name="shaderprogram">
              <value>colorMatrixProgram</value>
            </passattribute>
          </passattributes>
          <passinputs>
            <passinput id="u_ColorMatrix" type="mat4">
              <value>1.0 0.0 0.0 0.0 0.0 1.0 0.0 0.0 0.0 0.0 1.0 0.0 0.0 0.0 0.0 1.0</value>
            </passinput>
            <passinput id="u_Texture" type="sampler">
              <value>INPUTTEXTURE</value>
            </passinput>
          </passinputs>
          <passoutputs>
            <passoutput id="colorMatrixPassOutput0">
              <value>OUTPUTTEXTURE</value>
            </passoutput>
          </passoutputs>
        </pass>
      </passes>
      <parameters>
        <valueparameter id="colorMatrix">
          <setpassinput pass="colorMatrixPass" passinput="u_ColorMatrix"/>
        </valueparameter>
      </parameters>
    </target>
  </targets>
</effectimpl>
