<?xml version="1.0" encoding="UTF-8" standalone="yes"?>
<effectimpl xmlns="http://www.digitalmasterpieces.com/schema/vca-implementation">
  <requirements>
    <directory uri="default/color/common/shader/1"/>
    <directory uri="default/common/common/shader/1"/>
    <directory uri="default/colorspace/common/shader/1"/>
  </requirements>
  <targets>
    <target api="OpenGLES" apiVersion="2.0">
      <shaderprograms>
        <shaderprogram id="colorizeProgram" type="GLSL" version="100">
          <vertexshader file="default/common/common/shader/1/GLSL_ES_100/void_position.vert"/>
          <fragmentshader file="default/color/common/shader/1/GLSL_ES_100/colorize_main.frag"/>
          <fragmentshader file="default/colorspace/common/shader/1/GLSL_ES_100/rgb_hsv.glsl"/>
          <fragmentshader file="default/colorspace/common/shader/1/GLSL_ES_100/hsv_rgb.glsl"/>
        </shaderprogram>
      </shaderprograms>
      <textures>
        <texture2d id="OUTPUTTEXTURE"/>
      </textures>
      <passes>
        <pass id="colorizePass">
          <passattributes>
            <passattribute name="shaderprogram">
              <value>colorizeProgram</value>
            </passattribute>
          </passattributes>
          <passinputs>
            <passinput id="u_Hue" type="float">
              <value>0.5</value>
            </passinput>
            <passinput id="u_Texture" type="sampler">
              <value>INPUTTEXTURE</value>
            </passinput>
          </passinputs>
          <passoutputs>
            <passoutput id="colorizePassOutput0">
              <value>OUTPUTTEXTURE</value>
            </passoutput>
          </passoutputs>
        </pass>
      </passes>
      <parameters>
        <valueparameter id="hue">
          <setpassinput pass="colorizePass" passinput="u_Hue"/>
        </valueparameter>
      </parameters>
    </target>
  </targets>
</effectimpl>
