<?xml version="1.0" encoding="UTF-8" standalone="yes"?>
<effectimpl xmlns="http://www.digitalmasterpieces.com/schema/vca-implementation">
  <requirements>
    <directory uri="default/color/common/shader/1"/>
    <directory uri="default/common/common/shader/1"/>
  </requirements>
  <targets>
    <target api="OpenGLES" apiVersion="2.0">
      <shaderprograms>
        <shaderprogram id="contrastProgram" type="GLSL" version="100">
          <vertexshader file="default/common/common/shader/1/GLSL_ES_100/void_position.vert"/>
          <fragmentshader file="default/color/common/shader/1/GLSL_ES_100/contrast.frag"/>
        </shaderprogram>
      </shaderprograms>
      <textures>
        <texture2d id="OUTPUTTEXTURE"/>
      </textures>
      <passes>
        <pass id="contrastPass">
          <passattributes>
            <passattribute name="shaderprogram">
              <value>contrastProgram</value>
            </passattribute>
          </passattributes>
          <passinputs>
            <passinput id="u_Contrast" type="float">
              <value>1.0</value>
            </passinput>
            <passinput id="u_Brightness" type="float">
              <value>0.0</value>
            </passinput>
            <passinput id="u_Texture" type="sampler">
              <value>INPUTTEXTURE</value>
            </passinput>
          </passinputs>
          <passoutputs>
            <passoutput id="contrastPassOutput0">
              <value>OUTPUTTEXTURE</value>
            </passoutput>
          </passoutputs>
        </pass>
      </passes>
      <parameters>
        <valueparameter id="contrast">
          <setpassinput pass="contrastPass" passinput="u_Contrast"/>
        </valueparameter>
        <valueparameter id="brightness">
          <setpassinput pass="contrastPass" passinput="u_Brightness"/>
        </valueparameter>
      </parameters>
    </target>
  </targets>
</effectimpl>
