<?xml version="1.0" encoding="UTF-8" standalone="yes"?>
<effectimpl xmlns="http://www.digitalmasterpieces.com/schema/vca-implementation">
  <requirements>
    <directory uri="default/color/common/shader/1"/>
    <directory uri="default/noise/common/texture/1"/>
    <directory uri="default/common/common/shader/1"/>
  </requirements>
  <targets>
    <target api="OpenGLES" apiVersion="2.0">
      <shaderprograms>
        <shaderprogram id="nightVisionProgram" type="GLSL" version="100">
          <vertexshader file="default/common/common/shader/1/GLSL_ES_100/void_position.vert"/>
          <fragmentshader file="default/color/common/shader/1/GLSL_ES_100/nightvision_main.frag"/>
        </shaderprogram>
      </shaderprograms>
      <textures>
        <texture2d id="OUTPUTTEXTURE"/>
        <texture2d id="NOISE">
          <wrapmode>GL_MIRRORED_REPEAT</wrapmode>
          <source>
            <uri>default/noise/common/texture/1/noise_texture_0008_pico.jpg</uri>
          </source>
        </texture2d>
      </textures>
      <passes>
        <pass id="nightVisionPass">
          <passattributes>
            <passattribute name="shaderprogram">
              <value>nightVisionProgram</value>
            </passattribute>
          </passattributes>
          <passinputs>
            <passinput id="u_TextureScene" type="sampler">
              <value>INPUTTEXTURE</value>
            </passinput>
            <passinput id="u_TextureNoise" type="sampler">
              <value>NOISE</value>
            </passinput>
            <passinput id="u_LuminanceThreshold" type="float">
              <value>0.2</value>
            </passinput>
            <passinput id="u_ColorAmplification" type="float">
              <value>4.0</value>
            </passinput>
          </passinputs>
          <passoutputs>
            <passoutput id="thermalVisionPassOutput0">
              <value>OUTPUTTEXTURE</value>
            </passoutput>
          </passoutputs>
        </pass>
      </passes>
      <parameters>
        <valueparameter id="luminanceThreshold">
          <setpassinput pass="nightVisionPass" passinput="u_LuminanceThreshold"/>
        </valueparameter>
        <valueparameter id="colorAmplification">
          <setpassinput pass="nightVisionPass" passinput="u_ColorAmplification"/>
        </valueparameter>
      </parameters>
    </target>
  </targets>
</effectimpl>
