<?xml version="1.0" encoding="UTF-8" standalone="yes"?>
<effectimpl xmlns="http://www.digitalmasterpieces.com/schema/vca-implementation">
  <requirements>
    <directory uri="default/color/common/shader/1"/>
    <directory uri="default/common/common/shader/1"/>
    <directory uri="default/colorspace/common/shader/1"/>
  </requirements>
  <targets>
    <target api="OpenGLES" apiVersion="2.0">
      <shaderprograms>
        <shaderprogram id="solarizeProgram" type="GLSL" version="100">
          <vertexshader file="default/common/common/shader/1/GLSL_ES_100/void_position.vert"/>
          <fragmentshader file="default/color/common/shader/1/GLSL_ES_100/solarize.frag"/>
          <fragmentshader file="default/colorspace/common/shader/1/GLSL_ES_100/rgb_hsv.glsl"/>
          <fragmentshader file="default/colorspace/common/shader/1/GLSL_ES_100/hsv_rgb.glsl"/>
        </shaderprogram>
      </shaderprograms>
      <textures>
        <texture2d id="OUTPUTTEXTURE"/>
      </textures>
      <passes>
        <pass id="solarizePass">
          <passattributes>
            <passattribute name="shaderprogram">
              <value>solarizeProgram</value>
            </passattribute>
          </passattributes>
          <passinputs>
            <passinput id="u_Texture" type="sampler">
              <value>INPUTTEXTURE</value>
            </passinput>
            <passinput id="u_CenterBrightness" type="float">
              <value>1.0</value>
            </passinput>
            <passinput id="u_PowerCurve" type="float">
              <value>1.0</value>
            </passinput>
            <passinput id="u_Colorize" type="float">
              <value>1.0</value>
            </passinput>
            <passinput id="u_InvertEffect" type="bool">
              <value>false</value>
            </passinput>
          </passinputs>
          <passoutputs>
            <passoutput id="solarizePassOutput0">
              <value>OUTPUTTEXTURE</value>
            </passoutput>
          </passoutputs>
        </pass>
      </passes>
      <parameters>
        <valueparameter id="centerBrightness">
          <setpassinput pass="solarizePass" passinput="u_CenterBrightness"/>
        </valueparameter>
        <valueparameter id="powerCurve">
          <setpassinput pass="solarizePass" passinput="u_PowerCurve"/>
        </valueparameter>
        <valueparameter id="colorize">
          <setpassinput pass="solarizePass" passinput="u_Colorize"/>
        </valueparameter>
        <valueparameter id="invert">
          <setpassinput pass="solarizePass" passinput="u_InvertEffect"/>
        </valueparameter>
      </parameters>
    </target>
  </targets>
</effectimpl>
