<?xml version="1.0" encoding="UTF-8" standalone="yes"?>
<effectimpl xmlns="http://www.digitalmasterpieces.com/schema/vca-implementation">
  <requirements>
    <directory uri="default/color/common/shader/1"/>
    <directory uri="default/common/common/shader/1"/>
  </requirements>
  <targets>
    <target api="OpenGLES" apiVersion="2.0">
      <shaderprograms>
        <shaderprogram id="grayScaleProgram" type="GLSL" version="100">
          <vertexshader file="default/common/common/shader/1/GLSL_ES_100/void_position.vert"/>
          <fragmentshader file="default/color/common/shader/1/GLSL_ES_100/the20scam_color2gray.frag"/>
        </shaderprogram>
      </shaderprograms>
      <textures>
        <texture2d id="OUTPUTTEXTURE"/>
      </textures>
      <passes>
        <pass id="grayScalePass">
          <passattributes>
            <passattribute name="shaderprogram">
              <value>grayScaleProgram</value>
            </passattribute>
          </passattributes>
          <passinputs>
            <passinput id="u_Mode" type="int">
              <value>0</value>
            </passinput>
            <passinput id="u_Texture" type="sampler">
              <value>INPUTTEXTURE</value>
            </passinput>
          </passinputs>
          <passoutputs>
            <passoutput id="grayScalePassOutput0">
              <value>OUTPUTTEXTURE</value>
            </passoutput>
          </passoutputs>
        </pass>
      </passes>
      <parameters>
        <valueparameter id="mode">
          <setpassinput pass="grayScalePass" passinput="u_Mode"/>
        </valueparameter>
      </parameters>
    </target>
  </targets>
</effectimpl>
