<?xml version="1.0" encoding="UTF-8" standalone="yes"?>
<effectimpl xmlns="http://www.digitalmasterpieces.com/schema/vca-implementation">
  <requirements>
    <directory uri="default/color/common/shader/1"/>
    <directory uri="default/common/common/shader/1"/>
  </requirements>
  <targets>
    <target api="OpenGLES" apiVersion="2.0">
      <shaderprograms>
        <shaderprogram id="thermalCameraProgram" type="GLSL" version="100">
          <vertexshader file="default/common/common/shader/1/GLSL_ES_100/void_position.vert"/>
          <fragmentshader file="default/color/common/shader/1/GLSL_ES_100/thermalcamera_main.frag"/>
        </shaderprogram>
      </shaderprograms>
      <textures>
        <texture2d id="OUTPUTTEXTURE"/>
      </textures>
      <passes>
        <pass id="thermalCameraPass">
          <passattributes>
            <passattribute name="shaderprogram">
              <value>thermalCameraProgram</value>
            </passattribute>
          </passattributes>
          <passinputs>
            <passinput id="u_Texture" type="sampler">
              <value>INPUTTEXTURE</value>
            </passinput>
            <passinputsemantic id="u_TextureSize" semantic="IMAGE_SIZE" type="vec2"/>
          </passinputs>
          <passoutputs>
            <passoutput id="thermalCameraPassOutput0">
              <value>OUTPUTTEXTURE</value>
            </passoutput>
          </passoutputs>
        </pass>
      </passes>
    </target>
  </targets>
</effectimpl>
