<?xml version="1.0" encoding="UTF-8" standalone="yes"?>
<effectimpl xmlns="http://www.digitalmasterpieces.com/schema/vca-implementation">
  <requirements>
    <directory uri="default/color/common/shader-desktop/1"/>
    <directory uri="default/color/common/texture/1"/>
    <directory uri="default/common/common/shader-desktop/1"/>
  </requirements>
  <targets>
    <target api="OpenGL" apiVersion="3.3">
      <shaderprograms>
        <shaderprogram id="colorLUT2DArrayProgram" type="GLSL" version="330">
          <vertexshader file="default/common/common/shader-desktop/1/GLSL_330/void_position.vert"/>
          <fragmentshader file="default/color/common/shader-desktop/1/GLSL_330/color_lut_2d_array.frag"/>
          <fragmentshader file="default/color/common/shader-desktop/1/GLSL_330/sample_2dtexturearraylayer_as_3dtexture_func.glsl"/>
          <fragmentshader file="default/colorspace/common/shader-desktop/1/GLSL_330/rgb_lab.glsl"/>
          <fragmentshader file="default/colorspace/common/shader-desktop/1/GLSL_330/rgb_xyz.glsl"/>
          <fragmentshader file="default/colorspace/common/shader-desktop/1/GLSL_330/xyz_lab.glsl"/>
          <fragmentshader file="default/colorspace/common/shader-desktop/1/GLSL_330/lab_rgb.glsl"/>
          <fragmentshader file="default/colorspace/common/shader-desktop/1/GLSL_330/lab_xyz.glsl"/>
          <fragmentshader file="default/colorspace/common/shader-desktop/1/GLSL_330/xyz_rgb.glsl"/>
        </shaderprogram>
      </shaderprograms>
      <textures>
        <texture3d id="LUT">
          <target>GL_TEXTURE_2D_ARRAY</target>
          <source>
            <uri>default/color/common/texture/1/lut_2d/LUT_PassThrough.png</uri>
          </source>
          <source>
            <uri>default/color/common/texture/1/lut_2d/LUT_BlackWhite_1.png</uri>
          </source>
          <source>
            <uri>default/color/common/texture/1/lut_2d/LUT_BlackWhite_6.png</uri>
          </source>
          <source>
            <uri>default/color/common/texture/1/lut_2d/LUT_Retro_1.png</uri>
          </source>
          <source>
            <uri>default/color/common/texture/1/lut_2d/LUT_Retro_4.png</uri>
          </source>
        </texture3d>
        <texture2d id="OUTPUTTEXTURE"/>
      </textures>
      <passes>
        <pass id="colorLUT2DArrayPass">
          <passattributes>
            <passattribute name="shaderprogram">
              <value>colorLUT2DArrayProgram</value>
            </passattribute>
          </passattributes>
          <passinputs>
            <passinput id="u_Texture" type="sampler">
              <value>INPUTTEXTURE</value>
            </passinput>
            <passinput id="u_LUT" type="sampler">
              <value>LUT</value>
            </passinput>
            <passinput id="u_LUTLayer" type="int">
              <value>0</value>
            </passinput>
            <passinput id="u_LUTSliceWidth" type="float">
              <value>16.0</value>
            </passinput>
            <passinput id="u_LuminanceMixRatio" type="float">
              <value>0.0</value>
            </passinput>
          </passinputs>
          <passoutputs>
            <passoutput id="colorLUT2DPassOutput0">
              <value>OUTPUTTEXTURE</value>
            </passoutput>
          </passoutputs>
        </pass>
      </passes>
      <parameters>
        <valueparameter id="lutLayer">
          <setpassinput pass="colorLUT2DArrayPass" passinput="u_LUTLayer"/>
        </valueparameter>
        <valueparameter id="luminanceMixRatio">
          <setpassinput pass="colorLUT2DArrayPass" passinput="u_LuminanceMixRatio"/>
        </valueparameter>
      </parameters>
    </target>
  </targets>
</effectimpl>
