<?xml version="1.0" encoding="UTF-8" standalone="yes"?>
<effectimpl xmlns="http://www.digitalmasterpieces.com/schema/vca-implementation">
  <requirements>
    <directory uri="default/color/common/shader-desktop/1"/>
    <directory uri="default/color/common/texture/1"/>
    <directory uri="default/common/common/shader-desktop/1"/>
  </requirements>
  <targets>
    <target api="OpenGL" apiVersion="3.3">
      <!-- http://www.tomshannon3d.com/2014/10/lut-tables-pack-for-unreal-engine-4.html -->
      <shaderprograms>
        <shaderprogram id="colorLUT2DProgram" type="GLSL" version="330">
          <vertexshader file="default/common/common/shader-desktop/1/GLSL_330/void_position.vert"/>
          <fragmentshader file="default/color/common/shader-desktop/1/GLSL_330/color_lut_2d.frag"/>
          <fragmentshader file="default/color/common/shader/1/GLSL_COMMON/sample_2dtexture_as_3dtexture_func.glsl"/>
          <fragmentshader file="default/colorspace/common/shader-desktop/1/GLSL_330/rgb_lab.glsl"/>
          <fragmentshader file="default/colorspace/common/shader-desktop/1/GLSL_330/rgb_xyz.glsl"/>
          <fragmentshader file="default/colorspace/common/shader-desktop/1/GLSL_330/xyz_lab.glsl"/>
          <fragmentshader file="default/colorspace/common/shader-desktop/1/GLSL_330/lab_rgb.glsl"/>
          <fragmentshader file="default/colorspace/common/shader-desktop/1/GLSL_330/lab_xyz.glsl"/>
          <fragmentshader file="default/colorspace/common/shader-desktop/1/GLSL_330/xyz_rgb.glsl"/>
        </shaderprogram>
      </shaderprograms>
      <textures>
        <texture2d id="BleachBypass">
          <source>
            <uri>default/color/common/texture/1/lut_2d/LUT_BleachBypass.png</uri>
          </source>
        </texture2d>
        <texture2d id="CandleLight">
          <source>
            <uri>default/color/common/texture/1/lut_2d/LUT_CandleLight.png</uri>
          </source>
        </texture2d>
        <texture2d id="CoolContrast">
          <source>
            <uri>default/color/common/texture/1/lut_2d/LUT_CoolContrast.png</uri>
          </source>
        </texture2d>
        <texture2d id="DesaturatedFog">
          <source>
            <uri>default/color/common/texture/1/lut_2d/LUT_DesaturatedFog.png</uri>
          </source>
        </texture2d>
        <texture2d id="Evening">
          <source>
            <uri>default/color/common/texture/1/lut_2d/LUT_Evening.png</uri>
          </source>
        </texture2d>
        <texture2d id="Fall">
          <source>
            <uri>default/color/common/texture/1/lut_2d/LUT_Fall.png</uri>
          </source>
        </texture2d>
        <texture2d id="Filmic1">
          <source>
            <uri>default/color/common/texture/1/lut_2d/LUT_Filmic1.png</uri>
          </source>
        </texture2d>
        <texture2d id="Filmic2">
          <source>
            <uri>default/color/common/texture/1/lut_2d/LUT_Filmic2.png</uri>
          </source>
        </texture2d>
        <texture2d id="Filmic3">
          <source>
            <uri>default/color/common/texture/1/lut_2d/LUT_Filmic3.png</uri>
          </source>
        </texture2d>
        <texture2d id="Filmic4">
          <source>
            <uri>default/color/common/texture/1/lut_2d/LUT_Filmic4.png</uri>
          </source>
        </texture2d>
        <texture2d id="Filmic5">
          <source>
            <uri>default/color/common/texture/1/lut_2d/LUT_Filmic5.png</uri>
          </source>
        </texture2d>
        <texture2d id="Filmic6">
          <source>
            <uri>default/color/common/texture/1/lut_2d/LUT_Filmic6.png</uri>
          </source>
        </texture2d>
        <texture2d id="Filmic7">
          <source>
            <uri>default/color/common/texture/1/lut_2d/LUT_Filmic7.png</uri>
          </source>
        </texture2d>
        <texture2d id="Filmic8">
          <source>
            <uri>default/color/common/texture/1/lut_2d/LUT_Filmic8.png</uri>
          </source>
        </texture2d>
        <texture2d id="Filmic9">
          <source>
            <uri>default/color/common/texture/1/lut_2d/LUT_Filmic9.png</uri>
          </source>
        </texture2d>
        <texture2d id="MatrixBlue">
          <source>
            <uri>default/color/common/texture/1/lut_2d/LUT_MatrixBlue.png</uri>
          </source>
        </texture2d>
        <texture2d id="MatrixGreen">
          <source>
            <uri>default/color/common/texture/1/lut_2d/LUT_MatrixGreen.png</uri>
          </source>
        </texture2d>
        <texture2d id="Night1">
          <source>
            <uri>default/color/common/texture/1/lut_2d/LUT_Night1.png</uri>
          </source>
        </texture2d>
        <texture2d id="Night2">
          <source>
            <uri>default/color/common/texture/1/lut_2d/LUT_Night2.png</uri>
          </source>
        </texture2d>
        <texture2d id="NightDark">
          <source>
            <uri>default/color/common/texture/1/lut_2d/LUT_Night_Dark.png</uri>
          </source>
        </texture2d>
        <texture2d id="StrongAmber">
          <source>
            <uri>default/color/common/texture/1/lut_2d/LUT_StrongAmber.png</uri>
          </source>
        </texture2d>
        <texture2d id="Warm">
          <source>
            <uri>default/color/common/texture/1/lut_2d/LUT_Warm.png</uri>
          </source>
        </texture2d>
        <texture2d id="WarmContrast">
          <source>
            <uri>default/color/common/texture/1/lut_2d/LUT_WarmContrast.png</uri>
          </source>
        </texture2d>
        <texture2d id="OUTPUTTEXTURE"/>
      </textures>
      <passes>
        <pass id="colorLUT2DPass">
          <passattributes>
            <passattribute name="shaderprogram">
              <value>colorLUT2DProgram</value>
            </passattribute>
          </passattributes>
          <passinputs>
            <passinput id="u_Texture" type="sampler">
              <value>INPUTTEXTURE</value>
            </passinput>
            <passinput id="u_LUT" type="sampler">
              <value>BleachBypass</value>
            </passinput>
            <passinput id="u_LUTSliceWidth" type="float">
              <value>16.0</value>
            </passinput>
            <passinput id="u_LuminanceMixRatio" type="float">
              <value>0.0</value>
            </passinput>
          </passinputs>
          <passoutputs>
            <passoutput id="colorLUT2DPassOutput0">
              <value>OUTPUTTEXTURE</value>
            </passoutput>
          </passoutputs>
        </pass>
      </passes>
      <parameters>
        <enumparameter id="lut">
          <setpassinput pass="colorLUT2DPass" passinput="u_LUT"/>
        </enumparameter>
        <valueparameter id="luminanceMixRatio">
          <setpassinput pass="colorLUT2DPass" passinput="u_LuminanceMixRatio"/>
        </valueparameter>
      </parameters>
    </target>
  </targets>
</effectimpl>
