<?xml version="1.0" encoding="UTF-8" standalone="yes"?>
<effectimpl xmlns="http://www.digitalmasterpieces.com/schema/vca-implementation">
  <requirements>
    <directory uri="default/color/common/shader-desktop/1"/>
    <directory uri="default/common/common/shader-desktop/1"/>
  </requirements>
  <targets>
    <target api="OpenGL" apiVersion="3.3">
      <shaderprograms>
        <shaderprogram id="colorMatrixProgram" type="GLSL" version="330">
          <vertexshader file="default/common/common/shader-desktop/1/GLSL_330/void_position.vert"/>
          <fragmentshader file="default/color/common/shader-desktop/1/GLSL_330/color_matrix_4x4.frag"/>
        </shaderprogram>
        <shaderprogram id="lodProgram" type="GLSL" version="330">
          <vertexshader file="default/common/common/shader-desktop/1/GLSL_330/void_position.vert"/>
          <fragmentshader file="default/color/common/shader-desktop/1/GLSL_330/color_lod.frag"/>
        </shaderprogram>
      </shaderprograms>
      <textures>
        <texture2d id="colorMatrixPassOutputTexture">
          <minfiltermode>GL_LINEAR_MIPMAP_LINEAR</minfiltermode>
          <generatemipmaps>true</generatemipmaps>
          <lodmin>0.0</lodmin>
          <lodmax>10.0</lodmax>
          <baselevel>0</baselevel>
          <maxlevel>10</maxlevel>
        </texture2d>
        <texture2d id="OUTPUTTEXTURE"/>
      </textures>
      <passes>
        <pass id="colorMatrixPass">
          <passattributes>
            <passattribute name="shaderprogram">
              <value>colorMatrixProgram</value>
            </passattribute>
          </passattributes>
          <passinputs>
            <passinput id="u_ColorMatrix" type="mat4">
              <value>1.0 0.0 0.0 0.0 0.0 1.0 0.0 0.0 0.0 0.0 1.0 0.0 0.0 0.0 0.0 1.0</value>
            </passinput>
            <passinput id="u_Texture" type="sampler">
              <value>INPUTTEXTURE</value>
            </passinput>
          </passinputs>
          <passoutputs>
            <passoutput id="colorMatrixPassOutput0">
              <value>colorMatrixPassOutputTexture</value>
            </passoutput>
          </passoutputs>
        </pass>
        <pass id="lodPass">
          <passattributes>
            <passattribute name="shaderprogram">
              <value>lodProgram</value>
            </passattribute>
          </passattributes>
          <passinputs>
            <passinput id="u_Level" type="float">
              <value>0.0</value>
            </passinput>
            <passinput id="u_Texture" type="sampler">
              <value>colorMatrixPassOutputTexture</value>
            </passinput>
          </passinputs>
          <passoutputs>
            <passoutput id="lodPassOutput0">
              <value>OUTPUTTEXTURE</value>
            </passoutput>
          </passoutputs>
        </pass>
      </passes>
      <parameters>
        <valueparameter id="colorMatrix">
          <setpassinput pass="colorMatrixPass" passinput="u_ColorMatrix"/>
        </valueparameter>
        <valueparameter id="level">
          <setpassinput pass="lodPass" passinput="u_Level"/>
        </valueparameter>
      </parameters>
    </target>
  </targets>
</effectimpl>
