<?xml version="1.0" encoding="UTF-8" standalone="yes"?>
<effectimpl xmlns="http://www.digitalmasterpieces.com/schema/vca-implementation">
  <requirements>
    <directory uri="default/color/common/shader-desktop/1"/>
    <directory uri="default/color/common/texture/1"/>
    <directory uri="default/common/common/shader-desktop/1"/>
  </requirements>
  <targets>
    <target api="OpenGL" apiVersion="3.3">
      <!-- http://http.developer.nvidia.com/GPUGems2/gpugems2_chapter24.html -->
      <shaderprograms>
        <shaderprogram id="colorLUT3DProgram" type="GLSL" version="330">
          <vertexshader file="default/common/common/shader-desktop/1/GLSL_330/void_position.vert"/>
          <fragmentshader file="default/color/common/shader-desktop/1/GLSL_330/color_lut_3d.frag"/>
          <fragmentshader file="default/colorspace/common/shader-desktop/1/GLSL_330/rgb_lab.glsl"/>
          <fragmentshader file="default/colorspace/common/shader-desktop/1/GLSL_330/rgb_xyz.glsl"/>
          <fragmentshader file="default/colorspace/common/shader-desktop/1/GLSL_330/xyz_lab.glsl"/>
          <fragmentshader file="default/colorspace/common/shader-desktop/1/GLSL_330/lab_rgb.glsl"/>
          <fragmentshader file="default/colorspace/common/shader-desktop/1/GLSL_330/lab_xyz.glsl"/>
          <fragmentshader file="default/colorspace/common/shader-desktop/1/GLSL_330/xyz_rgb.glsl"/>
        </shaderprogram>
      </shaderprograms>
      <textures>
        <texture3d id="PassThrough">
          <source atlas="true" columns="16" rows="1">
            <uri>default/color/common/texture/1/lut_2d/LUT_PassThrough.png</uri>
          </source>
        </texture3d>
        <texture3d id="BleachBypass">
          <source atlas="true" columns="16" rows="1">
            <uri>default/color/common/texture/1/lut_2d/LUT_BleachBypass.png</uri>
          </source>
        </texture3d>
        <texture3d id="CandleLight">
          <source atlas="true" columns="16" rows="1">
            <uri>default/color/common/texture/1/lut_2d/LUT_CandleLight.png</uri>
          </source>
        </texture3d>
        <texture3d id="CoolContrast">
          <source atlas="true" columns="16" rows="1">
            <uri>default/color/common/texture/1/lut_2d/LUT_CoolContrast.png</uri>
          </source>
        </texture3d>
        <texture3d id="DesaturatedFog">
          <source atlas="true" columns="16" rows="1">
            <uri>default/color/common/texture/1/lut_2d/LUT_DesaturatedFog.png</uri>
          </source>
        </texture3d>
        <texture3d id="Evening">
          <source atlas="true" columns="16" rows="1">
            <uri>default/color/common/texture/1/lut_2d/LUT_Evening.png</uri>
          </source>
        </texture3d>
        <texture3d id="Fall">
          <source atlas="true" columns="16" rows="1">
            <uri>default/color/common/texture/1/lut_2d/LUT_Fall.png</uri>
          </source>
        </texture3d>
        <texture3d id="Filmic1">
          <source atlas="true" columns="16" rows="1">
            <uri>default/color/common/texture/1/lut_2d/LUT_Filmic1.png</uri>
          </source>
        </texture3d>
        <texture3d id="Filmic2">
          <source atlas="true" columns="16" rows="1">
            <uri>default/color/common/texture/1/lut_2d/LUT_Filmic2.png</uri>
          </source>
        </texture3d>
        <texture3d id="Filmic3">
          <source atlas="true" columns="16" rows="1">
            <uri>default/color/common/texture/1/lut_2d/LUT_Filmic3.png</uri>
          </source>
        </texture3d>
        <texture3d id="Filmic4">
          <source atlas="true" columns="16" rows="1">
            <uri>default/color/common/texture/1/lut_2d/LUT_Filmic4.png</uri>
          </source>
        </texture3d>
        <texture3d id="Filmic5">
          <source atlas="true" columns="16" rows="1">
            <uri>default/color/common/texture/1/lut_2d/LUT_Filmic5.png</uri>
          </source>
        </texture3d>
        <texture3d id="Filmic6">
          <source atlas="true" columns="16" rows="1">
            <uri>default/color/common/texture/1/lut_2d/LUT_Filmic6.png</uri>
          </source>
        </texture3d>
        <texture3d id="Filmic7">
          <source atlas="true" columns="16" rows="1">
            <uri>default/color/common/texture/1/lut_2d/LUT_Filmic7.png</uri>
          </source>
        </texture3d>
        <texture3d id="Filmic8">
          <source atlas="true" columns="16" rows="1">
            <uri>default/color/common/texture/1/lut_2d/LUT_Filmic8.png</uri>
          </source>
        </texture3d>
        <texture3d id="Filmic9">
          <source atlas="true" columns="16" rows="1">
            <uri>default/color/common/texture/1/lut_2d/LUT_Filmic9.png</uri>
          </source>
        </texture3d>
        <texture3d id="MatrixBlue">
          <source atlas="true" columns="16" rows="1">
            <uri>default/color/common/texture/1/lut_2d/LUT_MatrixBlue.png</uri>
          </source>
        </texture3d>
        <texture3d id="MatrixGreen">
          <source atlas="true" columns="16" rows="1">
            <uri>default/color/common/texture/1/lut_2d/LUT_MatrixGreen.png</uri>
          </source>
        </texture3d>
        <texture3d id="Night1">
          <source atlas="true" columns="16" rows="1">
            <uri>default/color/common/texture/1/lut_2d/LUT_Night1.png</uri>
          </source>
        </texture3d>
        <texture3d id="Night2">
          <source atlas="true" columns="16" rows="1">
            <uri>default/color/common/texture/1/lut_2d/LUT_Night2.png</uri>
          </source>
        </texture3d>
        <texture3d id="NightDark">
          <source atlas="true" columns="16" rows="1">
            <uri>default/color/common/texture/1/lut_2d/LUT_Night_Dark.png</uri>
          </source>
        </texture3d>
        <texture3d id="StrongAmber">
          <source atlas="true" columns="16" rows="1">
            <uri>default/color/common/texture/1/lut_2d/LUT_StrongAmber.png</uri>
          </source>
        </texture3d>
        <texture3d id="Warm">
          <source atlas="true" columns="16" rows="1">
            <uri>default/color/common/texture/1/lut_2d/LUT_Warm.png</uri>
          </source>
        </texture3d>
        <texture3d id="WarmContrast">
          <source atlas="true" columns="16" rows="1">
            <uri>default/color/common/texture/1/lut_2d/LUT_WarmContrast.png</uri>
          </source>
        </texture3d>
        <texture3d id="BlackWhite1">
          <source atlas="true" columns="16" rows="1">
            <uri>default/color/common/texture/1/lut_2d/LUT_BlackWhite_1.png</uri>
          </source>
        </texture3d>
        <texture3d id="BlackWhite2">
          <source atlas="true" columns="16" rows="1">
            <uri>default/color/common/texture/1/lut_2d/LUT_BlackWhite_2.png</uri>
          </source>
        </texture3d>
        <texture3d id="BlackWhite3">
          <source atlas="true" columns="16" rows="1">
            <uri>default/color/common/texture/1/lut_2d/LUT_BlackWhite_3.png</uri>
          </source>
        </texture3d>
        <texture3d id="BlackWhite4">
          <source atlas="true" columns="16" rows="1">
            <uri>default/color/common/texture/1/lut_2d/LUT_BlackWhite_4.png</uri>
          </source>
        </texture3d>
        <texture3d id="BlackWhite5">
          <source atlas="true" columns="16" rows="1">
            <uri>default/color/common/texture/1/lut_2d/LUT_BlackWhite_5.png</uri>
          </source>
        </texture3d>
        <texture3d id="BlackWhite6">
          <source atlas="true" columns="16" rows="1">
            <uri>default/color/common/texture/1/lut_2d/LUT_BlackWhite_6.png</uri>
          </source>
        </texture3d>
        <texture3d id="BlackWhite7">
          <source atlas="true" columns="16" rows="1">
            <uri>default/color/common/texture/1/lut_2d/LUT_BlackWhite_7.png</uri>
          </source>
        </texture3d>
        <texture3d id="BlackWhite8">
          <source atlas="true" columns="16" rows="1">
            <uri>default/color/common/texture/1/lut_2d/LUT_BlackWhite_8.png</uri>
          </source>
        </texture3d>
        <texture3d id="BlackWhite9">
          <source atlas="true" columns="16" rows="1">
            <uri>default/color/common/texture/1/lut_2d/LUT_BlackWhite_9.png</uri>
          </source>
        </texture3d>
        <texture3d id="BlackWhite10">
          <source atlas="true" columns="16" rows="1">
            <uri>default/color/common/texture/1/lut_2d/LUT_BlackWhite_10.png</uri>
          </source>
        </texture3d>
        <texture3d id="BlackWhite11">
          <source atlas="true" columns="16" rows="1">
            <uri>default/color/common/texture/1/lut_2d/LUT_BlackWhite_11.png</uri>
          </source>
        </texture3d>
        <texture3d id="BlackWhite12">
          <source atlas="true" columns="16" rows="1">
            <uri>default/color/common/texture/1/lut_2d/LUT_BlackWhite_12.png</uri>
          </source>
        </texture3d>
        <texture3d id="BlackWhite13">
          <source atlas="true" columns="16" rows="1">
            <uri>default/color/common/texture/1/lut_2d/LUT_BlackWhite_13.png</uri>
          </source>
        </texture3d>
        <texture3d id="BlackWhite14">
          <source atlas="true" columns="16" rows="1">
            <uri>default/color/common/texture/1/lut_2d/LUT_BlackWhite_14.png</uri>
          </source>
        </texture3d>
        <texture3d id="BlackWhiteBlueFilter">
          <source atlas="true" columns="16" rows="1">
            <uri>default/color/common/texture/1/lut_2d/LUT_BlackWhite_BlueFilter.png</uri>
          </source>
        </texture3d>
        <texture3d id="BlackWhiteBlueSharpFilter">
          <source atlas="true" columns="16" rows="1">
            <uri>default/color/common/texture/1/lut_2d/LUT_BlackWhite_BlueSharpFilter.png</uri>
          </source>
        </texture3d>
        <texture3d id="BlackWhiteGreenFilter">
          <source atlas="true" columns="16" rows="1">
            <uri>default/color/common/texture/1/lut_2d/LUT_BlackWhite_GreenFilter.png</uri>
          </source>
        </texture3d>
        <texture3d id="BlackWhiteGreenSharpFilter">
          <source atlas="true" columns="16" rows="1">
            <uri>default/color/common/texture/1/lut_2d/LUT_BlackWhite_GreenSharpFilter.png</uri>
          </source>
        </texture3d>
        <texture3d id="BlackWhiteHighlightsFilter">
          <source atlas="true" columns="16" rows="1">
            <uri>default/color/common/texture/1/lut_2d/LUT_BlackWhite_HighlightsFilter.png</uri>
          </source>
        </texture3d>
        <texture3d id="BlackWhiteRedFilter">
          <source atlas="true" columns="16" rows="1">
            <uri>default/color/common/texture/1/lut_2d/LUT_BlackWhite_RedFilter.png</uri>
          </source>
        </texture3d>
        <texture3d id="BlackWhiteRedSharpFilter">
          <source atlas="true" columns="16" rows="1">
            <uri>default/color/common/texture/1/lut_2d/LUT_BlackWhite_RedSharpFilter.png</uri>
          </source>
        </texture3d>
        <texture3d id="Retro1">
          <source atlas="true" columns="16" rows="1">
            <uri>default/color/common/texture/1/lut_2d/LUT_Retro_1.png</uri>
          </source>
        </texture3d>
        <texture3d id="Retro2">
          <source atlas="true" columns="16" rows="1">
            <uri>default/color/common/texture/1/lut_2d/LUT_Retro_2.png</uri>
          </source>
        </texture3d>
        <texture3d id="Retro3">
          <source atlas="true" columns="16" rows="1">
            <uri>default/color/common/texture/1/lut_2d/LUT_Retro_3.png</uri>
          </source>
        </texture3d>
        <texture3d id="Retro4">
          <source atlas="true" columns="16" rows="1">
            <uri>default/color/common/texture/1/lut_2d/LUT_Retro_4.png</uri>
          </source>
        </texture3d>
        <texture3d id="Retro5">
          <source atlas="true" columns="16" rows="1">
            <uri>default/color/common/texture/1/lut_2d/LUT_Retro_5.png</uri>
          </source>
        </texture3d>
        <texture3d id="Retro6">
          <source atlas="true" columns="16" rows="1">
            <uri>default/color/common/texture/1/lut_2d/LUT_Retro_6.png</uri>
          </source>
        </texture3d>
        <texture3d id="Retro7">
          <source atlas="true" columns="16" rows="1">
            <uri>default/color/common/texture/1/lut_2d/LUT_Retro_7.png</uri>
          </source>
        </texture3d>
        <texture3d id="Retro8">
          <source atlas="true" columns="16" rows="1">
            <uri>default/color/common/texture/1/lut_2d/LUT_Retro_8.png</uri>
          </source>
        </texture3d>
        <texture3d id="Retro9">
          <source atlas="true" columns="16" rows="1">
            <uri>default/color/common/texture/1/lut_2d/LUT_Retro_9.png</uri>
          </source>
        </texture3d>
        <texture3d id="Retro10">
          <source atlas="true" columns="16" rows="1">
            <uri>default/color/common/texture/1/lut_2d/LUT_Retro_10.png</uri>
          </source>
        </texture3d>
        <texture3d id="Retro11">
          <source atlas="true" columns="16" rows="1">
            <uri>default/color/common/texture/1/lut_2d/LUT_Retro_11.png</uri>
          </source>
        </texture3d>
        <texture3d id="Retro12">
          <source atlas="true" columns="16" rows="1">
            <uri>default/color/common/texture/1/lut_2d/LUT_Retro_12.png</uri>
          </source>
        </texture3d>
        <texture3d id="Retro13">
          <source atlas="true" columns="16" rows="1">
            <uri>default/color/common/texture/1/lut_2d/LUT_Retro_13.png</uri>
          </source>
        </texture3d>
        <texture3d id="Retro14">
          <source atlas="true" columns="16" rows="1">
            <uri>default/color/common/texture/1/lut_2d/LUT_Retro_14.png</uri>
          </source>
        </texture3d>
        <texture3d id="Retro15">
          <source atlas="true" columns="16" rows="1">
            <uri>default/color/common/texture/1/lut_2d/LUT_Retro_15.png</uri>
          </source>
        </texture3d>
        <texture3d id="Retro16">
          <source atlas="true" columns="16" rows="1">
            <uri>default/color/common/texture/1/lut_2d/LUT_Retro_16.png</uri>
          </source>
        </texture3d>
        <texture3d id="Variation1">
          <source atlas="true" columns="16" rows="1">
            <uri>default/color/common/texture/1/lut_2d/LUT_Variation_1.png</uri>
          </source>
        </texture3d>
        <texture3d id="Variation2">
          <source atlas="true" columns="16" rows="1">
            <uri>default/color/common/texture/1/lut_2d/LUT_Variation_2.png</uri>
          </source>
        </texture3d>
        <texture3d id="Variation3">
          <source atlas="true" columns="16" rows="1">
            <uri>default/color/common/texture/1/lut_2d/LUT_Variation_3.png</uri>
          </source>
        </texture3d>
        <texture3d id="Variation4">
          <source atlas="true" columns="16" rows="1">
            <uri>default/color/common/texture/1/lut_2d/LUT_Variation_4.png</uri>
          </source>
        </texture3d>
        <texture3d id="Variation5">
          <source atlas="true" columns="16" rows="1">
            <uri>default/color/common/texture/1/lut_2d/LUT_Variation_5.png</uri>
          </source>
        </texture3d>
        <texture3d id="Variation6">
          <source atlas="true" columns="16" rows="1">
            <uri>default/color/common/texture/1/lut_2d/LUT_Variation_6.png</uri>
          </source>
        </texture3d>
        <texture3d id="Variation7">
          <source atlas="true" columns="16" rows="1">
            <uri>default/color/common/texture/1/lut_2d/LUT_Variation_7.png</uri>
          </source>
        </texture3d>
        <texture3d id="Variation8">
          <source atlas="true" columns="16" rows="1">
            <uri>default/color/common/texture/1/lut_2d/LUT_Variation_8.png</uri>
          </source>
        </texture3d>
        <texture3d id="Variation9">
          <source atlas="true" columns="16" rows="1">
            <uri>default/color/common/texture/1/lut_2d/LUT_Variation_9.png</uri>
          </source>
        </texture3d>
        <texture3d id="Variation10">
          <source atlas="true" columns="16" rows="1">
            <uri>default/color/common/texture/1/lut_2d/LUT_Variation_10.png</uri>
          </source>
        </texture3d>
        <texture3d id="Variation11">
          <source atlas="true" columns="16" rows="1">
            <uri>default/color/common/texture/1/lut_2d/LUT_Variation_11.png</uri>
          </source>
        </texture3d>
        <texture3d id="Variation12">
          <source atlas="true" columns="16" rows="1">
            <uri>default/color/common/texture/1/lut_2d/LUT_Variation_12.png</uri>
          </source>
        </texture3d>
        <texture3d id="Variation13">
          <source atlas="true" columns="16" rows="1">
            <uri>default/color/common/texture/1/lut_2d/LUT_Variation_13.png</uri>
          </source>
        </texture3d>
        <texture3d id="Variation14">
          <source atlas="true" columns="16" rows="1">
            <uri>default/color/common/texture/1/lut_2d/LUT_Variation_14.png</uri>
          </source>
        </texture3d>
        <texture3d id="Variation14Interior">
          <source atlas="true" columns="16" rows="1">
            <uri>default/color/common/texture/1/lut_2d/LUT_Variation_14_Interior.png</uri>
          </source>
        </texture3d>
        <texture3d id="Variation15">
          <source atlas="true" columns="16" rows="1">
            <uri>default/color/common/texture/1/lut_2d/LUT_Variation_15.png</uri>
          </source>
        </texture3d>
        <texture3d id="Vintage1">
          <source atlas="true" columns="16" rows="1">
            <uri>default/color/common/texture/1/lut_2d/LUT_Vintage_1.png</uri>
          </source>
        </texture3d>
        <texture3d id="Vintage2">
          <source atlas="true" columns="16" rows="1">
            <uri>default/color/common/texture/1/lut_2d/LUT_Vintage_2.png</uri>
          </source>
        </texture3d>
        <texture3d id="Vintage3">
          <source atlas="true" columns="16" rows="1">
            <uri>default/color/common/texture/1/lut_2d/LUT_Vintage_3.png</uri>
          </source>
        </texture3d>
        <texture3d id="Vintage4">
          <source atlas="true" columns="16" rows="1">
            <uri>default/color/common/texture/1/lut_2d/LUT_Vintage_4.png</uri>
          </source>
        </texture3d>
        <texture3d id="Vintage5">
          <source atlas="true" columns="16" rows="1">
            <uri>default/color/common/texture/1/lut_2d/LUT_Vintage_5.png</uri>
          </source>
        </texture3d>
        <texture3d id="Vintage6">
          <source atlas="true" columns="16" rows="1">
            <uri>default/color/common/texture/1/lut_2d/LUT_Vintage_6.png</uri>
          </source>
        </texture3d>
        <texture3d id="Vintage7">
          <source atlas="true" columns="16" rows="1">
            <uri>default/color/common/texture/1/lut_2d/LUT_Vintage_7.png</uri>
          </source>
        </texture3d>
        <texture3d id="HDR1">
          <source atlas="true" columns="16" rows="1">
            <uri>default/color/common/texture/1/lut_2d/LUT_HDR_1.png</uri>
          </source>
        </texture3d>
        <texture3d id="HDR2">
          <source atlas="true" columns="16" rows="1">
            <uri>default/color/common/texture/1/lut_2d/LUT_HDR_2.png</uri>
          </source>
        </texture3d>
        <texture3d id="HDR3">
          <source atlas="true" columns="16" rows="1">
            <uri>default/color/common/texture/1/lut_2d/LUT_HDR_3.png</uri>
          </source>
        </texture3d>
        <texture3d id="HDR4">
          <source atlas="true" columns="16" rows="1">
            <uri>default/color/common/texture/1/lut_2d/LUT_HDR_4.png</uri>
          </source>
        </texture3d>
        <texture3d id="Technicolor1">
          <source atlas="true" columns="16" rows="1">
            <uri>default/color/common/texture/1/lut_2d/LUT_Technicolor_1.png</uri>
          </source>
        </texture3d>
        <texture3d id="Technicolor2">
          <source atlas="true" columns="16" rows="1">
            <uri>default/color/common/texture/1/lut_2d/LUT_Technicolor_2.png</uri>
          </source>
        </texture3d>
        <texture3d id="Technicolor3">
          <source atlas="true" columns="16" rows="1">
            <uri>default/color/common/texture/1/lut_2d/LUT_Technicolor_3.png</uri>
          </source>
        </texture3d>
        <texture3d id="Technicolor4">
          <source atlas="true" columns="16" rows="1">
            <uri>default/color/common/texture/1/lut_2d/LUT_Technicolor_4.png</uri>
          </source>
        </texture3d>
        <texture3d id="Technicolor5">
          <source atlas="true" columns="16" rows="1">
            <uri>default/color/common/texture/1/lut_2d/LUT_Technicolor_5.png</uri>
          </source>
        </texture3d>
        <texture3d id="Glow1">
          <source atlas="true" columns="16" rows="1">
            <uri>default/color/common/texture/1/lut_2d/LUT_Glow_1.png</uri>
          </source>
        </texture3d>
        <texture3d id="Glow2">
          <source atlas="true" columns="16" rows="1">
            <uri>default/color/common/texture/1/lut_2d/LUT_Glow_2.png</uri>
          </source>
        </texture3d>
        <texture3d id="Glow3">
          <source atlas="true" columns="16" rows="1">
            <uri>default/color/common/texture/1/lut_2d/LUT_Glow_3.png</uri>
          </source>
        </texture3d>
        <texture3d id="Lithograph1">
          <source atlas="true" columns="16" rows="1">
            <uri>default/color/common/texture/1/lut_2d/LUT_Lithograph_1.png</uri>
          </source>
        </texture3d>
        <texture3d id="Lithograph2">
          <source atlas="true" columns="16" rows="1">
            <uri>default/color/common/texture/1/lut_2d/LUT_Lithograph_2.png</uri>
          </source>
        </texture3d>
        <texture3d id="Lithograph3">
          <source atlas="true" columns="16" rows="1">
            <uri>default/color/common/texture/1/lut_2d/LUT_Lithograph_3.png</uri>
          </source>
        </texture3d>
        <texture3d id="HighKey1">
          <source atlas="true" columns="16" rows="1">
            <uri>default/color/common/texture/1/lut_2d/LUT_HighKey_1.png</uri>
          </source>
        </texture3d>
        <texture3d id="HighKey2">
          <source atlas="true" columns="16" rows="1">
            <uri>default/color/common/texture/1/lut_2d/LUT_HighKey_2.png</uri>
          </source>
        </texture3d>
        <texture3d id="HighKey3">
          <source atlas="true" columns="16" rows="1">
            <uri>default/color/common/texture/1/lut_2d/LUT_HighKey_3.png</uri>
          </source>
        </texture3d>
        <texture3d id="Negative1">
          <source atlas="true" columns="16" rows="1">
            <uri>default/color/common/texture/1/lut_2d/LUT_Negative_1.png</uri>
          </source>
        </texture3d>
        <texture3d id="Negative2">
          <source atlas="true" columns="16" rows="1">
            <uri>default/color/common/texture/1/lut_2d/LUT_Negative_2.png</uri>
          </source>
        </texture3d>
        <texture3d id="Negative3">
          <source atlas="true" columns="16" rows="1">
            <uri>default/color/common/texture/1/lut_2d/LUT_Negative_3.png</uri>
          </source>
        </texture3d>
        <texture3d id="Sepia1">
          <source atlas="true" columns="16" rows="1">
            <uri>default/color/common/texture/1/lut_2d/LUT_Sepia_1.png</uri>
          </source>
        </texture3d>
        <texture3d id="Sepia2">
          <source atlas="true" columns="16" rows="1">
            <uri>default/color/common/texture/1/lut_2d/LUT_Sepia_2.png</uri>
          </source>
        </texture3d>
        <texture3d id="Sepia3">
          <source atlas="true" columns="16" rows="1">
            <uri>default/color/common/texture/1/lut_2d/LUT_Sepia_3.png</uri>
          </source>
        </texture3d>
        <texture3d id="Sepia4">
          <source atlas="true" columns="16" rows="1">
            <uri>default/color/common/texture/1/lut_2d/LUT_Sepia_4.png</uri>
          </source>
        </texture3d>
        <texture3d id="SepiaSkyFilter1">
          <source atlas="true" columns="16" rows="1">
            <uri>default/color/common/texture/1/lut_2d/LUT_SepiaSkyFilter_1.png</uri>
          </source>
        </texture3d>
        <texture3d id="SepiaSkyFilter2">
          <source atlas="true" columns="16" rows="1">
            <uri>default/color/common/texture/1/lut_2d/LUT_SepiaSkyFilter_2.png</uri>
          </source>
        </texture3d>
        <texture3d id="Desaturate1">
          <source atlas="true" columns="16" rows="1">
            <uri>default/color/common/texture/1/lut_2d/LUT_Desaturate_1.png</uri>
          </source>
        </texture3d>
        <texture3d id="Desaturate2">
          <source atlas="true" columns="16" rows="1">
            <uri>default/color/common/texture/1/lut_2d/LUT_Desaturate_2.png</uri>
          </source>
        </texture3d>
        <texture3d id="RedOnly">
          <source atlas="true" columns="16" rows="1">
            <uri>default/color/common/texture/1/lut_2d/LUT_RedOnly.png</uri>
          </source>
        </texture3d>
        <texture3d id="RedOnlyInterior">
          <source atlas="true" columns="16" rows="1">
            <uri>default/color/common/texture/1/lut_2d/LUT_RedOnly_Interior.png</uri>
          </source>
        </texture3d>
        <texture3d id="RedOnlyFullRange">
          <source atlas="true" columns="16" rows="1">
            <uri>default/color/common/texture/1/lut_2d/LUT_RedOnlyFullRange.png</uri>
          </source>
        </texture3d>
        <texture3d id="GreenOnly">
          <source atlas="true" columns="16" rows="1">
            <uri>default/color/common/texture/1/lut_2d/LUT_GreenOnly.png</uri>
          </source>
        </texture3d>
        <texture3d id="GreenOnlyInterior">
          <source atlas="true" columns="16" rows="1">
            <uri>default/color/common/texture/1/lut_2d/LUT_GreenOnly_Interior.png</uri>
          </source>
        </texture3d>
        <texture3d id="GreenOnlyFullRange">
          <source atlas="true" columns="16" rows="1">
            <uri>default/color/common/texture/1/lut_2d/LUT_GreenOnlyFullRange.png</uri>
          </source>
        </texture3d>
        <texture3d id="BlueOnly">
          <source atlas="true" columns="16" rows="1">
            <uri>default/color/common/texture/1/lut_2d/LUT_BlueOnly.png</uri>
          </source>
        </texture3d>
        <texture3d id="BlueOnlyInterior">
          <source atlas="true" columns="16" rows="1">
            <uri>default/color/common/texture/1/lut_2d/LUT_BlueOnly_Interior.png</uri>
          </source>
        </texture3d>
        <texture3d id="ColorToneDown">
          <source atlas="true" columns="16" rows="1">
            <uri>default/color/common/texture/1/lut_2d/LUT_Color_ToneDown.png</uri>
          </source>
        </texture3d>
        <texture3d id="Polaroid">
          <source atlas="true" columns="16" rows="1">
            <uri>default/color/common/texture/1/lut_2d/LUT_Polaroid.png</uri>
          </source>
        </texture3d>
        <texture3d id="Lomo">
          <source atlas="true" columns="16" rows="1">
            <uri>default/color/common/texture/1/lut_2d/LUT_lomo.png</uri>
          </source>
        </texture3d>
        <texture2d id="OUTPUTTEXTURE"/>
      </textures>
      <passes>
        <pass id="colorLUT3DPass">
          <passattributes>
            <passattribute name="shaderprogram">
              <value>colorLUT3DProgram</value>
            </passattribute>
          </passattributes>
          <passinputs>
            <passinput id="u_Texture" type="sampler">
              <value>INPUTTEXTURE</value>
            </passinput>
            <passinput id="u_LUT" type="sampler">
              <value>LUT</value>
            </passinput>
            <passinput id="u_LuminanceMixRatio" type="float">
              <value>0.0</value>
            </passinput>
          </passinputs>
          <passoutputs>
            <passoutput id="colorLUT3DPassOutput0">
              <value>OUTPUTTEXTURE</value>
            </passoutput>
          </passoutputs>
        </pass>
      </passes>
      <parameters>
        <valueparameter id="lut">
          <setpassinput pass="colorLUT3DPass" passinput="u_LUT"/>
        </valueparameter>
        <valueparameter id="luminanceMixRatio">
          <setpassinput pass="colorLUT3DPass" passinput="u_LuminanceMixRatio"/>
        </valueparameter>
      </parameters>
    </target>
  </targets>
</effectimpl>
