<?xml version="1.0" encoding="UTF-8" standalone="yes"?>
<effectimpl xmlns="http://www.digitalmasterpieces.com/schema/vca-implementation">
  <requirements>
    <directory uri="default/color/common/shader-desktop/1"/>
    <directory uri="default/color/common/texture/1"/>
    <directory uri="default/common/common/shader-desktop/1"/>
  </requirements>
  <targets>
    <target api="OpenGL" apiVersion="3.3">
      <shaderprograms>
        <shaderprogram id="colorLUT2DArrayProgram" type="GLSL" version="330">
          <vertexshader file="default/common/common/shader-desktop/1/GLSL_330/void_position.vert"/>
          <fragmentshader file="default/color/common/shader-desktop/1/GLSL_330/color_lut_2d_array.frag"/>
          <fragmentshader file="default/color/common/shader-desktop/1/GLSL_330/sample_2dtexturearraylayer_as_3dtexture_func.glsl"/>
          <fragmentshader file="default/colorspace/common/shader-desktop/1/GLSL_330/rgb_lab.glsl"/>
          <fragmentshader file="default/colorspace/common/shader-desktop/1/GLSL_330/rgb_xyz.glsl"/>
          <fragmentshader file="default/colorspace/common/shader-desktop/1/GLSL_330/xyz_lab.glsl"/>
          <fragmentshader file="default/colorspace/common/shader-desktop/1/GLSL_330/lab_rgb.glsl"/>
          <fragmentshader file="default/colorspace/common/shader-desktop/1/GLSL_330/lab_xyz.glsl"/>
          <fragmentshader file="default/colorspace/common/shader-desktop/1/GLSL_330/xyz_rgb.glsl"/>
        </shaderprogram>
      </shaderprograms>
      <textures>
        <texture3d id="LUT">
          <target>GL_TEXTURE_2D_ARRAY</target>
          <source>
            <uri>default/color/common/texture/1/lut_2d/LUT_PassThrough.png</uri>
          </source>
          <source>
            <uri>default/color/common/texture/1/lut_2d/LUT_BleachBypass.png</uri>
          </source>
          <source>
            <uri>default/color/common/texture/1/lut_2d/LUT_CandleLight.png</uri>
          </source>
          <source>
            <uri>default/color/common/texture/1/lut_2d/LUT_CoolContrast.png</uri>
          </source>
          <source>
            <uri>default/color/common/texture/1/lut_2d/LUT_DesaturatedFog.png</uri>
          </source>
          <source>
            <uri>default/color/common/texture/1/lut_2d/LUT_Evening.png</uri>
          </source>
          <source>
            <uri>default/color/common/texture/1/lut_2d/LUT_Fall.png</uri>
          </source>
          <source>
            <uri>default/color/common/texture/1/lut_2d/LUT_Filmic1.png</uri>
          </source>
          <source>
            <uri>default/color/common/texture/1/lut_2d/LUT_Filmic2.png</uri>
          </source>
          <source>
            <uri>default/color/common/texture/1/lut_2d/LUT_Filmic3.png</uri>
          </source>
          <source>
            <uri>default/color/common/texture/1/lut_2d/LUT_Filmic4.png</uri>
          </source>
          <source>
            <uri>default/color/common/texture/1/lut_2d/LUT_Filmic5.png</uri>
          </source>
          <source>
            <uri>default/color/common/texture/1/lut_2d/LUT_Filmic6.png</uri>
          </source>
          <source>
            <uri>default/color/common/texture/1/lut_2d/LUT_Filmic7.png</uri>
          </source>
          <source>
            <uri>default/color/common/texture/1/lut_2d/LUT_Filmic8.png</uri>
          </source>
          <source>
            <uri>default/color/common/texture/1/lut_2d/LUT_Filmic9.png</uri>
          </source>
          <source>
            <uri>default/color/common/texture/1/lut_2d/LUT_MatrixBlue.png</uri>
          </source>
          <source>
            <uri>default/color/common/texture/1/lut_2d/LUT_MatrixGreen.png</uri>
          </source>
          <source>
            <uri>default/color/common/texture/1/lut_2d/LUT_Night1.png</uri>
          </source>
          <source>
            <uri>default/color/common/texture/1/lut_2d/LUT_Night2.png</uri>
          </source>
          <source>
            <uri>default/color/common/texture/1/lut_2d/LUT_Night_Dark.png</uri>
          </source>
          <source>
            <uri>default/color/common/texture/1/lut_2d/LUT_StrongAmber.png</uri>
          </source>
          <source>
            <uri>default/color/common/texture/1/lut_2d/LUT_Warm.png</uri>
          </source>
          <source>
            <uri>default/color/common/texture/1/lut_2d/LUT_WarmContrast.png</uri>
          </source>
          <source>
            <uri>default/color/common/texture/1/lut_2d/LUT_BlackWhite_1.png</uri>
          </source>
          <source>
            <uri>default/color/common/texture/1/lut_2d/LUT_BlackWhite_2.png</uri>
          </source>
          <source>
            <uri>default/color/common/texture/1/lut_2d/LUT_BlackWhite_3.png</uri>
          </source>
          <source>
            <uri>default/color/common/texture/1/lut_2d/LUT_BlackWhite_4.png</uri>
          </source>
          <source>
            <uri>default/color/common/texture/1/lut_2d/LUT_BlackWhite_5.png</uri>
          </source>
          <source>
            <uri>default/color/common/texture/1/lut_2d/LUT_BlackWhite_6.png</uri>
          </source>
          <source>
            <uri>default/color/common/texture/1/lut_2d/LUT_BlackWhite_7.png</uri>
          </source>
          <source>
            <uri>default/color/common/texture/1/lut_2d/LUT_BlackWhite_8.png</uri>
          </source>
          <source>
            <uri>default/color/common/texture/1/lut_2d/LUT_BlackWhite_9.png</uri>
          </source>
          <source>
            <uri>default/color/common/texture/1/lut_2d/LUT_BlackWhite_10.png</uri>
          </source>
          <source>
            <uri>default/color/common/texture/1/lut_2d/LUT_BlackWhite_11.png</uri>
          </source>
          <source>
            <uri>default/color/common/texture/1/lut_2d/LUT_BlackWhite_12.png</uri>
          </source>
          <source>
            <uri>default/color/common/texture/1/lut_2d/LUT_BlackWhite_13.png</uri>
          </source>
          <source>
            <uri>default/color/common/texture/1/lut_2d/LUT_BlackWhite_14.png</uri>
          </source>
          <source>
            <uri>default/color/common/texture/1/lut_2d/LUT_BlackWhite_BlueFilter.png</uri>
          </source>
          <source>
            <uri>default/color/common/texture/1/lut_2d/LUT_BlackWhite_BlueSharpFilter.png</uri>
          </source>
          <source>
            <uri>default/color/common/texture/1/lut_2d/LUT_BlackWhite_GreenFilter.png</uri>
          </source>
          <source>
            <uri>default/color/common/texture/1/lut_2d/LUT_BlackWhite_GreenSharpFilter.png</uri>
          </source>
          <source>
            <uri>default/color/common/texture/1/lut_2d/LUT_BlackWhite_HighlightsFilter.png</uri>
          </source>
          <source>
            <uri>default/color/common/texture/1/lut_2d/LUT_BlackWhite_RedFilter.png</uri>
          </source>
          <source>
            <uri>default/color/common/texture/1/lut_2d/LUT_BlackWhite_RedSharpFilter.png</uri>
          </source>
          <source>
            <uri>default/color/common/texture/1/lut_2d/LUT_Retro_1.png</uri>
          </source>
          <source>
            <uri>default/color/common/texture/1/lut_2d/LUT_Retro_2.png</uri>
          </source>
          <source>
            <uri>default/color/common/texture/1/lut_2d/LUT_Retro_3.png</uri>
          </source>
          <source>
            <uri>default/color/common/texture/1/lut_2d/LUT_Retro_4.png</uri>
          </source>
          <source>
            <uri>default/color/common/texture/1/lut_2d/LUT_Retro_5.png</uri>
          </source>
          <source>
            <uri>default/color/common/texture/1/lut_2d/LUT_Retro_6.png</uri>
          </source>
          <source>
            <uri>default/color/common/texture/1/lut_2d/LUT_Retro_7.png</uri>
          </source>
          <source>
            <uri>default/color/common/texture/1/lut_2d/LUT_Retro_8.png</uri>
          </source>
          <source>
            <uri>default/color/common/texture/1/lut_2d/LUT_Retro_9.png</uri>
          </source>
          <source>
            <uri>default/color/common/texture/1/lut_2d/LUT_Retro_10.png</uri>
          </source>
          <source>
            <uri>default/color/common/texture/1/lut_2d/LUT_Retro_11.png</uri>
          </source>
          <source>
            <uri>default/color/common/texture/1/lut_2d/LUT_Retro_12.png</uri>
          </source>
          <source>
            <uri>default/color/common/texture/1/lut_2d/LUT_Retro_13.png</uri>
          </source>
          <source>
            <uri>default/color/common/texture/1/lut_2d/LUT_Retro_14.png</uri>
          </source>
          <source>
            <uri>default/color/common/texture/1/lut_2d/LUT_Retro_15.png</uri>
          </source>
          <source>
            <uri>default/color/common/texture/1/lut_2d/LUT_Retro_16.png</uri>
          </source>
          <source>
            <uri>default/color/common/texture/1/lut_2d/LUT_Variation_1.png</uri>
          </source>
          <source>
            <uri>default/color/common/texture/1/lut_2d/LUT_Variation_2.png</uri>
          </source>
          <source>
            <uri>default/color/common/texture/1/lut_2d/LUT_Variation_3.png</uri>
          </source>
          <source>
            <uri>default/color/common/texture/1/lut_2d/LUT_Variation_4.png</uri>
          </source>
          <source>
            <uri>default/color/common/texture/1/lut_2d/LUT_Variation_5.png</uri>
          </source>
          <source>
            <uri>default/color/common/texture/1/lut_2d/LUT_Variation_6.png</uri>
          </source>
          <source>
            <uri>default/color/common/texture/1/lut_2d/LUT_Variation_7.png</uri>
          </source>
          <source>
            <uri>default/color/common/texture/1/lut_2d/LUT_Variation_8.png</uri>
          </source>
          <source>
            <uri>default/color/common/texture/1/lut_2d/LUT_Variation_9.png</uri>
          </source>
          <source>
            <uri>default/color/common/texture/1/lut_2d/LUT_Variation_10.png</uri>
          </source>
          <source>
            <uri>default/color/common/texture/1/lut_2d/LUT_Variation_11.png</uri>
          </source>
          <source>
            <uri>default/color/common/texture/1/lut_2d/LUT_Variation_12.png</uri>
          </source>
          <source>
            <uri>default/color/common/texture/1/lut_2d/LUT_Variation_13.png</uri>
          </source>
          <source>
            <uri>default/color/common/texture/1/lut_2d/LUT_Variation_14.png</uri>
          </source>
          <source>
            <uri>default/color/common/texture/1/lut_2d/LUT_Variation_14_Interior.png</uri>
          </source>
          <source>
            <uri>default/color/common/texture/1/lut_2d/LUT_Variation_15.png</uri>
          </source>
          <source>
            <uri>default/color/common/texture/1/lut_2d/LUT_Vintage_1.png</uri>
          </source>
          <source>
            <uri>default/color/common/texture/1/lut_2d/LUT_Vintage_2.png</uri>
          </source>
          <source>
            <uri>default/color/common/texture/1/lut_2d/LUT_Vintage_3.png</uri>
          </source>
          <source>
            <uri>default/color/common/texture/1/lut_2d/LUT_Vintage_4.png</uri>
          </source>
          <source>
            <uri>default/color/common/texture/1/lut_2d/LUT_Vintage_5.png</uri>
          </source>
          <source>
            <uri>default/color/common/texture/1/lut_2d/LUT_Vintage_6.png</uri>
          </source>
          <source>
            <uri>default/color/common/texture/1/lut_2d/LUT_Vintage_7.png</uri>
          </source>
          <source>
            <uri>default/color/common/texture/1/lut_2d/LUT_HDR_1.png</uri>
          </source>
          <source>
            <uri>default/color/common/texture/1/lut_2d/LUT_HDR_2.png</uri>
          </source>
          <source>
            <uri>default/color/common/texture/1/lut_2d/LUT_HDR_3.png</uri>
          </source>
          <source>
            <uri>default/color/common/texture/1/lut_2d/LUT_HDR_4.png</uri>
          </source>
          <source>
            <uri>default/color/common/texture/1/lut_2d/LUT_Technicolor_1.png</uri>
          </source>
          <source>
            <uri>default/color/common/texture/1/lut_2d/LUT_Technicolor_2.png</uri>
          </source>
          <source>
            <uri>default/color/common/texture/1/lut_2d/LUT_Technicolor_3.png</uri>
          </source>
          <source>
            <uri>default/color/common/texture/1/lut_2d/LUT_Technicolor_4.png</uri>
          </source>
          <source>
            <uri>default/color/common/texture/1/lut_2d/LUT_Technicolor_5.png</uri>
          </source>
          <source>
            <uri>default/color/common/texture/1/lut_2d/LUT_Glow_1.png</uri>
          </source>
          <source>
            <uri>default/color/common/texture/1/lut_2d/LUT_Glow_2.png</uri>
          </source>
          <source>
            <uri>default/color/common/texture/1/lut_2d/LUT_Glow_3.png</uri>
          </source>
          <source>
            <uri>default/color/common/texture/1/lut_2d/LUT_Lithograph_1.png</uri>
          </source>
          <source>
            <uri>default/color/common/texture/1/lut_2d/LUT_Lithograph_2.png</uri>
          </source>
          <source>
            <uri>default/color/common/texture/1/lut_2d/LUT_Lithograph_3.png</uri>
          </source>
          <source>
            <uri>default/color/common/texture/1/lut_2d/LUT_HighKey_1.png</uri>
          </source>
          <source>
            <uri>default/color/common/texture/1/lut_2d/LUT_HighKey_2.png</uri>
          </source>
          <source>
            <uri>default/color/common/texture/1/lut_2d/LUT_HighKey_3.png</uri>
          </source>
          <source>
            <uri>default/color/common/texture/1/lut_2d/LUT_Negative_1.png</uri>
          </source>
          <source>
            <uri>default/color/common/texture/1/lut_2d/LUT_Negative_2.png</uri>
          </source>
          <source>
            <uri>default/color/common/texture/1/lut_2d/LUT_Negative_3.png</uri>
          </source>
          <source>
            <uri>default/color/common/texture/1/lut_2d/LUT_Sepia_1.png</uri>
          </source>
          <source>
            <uri>default/color/common/texture/1/lut_2d/LUT_Sepia_2.png</uri>
          </source>
          <source>
            <uri>default/color/common/texture/1/lut_2d/LUT_Sepia_3.png</uri>
          </source>
          <source>
            <uri>default/color/common/texture/1/lut_2d/LUT_Sepia_4.png</uri>
          </source>
          <source>
            <uri>default/color/common/texture/1/lut_2d/LUT_SepiaSkyFilter_1.png</uri>
          </source>
          <source>
            <uri>default/color/common/texture/1/lut_2d/LUT_SepiaSkyFilter_2.png</uri>
          </source>
          <source>
            <uri>default/color/common/texture/1/lut_2d/LUT_Desaturate_1.png</uri>
          </source>
          <source>
            <uri>default/color/common/texture/1/lut_2d/LUT_Desaturate_2.png</uri>
          </source>
          <source>
            <uri>default/color/common/texture/1/lut_2d/LUT_RedOnly.png</uri>
          </source>
          <source>
            <uri>default/color/common/texture/1/lut_2d/LUT_RedOnly_Interior.png</uri>
          </source>
          <source>
            <uri>default/color/common/texture/1/lut_2d/LUT_RedOnlyFullRange.png</uri>
          </source>
          <source>
            <uri>default/color/common/texture/1/lut_2d/LUT_GreenOnly.png</uri>
          </source>
          <source>
            <uri>default/color/common/texture/1/lut_2d/LUT_GreenOnly_Interior.png</uri>
          </source>
          <source>
            <uri>default/color/common/texture/1/lut_2d/LUT_GreenOnlyFullRange.png</uri>
          </source>
          <source>
            <uri>default/color/common/texture/1/lut_2d/LUT_BlueOnly.png</uri>
          </source>
          <source>
            <uri>default/color/common/texture/1/lut_2d/LUT_BlueOnly_Interior.png</uri>
          </source>
          <source>
            <uri>default/color/common/texture/1/lut_2d/LUT_Color_ToneDown.png</uri>
          </source>
          <source>
            <uri>default/color/common/texture/1/lut_2d/LUT_Polaroid.png</uri>
          </source>
          <source>
            <uri>default/color/common/texture/1/lut_2d/LUT_lomo.png</uri>
          </source>
        </texture3d>
        <texture2d id="OUTPUTTEXTURE"/>
      </textures>
      <passes>
        <pass id="colorLUT2DArrayPass">
          <passattributes>
            <passattribute name="shaderprogram">
              <value>colorLUT2DArrayProgram</value>
            </passattribute>
          </passattributes>
          <passinputs>
            <passinput id="u_Texture" type="sampler">
              <value>INPUTTEXTURE</value>
            </passinput>
            <passinput id="u_LUT" type="sampler">
              <value>LUT</value>
            </passinput>
            <passinput id="u_LUTLayer" type="int">
              <value>0</value>
            </passinput>
            <passinput id="u_LUTSliceWidth" type="float">
              <value>16.0</value>
            </passinput>
            <passinput id="u_LuminanceMixRatio" type="float">
              <value>0.0</value>
            </passinput>
          </passinputs>
          <passoutputs>
            <passoutput id="colorLUT2DPassOutput0">
              <value>OUTPUTTEXTURE</value>
            </passoutput>
          </passoutputs>
        </pass>
      </passes>
      <parameters>
        <valueparameter id="lutLayer">
          <setpassinput pass="colorLUT2DArrayPass" passinput="u_LUTLayer"/>
        </valueparameter>
        <valueparameter id="luminanceMixRatio">
          <setpassinput pass="colorLUT2DArrayPass" passinput="u_LuminanceMixRatio"/>
        </valueparameter>
      </parameters>
    </target>
  </targets>
</effectimpl>
