<?xml version="1.0" encoding="UTF-8" standalone="yes"?>
<effectimpl xmlns="http://www.digitalmasterpieces.com/schema/vca-implementation">
  <requirements>
    <directory uri="default/color/common/shader-desktop/1"/>
    <directory uri="default/common/common/shader-desktop/1"/>
  </requirements>
  <targets>
    <target api="OpenGL" apiVersion="3.3">
      <shaderprograms>
        <shaderprogram id="denoiseProgram" type="GLSL" version="330">
          <vertexshader file="default/common/common/shader-desktop/1/GLSL_330/void_position.vert"/>
          <fragmentshader file="default/color/common/shader-desktop/1/GLSL_330/denoise_main.frag"/>
        </shaderprogram>
      </shaderprograms>
      <textures>
        <texture2d id="OUTPUTTEXTURE"/>
      </textures>
      <passes>
        <pass id="denoisePass">
          <passattributes>
            <passattribute name="shaderprogram">
              <value>denoiseProgram</value>
            </passattribute>
            <passattribute name="iterations">
              <value>2</value>
            </passattribute>
          </passattributes>
          <passinputs>
            <passinput id="u_Texture" type="sampler">
              <value>INPUTTEXTURE</value>
            </passinput>
            <passinputsemantic id="u_TextureSize" semantic="IMAGE_SIZE" type="vec2"/>
            <passinput id="u_Exponent" type="float">
              <value>15.0</value>
            </passinput>
          </passinputs>
          <passoutputs>
            <passoutput id="denoisePassOutput0">
              <value>OUTPUTTEXTURE</value>
            </passoutput>
          </passoutputs>
        </pass>
      </passes>
      <parameters>
        <valueparameter id="exponent">
          <setpassinput pass="denoisePass" passinput="u_Exponent"/>
        </valueparameter>
      </parameters>
    </target>
  </targets>
</effectimpl>
