<?xml version="1.0" encoding="UTF-8" standalone="yes"?>
<effectimpl xmlns="http://www.digitalmasterpieces.com/schema/vca-implementation">
  <requirements>
    <directory uri="default/color/common/shader-desktop/1"/>
    <directory uri="default/common/common/shader-desktop/1"/>
  </requirements>
  <targets>
    <target api="OpenGL" apiVersion="3.3">
      <shaderprograms>
        <shaderprogram id="denoiseSeparatedProgram" type="GLSL" version="330">
          <vertexshader file="default/common/common/shader-desktop/1/GLSL_330/void_position.vert"/>
          <fragmentshader file="default/color/common/shader-desktop/1/GLSL_330/denoise_separated_main.frag"/>
          <fragmentshader file="default/color/common/shader-desktop/1/GLSL_330/denoise_separated_func.glsl"/>
        </shaderprogram>
      </shaderprograms>
      <textures>
        <texture2d id="intermediate"/>
        <texture2d id="OUTPUTTEXTURE"/>
      </textures>
      <passes>
        <pass id="denoisePass0">
          <passattributes>
            <passattribute name="shaderprogram">
              <value>denoiseSeparatedProgram</value>
            </passattribute>
            <passattribute name="iterations">
              <value>2</value>
            </passattribute>
          </passattributes>
          <passinputs>
            <passinput id="u_Texture" type="sampler">
              <value>INPUTTEXTURE</value>
            </passinput>
            <passinputsemantic id="u_TextureSize" semantic="IMAGE_SIZE" type="vec2"/>
            <passinput cached="false" id="u_Direction" type="vec2">
              <value>1.0 0.0</value>
            </passinput>
            <passinput id="u_Exponent" type="float">
              <value>15.0</value>
            </passinput>
            <passinput id="u_KernelSize" type="int">
              <value>4</value>
            </passinput>
          </passinputs>
          <passoutputs>
            <passoutput id="denoisePass0Output0">
              <value>intermediate</value>
            </passoutput>
          </passoutputs>
        </pass>
        <pass id="denoisePass1">
          <passattributes>
            <passattribute name="shaderprogram">
              <value>denoiseSeparatedProgram</value>
            </passattribute>
            <passattribute name="iterations">
              <value>2</value>
            </passattribute>
          </passattributes>
          <passinputs>
            <passinput id="u_Texture" type="sampler">
              <value>intermediate</value>
            </passinput>
            <passinputsemantic id="u_TextureSize" semantic="IMAGE_SIZE" type="vec2"/>
            <passinput cached="false" id="u_Direction" type="vec2">
              <value>0.0 1.0</value>
            </passinput>
            <passinput id="u_Exponent" type="float">
              <value>15.0</value>
            </passinput>
          </passinputs>
          <passoutputs>
            <passoutput id="denoisePass1Output0">
              <value>OUTPUTTEXTURE</value>
            </passoutput>
          </passoutputs>
        </pass>
      </passes>
      <parameters>
        <valueparameter id="exponent">
          <!-- usually around 10-20-->
          <setpassinput pass="denoisePass0" passinput="u_Exponent"/>
          <setpassinput pass="denoisePass1" passinput="u_Exponent"/>
        </valueparameter>
      </parameters>
    </target>
  </targets>
</effectimpl>
