<?xml version="1.0" encoding="UTF-8" standalone="yes"?>
<effectimpl xmlns="http://www.digitalmasterpieces.com/schema/vca-implementation">
  <requirements>
    <directory uri="default/color/common/shader-desktop/1"/>
    <directory uri="default/common/common/shader-desktop/1"/>
  </requirements>
  <targets>
    <target api="OpenGL" apiVersion="3.3">
      <shaderprograms>
        <shaderprogram id="tintProgram" type="GLSL" version="330">
          <vertexshader file="default/common/common/shader-desktop/1/GLSL_330/void_position.vert"/>
          <fragmentshader file="default/color/common/shader-desktop/1/GLSL_330/tint.frag"/>
        </shaderprogram>
      </shaderprograms>
      <textures>
        <texture2d id="OUTPUTTEXTURE"/>
      </textures>
      <passes>
        <pass id="tintPass">
          <passattributes>
            <passattribute name="shaderprogram">
              <value>tintProgram</value>
            </passattribute>
          </passattributes>
          <passinputs>
            <passinput id="u_TintColor" type="vec4">
              <value>#AAFF9911</value>
            </passinput>
            <passinput id="u_DesaturateAmount" type="float">
              <value>1.0</value>
            </passinput>
            <passinput id="u_DesaturateMode" type="int">
              <value>1</value>
            </passinput>
            <passinput id="u_Texture" type="sampler">
              <value>INPUTTEXTURE</value>
            </passinput>
          </passinputs>
          <passoutputs>
            <passoutput id="tintPassOutput0">
              <value>OUTPUTTEXTURE</value>
            </passoutput>
          </passoutputs>
        </pass>
      </passes>
      <parameters>
        <valueparameter id="tintColor">
          <setpassinput pass="tintPass" passinput="u_TintColor"/>
        </valueparameter>
        <valueparameter id="desaturationAmount">
          <setpassinput pass="tintPass" passinput="u_DesaturateAmount"/>
        </valueparameter>
        <valueparameter id="desaturateMode">
          <setpassinput pass="tintPass" passinput="u_DesaturateMode"/>
        </valueparameter>
      </parameters>
    </target>
  </targets>
</effectimpl>
