<?xml version="1.0" encoding="UTF-8" standalone="yes"?>
<effectdef
  implset="default/color/implementationset/color2gray_simple/1/color2gray_simple.implset.xml"
  presets="default/color/common/presets/1/color2gray_simple.presets.xml"
  ui="default/color/common/ui/1/color2gray_simple.ui.xml" version="1" xmlns="http://www.digitalmasterpieces.com/schema/vca-definition">
  <requirements>
    <directory uri="default/common/common/icon/1"/>
  </requirements>
  <effectio>
    <effectinputs>
      <effectinput type="image">INPUTTEXTURE</effectinput>
    </effectinputs>
    <effectoutputs>
      <effectoutput type="image">OUTPUTTEXTURE</effectoutput>
    </effectoutputs>
  </effectio>
  <parameters>
    <valueparameter id="mode" type="int">
      <default>0</default>
      <minrange>0</minrange>
      <maxrange>8</maxrange>
      <step>1</step>
    </valueparameter>
  </parameters>
</effectdef>
