<?xml version="1.0" encoding="UTF-8" standalone="yes"?>
<presettargets name="Bleach Presets" version="1" xmlns="http://www.digitalmasterpieces.com/schema/vca-presets">
  <target deviceBrand="*" deviceModel="*">
    <presets type="image">
      <preset id="Off">
        <effect ref="Bleach">
          <parameter ref="strength">0.0</parameter>
        </effect>
      </preset>
      <preset id="Weak">
        <effect ref="Bleach">
          <parameter ref="strength">0.2</parameter>
        </effect>
      </preset>
      <preset id="Strong">
        <effect ref="Bleach">
          <parameter ref="strength">0.5</parameter>
        </effect>
      </preset>
      <preset id="Maximum">
        <effect ref="Bleach">
          <parameter ref="strength">0.8</parameter>
        </effect>
      </preset>
    </presets>
  </target>
</presettargets>
