<?xml version="1.0" encoding="UTF-8" standalone="yes"?>
<presettargets name="Bleach Darken Presets" version="1" xmlns="http://www.digitalmasterpieces.com/schema/vca-presets">
  <target deviceBrand="*" deviceModel="*">
    <presets type="image">
      <preset id="Minimal">
        <effect ref="Bleach Darken">
          <parameter ref="strength">0.2</parameter>
        </effect>
      </preset>
      <preset id="Weak">
        <effect ref="Bleach Darken">
          <parameter ref="strength">0.5</parameter>
        </effect>
      </preset>
      <preset id="Medium">
        <effect ref="Bleach Darken">
          <parameter ref="strength">1.0</parameter>
        </effect>
      </preset>
      <preset id="Strong">
        <effect ref="Bleach Darken">
          <parameter ref="strength">2.0</parameter>
        </effect>
      </preset>
      <preset id="Maximum">
        <effect ref="Bleach Darken">
          <parameter ref="strength">3.0</parameter>
        </effect>
      </preset>
    </presets>
  </target>
</presettargets>
