<?xml version="1.0" encoding="UTF-8" standalone="yes"?>
<presettargets name="Color LUT Presets" version="1" xmlns="http://www.digitalmasterpieces.com/schema/vca-presets">
  <target deviceBrand="*" deviceModel="*">
    <presets type="image">
      <preset id="Only Bottom">
        <effect ref="Blend Modes">
          <parameter ref="mode">0</parameter>
        </effect>
      </preset>
      <preset id="Only Top">
        <effect ref="Blend Modes">
          <parameter ref="mode">1</parameter>
        </effect>
      </preset>
      <preset id="Multiply">
        <effect ref="Blend Modes">
          <parameter ref="mode">2</parameter>
        </effect>
      </preset>
      <preset id="Screen">
        <effect ref="Blend Modes">
          <parameter ref="mode">3</parameter>
        </effect>
      </preset>
      <preset id="Overlay">
        <effect ref="Blend Modes">
          <parameter ref="mode">4</parameter>
        </effect>
      </preset>
      <preset id="Hard Light">
        <effect ref="Blend Modes">
          <parameter ref="mode">5</parameter>
        </effect>
      </preset>
      <preset id="Soft Light">
        <effect ref="Blend Modes">
          <parameter ref="mode">6</parameter>
        </effect>
      </preset>
      <preset id="Darken Only">
        <effect ref="Blend Modes">
          <parameter ref="mode">7</parameter>
        </effect>
      </preset>
      <preset id="Lighten Only">
        <effect ref="Blend Modes">
          <parameter ref="mode">8</parameter>
        </effect>
      </preset>
      <preset id="Addition">
        <effect ref="Blend Modes">
          <parameter ref="mode">9</parameter>
        </effect>
      </preset>
      <preset id="Substract">
        <effect ref="Blend Modes">
          <parameter ref="mode">10</parameter>
        </effect>
      </preset>
      <preset id="Average">
        <effect ref="Blend Modes">
          <parameter ref="mode">11</parameter>
        </effect>
      </preset>
      <preset id="Linear Burn">
        <effect ref="Blend Modes">
          <parameter ref="mode">12</parameter>
        </effect>
      </preset>
      <preset id="Linear Light">
        <effect ref="Blend Modes">
          <parameter ref="mode">13</parameter>
        </effect>
      </preset>
    </presets>
  </target>
</presettargets>
