<?xml version="1.0" encoding="UTF-8" standalone="yes"?>
<presettargets name="Chroma Zoom Presets" version="1" xmlns="http://www.digitalmasterpieces.com/schema/vca-presets">
  <target deviceBrand="*" deviceModel="*">
    <presets type="image">
      <preset id="Decent">
        <effect ref="Chroma Zoom">
          <parameter ref="masterZoom">1.0</parameter>
          <parameter ref="redZoom">1.01</parameter>
          <parameter ref="greenZoom">1.02</parameter>
          <parameter ref="blueZoom">1.03</parameter>
        </effect>
      </preset>
      <preset id="Salient">
        <effect ref="Chroma Zoom">
          <parameter ref="masterZoom">1.0</parameter>
          <parameter ref="redZoom">1.08</parameter>
          <parameter ref="greenZoom">1.09</parameter>
          <parameter ref="blueZoom">1.12</parameter>
        </effect>
      </preset>
      <preset id="Off">
        <effect ref="Chroma Zoom">
          <parameter ref="masterZoom">1.0</parameter>
          <parameter ref="redZoom">1.0</parameter>
          <parameter ref="greenZoom">1.0</parameter>
          <parameter ref="blueZoom">1.0</parameter>
        </effect>
      </preset>
    </presets>
  </target>
</presettargets>
