<?xml version="1.0" encoding="UTF-8" standalone="yes"?>
<presettargets name="Chromatic Aberration Presets" version="1" xmlns="http://www.digitalmasterpieces.com/schema/vca-presets">
  <target deviceBrand="*" deviceModel="*">
    <presets type="image">
      <preset id="Small">
        <effect ref="Chromatic Aberration">
          <parameter ref="distortion">0.1</parameter>
          <parameter ref="quality">6</parameter>
        </effect>
      </preset>
      <preset id="Medium">
        <effect ref="Chromatic Aberration">
          <parameter ref="distortion">0.35</parameter>
          <parameter ref="quality">10</parameter>
        </effect>
      </preset>
      <preset id="Extreme">
        <effect ref="Chromatic Aberration">
          <parameter ref="distortion">0.7</parameter>
          <parameter ref="quality">17</parameter>
        </effect>
      </preset>
      <preset id="Off">
        <effect ref="Chromatic Aberration">
          <parameter ref="distortion">0.0</parameter>
          <parameter ref="quality">3</parameter>
        </effect>
      </preset>
    </presets>
  </target>
</presettargets>
