<?xml version="1.0" encoding="UTF-8" standalone="yes"?>
<presettargets name="Color LUT Presets" version="1" xmlns="http://www.digitalmasterpieces.com/schema/vca-presets">
  <target deviceBrand="*" deviceModel="*">
    <presets type="image">
      <preset id="Normal">
        <effect ref="Color LUT">
          <parameter ref="lut">PassThrough</parameter>
          <parameter ref="luminanceMixRatio">0.0</parameter>
        </effect>
      </preset>
      <preset id="Bleach Bypass">
        <effect ref="Color LUT">
          <parameter ref="lut">BleachBypass</parameter>
          <parameter ref="luminanceMixRatio">0.0</parameter>
        </effect>
      </preset>
      <preset id="Candle Light">
        <effect ref="Color LUT">
          <parameter ref="lut">CandleLight</parameter>
          <parameter ref="luminanceMixRatio">0.0</parameter>
        </effect>
      </preset>
      <preset id="Cool Contrast">
        <effect ref="Color LUT">
          <parameter ref="lut">CoolContrast</parameter>
          <parameter ref="luminanceMixRatio">0.0</parameter>
        </effect>
      </preset>
      <preset id="Desaturated Fog">
        <effect ref="Color LUT">
          <parameter ref="lut">DesaturatedFog</parameter>
          <parameter ref="luminanceMixRatio">0.0</parameter>
        </effect>
      </preset>
      <preset id="Evening">
        <effect ref="Color LUT">
          <parameter ref="lut">Evening</parameter>
          <parameter ref="luminanceMixRatio">0.0</parameter>
        </effect>
      </preset>
      <preset id="Fall">
        <effect ref="Color LUT">
          <parameter ref="lut">Fall</parameter>
          <parameter ref="luminanceMixRatio">0.0</parameter>
        </effect>
      </preset>
      <preset id="Filmic 1">
        <effect ref="Color LUT">
          <parameter ref="lut">Filmic1</parameter>
          <parameter ref="luminanceMixRatio">0.0</parameter>
        </effect>
      </preset>
      <preset id="Filmic 2">
        <effect ref="Color LUT">
          <parameter ref="lut">Filmic2</parameter>
          <parameter ref="luminanceMixRatio">0.0</parameter>
        </effect>
      </preset>
      <preset id="Filmic 3">
        <effect ref="Color LUT">
          <parameter ref="lut">Filmic3</parameter>
          <parameter ref="luminanceMixRatio">0.0</parameter>
        </effect>
      </preset>
      <preset id="Filmic 4">
        <effect ref="Color LUT">
          <parameter ref="lut">Filmic4</parameter>
          <parameter ref="luminanceMixRatio">0.0</parameter>
        </effect>
      </preset>
      <preset id="Filmic 5">
        <effect ref="Color LUT">
          <parameter ref="lut">Filmic5</parameter>
          <parameter ref="luminanceMixRatio">0.0</parameter>
        </effect>
      </preset>
      <preset id="Filmic 6">
        <effect ref="Color LUT">
          <parameter ref="lut">Filmic6</parameter>
          <parameter ref="luminanceMixRatio">0.0</parameter>
        </effect>
      </preset>
      <preset id="Filmic 7">
        <effect ref="Color LUT">
          <parameter ref="lut">Filmic7</parameter>
          <parameter ref="luminanceMixRatio">0.0</parameter>
        </effect>
      </preset>
      <preset id="Filmic 8">
        <effect ref="Color LUT">
          <parameter ref="lut">Filmic8</parameter>
          <parameter ref="luminanceMixRatio">0.0</parameter>
        </effect>
      </preset>
      <preset id="Filmic 9">
        <effect ref="Color LUT">
          <parameter ref="lut">Filmic9</parameter>
          <parameter ref="luminanceMixRatio">0.0</parameter>
        </effect>
      </preset>
      <preset id="Matrix Blue">
        <effect ref="Color LUT">
          <parameter ref="lut">MatrixBlue</parameter>
          <parameter ref="luminanceMixRatio">0.0</parameter>
        </effect>
      </preset>
      <preset id="Matrix Green">
        <effect ref="Color LUT">
          <parameter ref="lut">MatrixGreen</parameter>
          <parameter ref="luminanceMixRatio">0.0</parameter>
        </effect>
      </preset>
      <preset id="Night 1">
        <effect ref="Color LUT">
          <parameter ref="lut">Night1</parameter>
          <parameter ref="luminanceMixRatio">0.0</parameter>
        </effect>
      </preset>
      <preset id="Night 2">
        <effect ref="Color LUT">
          <parameter ref="lut">Night2</parameter>
          <parameter ref="luminanceMixRatio">0.0</parameter>
        </effect>
      </preset>
      <preset id="Night Dark">
        <effect ref="Color LUT">
          <parameter ref="lut">NightDark</parameter>
          <parameter ref="luminanceMixRatio">0.0</parameter>
        </effect>
      </preset>
      <preset id="Strong Amber">
        <effect ref="Color LUT">
          <parameter ref="lut">StrongAmber</parameter>
          <parameter ref="luminanceMixRatio">0.0</parameter>
        </effect>
      </preset>
      <preset id="Warm">
        <effect ref="Color LUT">
          <parameter ref="lut">Warm</parameter>
          <parameter ref="luminanceMixRatio">0.0</parameter>
        </effect>
      </preset>
      <preset id="Warm Constrast">
        <effect ref="Color LUT">
          <parameter ref="lut">WarmContrast</parameter>
          <parameter ref="luminanceMixRatio">0.0</parameter>
        </effect>
      </preset>
      <preset id="Black_White 1">
        <effect ref="Color LUT">
          <parameter ref="lut">BlackWhite1</parameter>
          <parameter ref="luminanceMixRatio">0.0</parameter>
        </effect>
      </preset>
      <preset id="Black_White 2">
        <effect ref="Color LUT">
          <parameter ref="lut">BlackWhite2</parameter>
          <parameter ref="luminanceMixRatio">0.0</parameter>
        </effect>
      </preset>
      <preset id="Black_White 3">
        <effect ref="Color LUT">
          <parameter ref="lut">BlackWhite3</parameter>
          <parameter ref="luminanceMixRatio">0.0</parameter>
        </effect>
      </preset>
      <preset id="Black_White 4">
        <effect ref="Color LUT">
          <parameter ref="lut">BlackWhite4</parameter>
          <parameter ref="luminanceMixRatio">0.0</parameter>
        </effect>
      </preset>
      <preset id="Black_White 5">
        <effect ref="Color LUT">
          <parameter ref="lut">BlackWhite5</parameter>
          <parameter ref="luminanceMixRatio">0.0</parameter>
        </effect>
      </preset>
      <preset id="Black_White 6">
        <effect ref="Color LUT">
          <parameter ref="lut">BlackWhite6</parameter>
          <parameter ref="luminanceMixRatio">0.0</parameter>
        </effect>
      </preset>
      <preset id="Black_White 7">
        <effect ref="Color LUT">
          <parameter ref="lut">BlackWhite7</parameter>
          <parameter ref="luminanceMixRatio">0.0</parameter>
        </effect>
      </preset>
      <preset id="Black_White 8">
        <effect ref="Color LUT">
          <parameter ref="lut">BlackWhite8</parameter>
          <parameter ref="luminanceMixRatio">0.0</parameter>
        </effect>
      </preset>
      <preset id="Black_White 9">
        <effect ref="Color LUT">
          <parameter ref="lut">BlackWhite9</parameter>
          <parameter ref="luminanceMixRatio">0.0</parameter>
        </effect>
      </preset>
      <preset id="Black_White 10">
        <effect ref="Color LUT">
          <parameter ref="lut">BlackWhite10</parameter>
          <parameter ref="luminanceMixRatio">0.0</parameter>
        </effect>
      </preset>
      <preset id="Black_White 11">
        <effect ref="Color LUT">
          <parameter ref="lut">BlackWhite11</parameter>
          <parameter ref="luminanceMixRatio">0.0</parameter>
        </effect>
      </preset>
      <preset id="Black_White 12">
        <effect ref="Color LUT">
          <parameter ref="lut">BlackWhite12</parameter>
          <parameter ref="luminanceMixRatio">0.0</parameter>
        </effect>
      </preset>
      <preset id="Black_White 13">
        <effect ref="Color LUT">
          <parameter ref="lut">BlackWhite13</parameter>
          <parameter ref="luminanceMixRatio">0.0</parameter>
        </effect>
      </preset>
      <preset id="Black_White 14">
        <effect ref="Color LUT">
          <parameter ref="lut">BlackWhite14</parameter>
          <parameter ref="luminanceMixRatio">0.0</parameter>
        </effect>
      </preset>
      <preset id="Black_White Blue Filter">
        <effect ref="Color LUT">
          <parameter ref="lut">BlackWhiteBlueFilter</parameter>
          <parameter ref="luminanceMixRatio">0.0</parameter>
        </effect>
      </preset>
      <preset id="Black_White Blue Sharp Filter">
        <effect ref="Color LUT">
          <parameter ref="lut">BlackWhiteBlueSharpFilter</parameter>
          <parameter ref="luminanceMixRatio">0.0</parameter>
        </effect>
      </preset>
      <preset id="Black_White Green Filter">
        <effect ref="Color LUT">
          <parameter ref="lut">BlackWhiteGreenFilter</parameter>
          <parameter ref="luminanceMixRatio">0.0</parameter>
        </effect>
      </preset>
      <preset id="Black_White Green Sharp Filter">
        <effect ref="Color LUT">
          <parameter ref="lut">BlackWhiteGreenSharpFilter</parameter>
          <parameter ref="luminanceMixRatio">0.0</parameter>
        </effect>
      </preset>
      <preset id="Black_White Highlights Filter">
        <effect ref="Color LUT">
          <parameter ref="lut">BlackWhiteHighlightsFilter</parameter>
          <parameter ref="luminanceMixRatio">0.0</parameter>
        </effect>
      </preset>
      <preset id="Black_White Red Filter">
        <effect ref="Color LUT">
          <parameter ref="lut">BlackWhiteRedFilter</parameter>
          <parameter ref="luminanceMixRatio">0.0</parameter>
        </effect>
      </preset>
      <preset id="Black_White Red Sharp Filter">
        <effect ref="Color LUT">
          <parameter ref="lut">BlackWhiteRedSharpFilter</parameter>
          <parameter ref="luminanceMixRatio">0.0</parameter>
        </effect>
      </preset>
      <preset id="Retro 1">
        <effect ref="Color LUT">
          <parameter ref="lut">Retro1</parameter>
          <parameter ref="luminanceMixRatio">0.0</parameter>
        </effect>
      </preset>
      <preset id="Retro 2">
        <effect ref="Color LUT">
          <parameter ref="lut">Retro2</parameter>
          <parameter ref="luminanceMixRatio">0.0</parameter>
        </effect>
      </preset>
      <preset id="Retro 3">
        <effect ref="Color LUT">
          <parameter ref="lut">Retro3</parameter>
          <parameter ref="luminanceMixRatio">0.0</parameter>
        </effect>
      </preset>
      <preset id="Retro 4">
        <effect ref="Color LUT">
          <parameter ref="lut">Retro4</parameter>
          <parameter ref="luminanceMixRatio">0.0</parameter>
        </effect>
      </preset>
      <preset id="Retro 5">
        <effect ref="Color LUT">
          <parameter ref="lut">Retro5</parameter>
          <parameter ref="luminanceMixRatio">0.0</parameter>
        </effect>
      </preset>
      <preset id="Retro 6">
        <effect ref="Color LUT">
          <parameter ref="lut">Retro6</parameter>
          <parameter ref="luminanceMixRatio">0.0</parameter>
        </effect>
      </preset>
      <preset id="Retro 7">
        <effect ref="Color LUT">
          <parameter ref="lut">Retro7</parameter>
          <parameter ref="luminanceMixRatio">0.0</parameter>
        </effect>
      </preset>
      <preset id="Retro 8">
        <effect ref="Color LUT">
          <parameter ref="lut">Retro8</parameter>
          <parameter ref="luminanceMixRatio">0.0</parameter>
        </effect>
      </preset>
      <preset id="Retro 9">
        <effect ref="Color LUT">
          <parameter ref="lut">Retro9</parameter>
          <parameter ref="luminanceMixRatio">0.0</parameter>
        </effect>
      </preset>
      <preset id="Retro 10">
        <effect ref="Color LUT">
          <parameter ref="lut">Retro10</parameter>
          <parameter ref="luminanceMixRatio">0.0</parameter>
        </effect>
      </preset>
      <preset id="Retro 11">
        <effect ref="Color LUT">
          <parameter ref="lut">Retro11</parameter>
          <parameter ref="luminanceMixRatio">0.0</parameter>
        </effect>
      </preset>
      <preset id="Retro 12">
        <effect ref="Color LUT">
          <parameter ref="lut">Retro12</parameter>
          <parameter ref="luminanceMixRatio">0.0</parameter>
        </effect>
      </preset>
      <preset id="Retro 13">
        <effect ref="Color LUT">
          <parameter ref="lut">Retro13</parameter>
          <parameter ref="luminanceMixRatio">0.0</parameter>
        </effect>
      </preset>
      <preset id="Retro 14">
        <effect ref="Color LUT">
          <parameter ref="lut">Retro14</parameter>
          <parameter ref="luminanceMixRatio">0.0</parameter>
        </effect>
      </preset>
      <preset id="Retro 15">
        <effect ref="Color LUT">
          <parameter ref="lut">Retro15</parameter>
          <parameter ref="luminanceMixRatio">0.0</parameter>
        </effect>
      </preset>
      <preset id="Retro 16">
        <effect ref="Color LUT">
          <parameter ref="lut">Retro16</parameter>
          <parameter ref="luminanceMixRatio">0.0</parameter>
        </effect>
      </preset>
      <preset id="Variation 1">
        <effect ref="Color LUT">
          <parameter ref="lut">Variation1</parameter>
          <parameter ref="luminanceMixRatio">0.0</parameter>
        </effect>
      </preset>
      <preset id="Variation 2">
        <effect ref="Color LUT">
          <parameter ref="lut">Variation2</parameter>
          <parameter ref="luminanceMixRatio">0.0</parameter>
        </effect>
      </preset>
      <preset id="Variation 3">
        <effect ref="Color LUT">
          <parameter ref="lut">Variation3</parameter>
          <parameter ref="luminanceMixRatio">0.0</parameter>
        </effect>
      </preset>
      <preset id="Variation 4">
        <effect ref="Color LUT">
          <parameter ref="lut">Variation4</parameter>
          <parameter ref="luminanceMixRatio">0.0</parameter>
        </effect>
      </preset>
      <preset id="Variation 5">
        <effect ref="Color LUT">
          <parameter ref="lut">Variation5</parameter>
          <parameter ref="luminanceMixRatio">0.0</parameter>
        </effect>
      </preset>
      <preset id="Variation 6">
        <effect ref="Color LUT">
          <parameter ref="lut">Variation6</parameter>
          <parameter ref="luminanceMixRatio">0.0</parameter>
        </effect>
      </preset>
      <preset id="Variation 7">
        <effect ref="Color LUT">
          <parameter ref="lut">Variation7</parameter>
          <parameter ref="luminanceMixRatio">0.0</parameter>
        </effect>
      </preset>
      <preset id="Variation 8">
        <effect ref="Color LUT">
          <parameter ref="lut">Variation8</parameter>
          <parameter ref="luminanceMixRatio">0.0</parameter>
        </effect>
      </preset>
      <preset id="Variation 9">
        <effect ref="Color LUT">
          <parameter ref="lut">Variation9</parameter>
          <parameter ref="luminanceMixRatio">0.0</parameter>
        </effect>
      </preset>
      <preset id="Variation 10">
        <effect ref="Color LUT">
          <parameter ref="lut">Variation10</parameter>
          <parameter ref="luminanceMixRatio">0.0</parameter>
        </effect>
      </preset>
      <preset id="Variation 11">
        <effect ref="Color LUT">
          <parameter ref="lut">Variation11</parameter>
          <parameter ref="luminanceMixRatio">0.0</parameter>
        </effect>
      </preset>
      <preset id="Variation 12">
        <effect ref="Color LUT">
          <parameter ref="lut">Variation12</parameter>
          <parameter ref="luminanceMixRatio">0.0</parameter>
        </effect>
      </preset>
      <preset id="Variation 13">
        <effect ref="Color LUT">
          <parameter ref="lut">Variation13</parameter>
          <parameter ref="luminanceMixRatio">0.0</parameter>
        </effect>
      </preset>
      <preset id="Variation 14">
        <effect ref="Color LUT">
          <parameter ref="lut">Variation14</parameter>
          <parameter ref="luminanceMixRatio">0.0</parameter>
        </effect>
      </preset>
      <preset id="Variation 14 (Interior)">
        <effect ref="Color LUT">
          <parameter ref="lut">Variation14</parameter>
          <parameter ref="luminanceMixRatio">0.0</parameter>
        </effect>
      </preset>
      <preset id="Variation 15">
        <effect ref="Color LUT">
          <parameter ref="lut">Variation15</parameter>
          <parameter ref="luminanceMixRatio">0.0</parameter>
        </effect>
      </preset>
      <preset id="Vintage 1">
        <effect ref="Color LUT">
          <parameter ref="lut">Vintage1</parameter>
          <parameter ref="luminanceMixRatio">0.0</parameter>
        </effect>
      </preset>
      <preset id="Vintage 2">
        <effect ref="Color LUT">
          <parameter ref="lut">Vintage2</parameter>
          <parameter ref="luminanceMixRatio">0.0</parameter>
        </effect>
      </preset>
      <preset id="Vintage 3">
        <effect ref="Color LUT">
          <parameter ref="lut">Vintage3</parameter>
          <parameter ref="luminanceMixRatio">0.0</parameter>
        </effect>
      </preset>
      <preset id="Vintage 4">
        <effect ref="Color LUT">
          <parameter ref="lut">Vintage4</parameter>
          <parameter ref="luminanceMixRatio">0.0</parameter>
        </effect>
      </preset>
      <preset id="Vintage 5">
        <effect ref="Color LUT">
          <parameter ref="lut">Vintage5</parameter>
          <parameter ref="luminanceMixRatio">0.0</parameter>
        </effect>
      </preset>
      <preset id="Vintage 6">
        <effect ref="Color LUT">
          <parameter ref="lut">Vintage6</parameter>
          <parameter ref="luminanceMixRatio">0.0</parameter>
        </effect>
      </preset>
      <preset id="Vintage 7">
        <effect ref="Color LUT">
          <parameter ref="lut">Vintage7</parameter>
          <parameter ref="luminanceMixRatio">0.0</parameter>
        </effect>
      </preset>
      <preset id="HDR 1">
        <effect ref="Color LUT">
          <parameter ref="lut">HDR1</parameter>
          <parameter ref="luminanceMixRatio">0.0</parameter>
        </effect>
      </preset>
      <preset id="HDR 2">
        <effect ref="Color LUT">
          <parameter ref="lut">HDR2</parameter>
          <parameter ref="luminanceMixRatio">0.0</parameter>
        </effect>
      </preset>
      <preset id="HDR 3">
        <effect ref="Color LUT">
          <parameter ref="lut">HDR3</parameter>
          <parameter ref="luminanceMixRatio">0.0</parameter>
        </effect>
      </preset>
      <preset id="HDR 4">
        <effect ref="Color LUT">
          <parameter ref="lut">HDR4</parameter>
          <parameter ref="luminanceMixRatio">0.0</parameter>
        </effect>
      </preset>
      <preset id="Technicolor 1">
        <effect ref="Color LUT">
          <parameter ref="lut">Technicolor1</parameter>
          <parameter ref="luminanceMixRatio">0.0</parameter>
        </effect>
      </preset>
      <preset id="Technicolor 2">
        <effect ref="Color LUT">
          <parameter ref="lut">Technicolor2</parameter>
          <parameter ref="luminanceMixRatio">0.0</parameter>
        </effect>
      </preset>
      <preset id="Technicolor 3">
        <effect ref="Color LUT">
          <parameter ref="lut">Technicolor3</parameter>
          <parameter ref="luminanceMixRatio">0.0</parameter>
        </effect>
      </preset>
      <preset id="Technicolor 4">
        <effect ref="Color LUT">
          <parameter ref="lut">Technicolor4</parameter>
          <parameter ref="luminanceMixRatio">0.0</parameter>
        </effect>
      </preset>
      <preset id="Technicolor 5">
        <effect ref="Color LUT">
          <parameter ref="lut">Technicolor5</parameter>
          <parameter ref="luminanceMixRatio">0.0</parameter>
        </effect>
      </preset>
      <preset id="Glow 1">
        <effect ref="Color LUT">
          <parameter ref="lut">Glow1</parameter>
          <parameter ref="luminanceMixRatio">0.0</parameter>
        </effect>
      </preset>
      <preset id="Glow 2">
        <effect ref="Color LUT">
          <parameter ref="lut">Glow2</parameter>
          <parameter ref="luminanceMixRatio">0.0</parameter>
        </effect>
      </preset>
      <preset id="Glow 3">
        <effect ref="Color LUT">
          <parameter ref="lut">Glow3</parameter>
          <parameter ref="luminanceMixRatio">0.0</parameter>
        </effect>
      </preset>
      <preset id="Lithograph 1">
        <effect ref="Color LUT">
          <parameter ref="lut">Lithograph1</parameter>
          <parameter ref="luminanceMixRatio">0.0</parameter>
        </effect>
      </preset>
      <preset id="Lithograph 2">
        <effect ref="Color LUT">
          <parameter ref="lut">Lithograph2</parameter>
          <parameter ref="luminanceMixRatio">0.0</parameter>
        </effect>
      </preset>
      <preset id="Lithograph 3">
        <effect ref="Color LUT">
          <parameter ref="lut">Lithograph3</parameter>
          <parameter ref="luminanceMixRatio">0.0</parameter>
        </effect>
      </preset>
      <preset id="HighKey 1">
        <effect ref="Color LUT">
          <parameter ref="lut">HighKey1</parameter>
          <parameter ref="luminanceMixRatio">0.0</parameter>
        </effect>
      </preset>
      <preset id="HighKey 2">
        <effect ref="Color LUT">
          <parameter ref="lut">HighKey2</parameter>
          <parameter ref="luminanceMixRatio">0.0</parameter>
        </effect>
      </preset>
      <preset id="HighKey 3">
        <effect ref="Color LUT">
          <parameter ref="lut">HighKey3</parameter>
          <parameter ref="luminanceMixRatio">0.0</parameter>
        </effect>
      </preset>
      <preset id="Negative 1">
        <effect ref="Color LUT">
          <parameter ref="lut">Negative1</parameter>
          <parameter ref="luminanceMixRatio">0.0</parameter>
        </effect>
      </preset>
      <preset id="Negative 2">
        <effect ref="Color LUT">
          <parameter ref="lut">Negative2</parameter>
          <parameter ref="luminanceMixRatio">0.0</parameter>
        </effect>
      </preset>
      <preset id="Negative 3">
        <effect ref="Color LUT">
          <parameter ref="lut">Negative3</parameter>
          <parameter ref="luminanceMixRatio">0.0</parameter>
        </effect>
      </preset>
      <preset id="Sepia 1">
        <effect ref="Color LUT">
          <parameter ref="lut">Sepia1</parameter>
          <parameter ref="luminanceMixRatio">0.0</parameter>
        </effect>
      </preset>
      <preset id="Sepia 2">
        <effect ref="Color LUT">
          <parameter ref="lut">Sepia2</parameter>
          <parameter ref="luminanceMixRatio">0.0</parameter>
        </effect>
      </preset>
      <preset id="Sepia 3">
        <effect ref="Color LUT">
          <parameter ref="lut">Sepia3</parameter>
          <parameter ref="luminanceMixRatio">0.0</parameter>
        </effect>
      </preset>
      <preset id="Sepia 4">
        <effect ref="Color LUT">
          <parameter ref="lut">Sepia4</parameter>
          <parameter ref="luminanceMixRatio">0.0</parameter>
        </effect>
      </preset>
      <preset id="Sepia Sky Filter 1">
        <effect ref="Color LUT">
          <parameter ref="lut">SepiaSkyFilter1</parameter>
          <parameter ref="luminanceMixRatio">0.0</parameter>
        </effect>
      </preset>
      <preset id="Sepia Sky Filter 2">
        <effect ref="Color LUT">
          <parameter ref="lut">SepiaSkyFilter2</parameter>
          <parameter ref="luminanceMixRatio">0.0</parameter>
        </effect>
      </preset>
      <preset id="Desaturate 1">
        <effect ref="Color LUT">
          <parameter ref="lut">Desaturate1</parameter>
          <parameter ref="luminanceMixRatio">0.0</parameter>
        </effect>
      </preset>
      <preset id="Desaturate 2">
        <effect ref="Color LUT">
          <parameter ref="lut">Desaturate2</parameter>
          <parameter ref="luminanceMixRatio">0.0</parameter>
        </effect>
      </preset>
      <preset id="Red Only">
        <effect ref="Color LUT">
          <parameter ref="lut">RedOnly</parameter>
          <parameter ref="luminanceMixRatio">0.0</parameter>
        </effect>
      </preset>
      <preset id="Red Only Interior">
        <effect ref="Color LUT">
          <parameter ref="lut">RedOnlyInterior</parameter>
          <parameter ref="luminanceMixRatio">0.0</parameter>
        </effect>
      </preset>
      <preset id="Red Only Full Range">
        <effect ref="Color LUT">
          <parameter ref="lut">RedOnlyFullRange</parameter>
          <parameter ref="luminanceMixRatio">0.0</parameter>
        </effect>
      </preset>
      <preset id="Green Only">
        <effect ref="Color LUT">
          <parameter ref="lut">GreenOnly</parameter>
          <parameter ref="luminanceMixRatio">0.0</parameter>
        </effect>
      </preset>
      <preset id="Green Only Interior">
        <effect ref="Color LUT">
          <parameter ref="lut">GreenOnlyInterior</parameter>
          <parameter ref="luminanceMixRatio">0.0</parameter>
        </effect>
      </preset>
      <preset id="Green Only Full Range">
        <effect ref="Color LUT">
          <parameter ref="lut">GreenOnlyFullRange</parameter>
          <parameter ref="luminanceMixRatio">0.0</parameter>
        </effect>
      </preset>
      <preset id="Blue Only">
        <effect ref="Color LUT">
          <parameter ref="lut">BlueOnly</parameter>
          <parameter ref="luminanceMixRatio">0.0</parameter>
        </effect>
      </preset>
      <preset id="Blue Only Interior">
        <effect ref="Color LUT">
          <parameter ref="lut">BlueOnlyInterior</parameter>
          <parameter ref="luminanceMixRatio">0.0</parameter>
        </effect>
      </preset>
      <preset id="Color Tone Down">
        <effect ref="Color LUT">
          <parameter ref="lut">ColorToneDown</parameter>
          <parameter ref="luminanceMixRatio">0.0</parameter>
        </effect>
      </preset>
      <preset id="Polaroid">
        <effect ref="Color LUT">
          <parameter ref="lut">Polaroid</parameter>
          <parameter ref="luminanceMixRatio">0.0</parameter>
        </effect>
      </preset>
      <preset id="Lomo">
        <effect ref="Color LUT">
          <parameter ref="lut">Lomo</parameter>
          <parameter ref="luminanceMixRatio">0.0</parameter>
        </effect>
      </preset>
    </presets>
  </target>
</presettargets>
