<?xml version="1.0" encoding="UTF-8" standalone="yes"?>
<presettargets name="Color LUT Presets" version="1" xmlns="http://www.digitalmasterpieces.com/schema/vca-presets">
  <target deviceBrand="*" deviceModel="*">
    <presets type="image">
      <preset id="Bleach Bypass">
        <effect ref="Color LUT">
          <parameter ref="lut">BleachBypass</parameter>
          <parameter ref="luminanceMixRatio">0.0</parameter>
        </effect>
      </preset>
      <preset id="Candle Light">
        <effect ref="Color LUT">
          <parameter ref="lut">CandleLight</parameter>
          <parameter ref="luminanceMixRatio">0.0</parameter>
        </effect>
      </preset>
      <preset id="Cool Contrast">
        <effect ref="Color LUT">
          <parameter ref="lut">CoolContrast</parameter>
          <parameter ref="luminanceMixRatio">0.0</parameter>
        </effect>
      </preset>
      <preset id="Desaturated Fog">
        <effect ref="Color LUT">
          <parameter ref="lut">DesaturatedFog</parameter>
          <parameter ref="luminanceMixRatio">0.0</parameter>
        </effect>
      </preset>
      <preset id="Evening">
        <effect ref="Color LUT">
          <parameter ref="lut">Evening</parameter>
          <parameter ref="luminanceMixRatio">0.0</parameter>
        </effect>
      </preset>
      <preset id="Fall">
        <effect ref="Color LUT">
          <parameter ref="lut">Fall</parameter>
          <parameter ref="luminanceMixRatio">0.0</parameter>
        </effect>
      </preset>
      <preset id="Filmic 1">
        <effect ref="Color LUT">
          <parameter ref="lut">Filmic1</parameter>
          <parameter ref="luminanceMixRatio">0.0</parameter>
        </effect>
      </preset>
      <preset id="Filmic 2">
        <effect ref="Color LUT">
          <parameter ref="lut">Filmic2</parameter>
          <parameter ref="luminanceMixRatio">0.0</parameter>
        </effect>
      </preset>
      <preset id="Filmic 3">
        <effect ref="Color LUT">
          <parameter ref="lut">Filmic3</parameter>
          <parameter ref="luminanceMixRatio">0.0</parameter>
        </effect>
      </preset>
      <preset id="Filmic 4">
        <effect ref="Color LUT">
          <parameter ref="lut">Filmic4</parameter>
          <parameter ref="luminanceMixRatio">0.0</parameter>
        </effect>
      </preset>
      <preset id="Filmic 5">
        <effect ref="Color LUT">
          <parameter ref="lut">Filmic5</parameter>
          <parameter ref="luminanceMixRatio">0.0</parameter>
        </effect>
      </preset>
      <preset id="Filmic 6">
        <effect ref="Color LUT">
          <parameter ref="lut">Filmic6</parameter>
          <parameter ref="luminanceMixRatio">0.0</parameter>
        </effect>
      </preset>
      <preset id="Filmic 7">
        <effect ref="Color LUT">
          <parameter ref="lut">Filmic7</parameter>
          <parameter ref="luminanceMixRatio">0.0</parameter>
        </effect>
      </preset>
      <preset id="Filmic 8">
        <effect ref="Color LUT">
          <parameter ref="lut">Filmic8</parameter>
          <parameter ref="luminanceMixRatio">0.0</parameter>
        </effect>
      </preset>
      <preset id="Filmic 9">
        <effect ref="Color LUT">
          <parameter ref="lut">Filmic9</parameter>
          <parameter ref="luminanceMixRatio">0.0</parameter>
        </effect>
      </preset>
      <preset id="Matrix Blue">
        <effect ref="Color LUT">
          <parameter ref="lut">MatrixBlue</parameter>
          <parameter ref="luminanceMixRatio">0.0</parameter>
        </effect>
      </preset>
      <preset id="Matrix Green">
        <effect ref="Color LUT">
          <parameter ref="lut">MatrixGreen</parameter>
          <parameter ref="luminanceMixRatio">0.0</parameter>
        </effect>
      </preset>
      <preset id="Night 1">
        <effect ref="Color LUT">
          <parameter ref="lut">Night1</parameter>
          <parameter ref="luminanceMixRatio">0.0</parameter>
        </effect>
      </preset>
      <preset id="Night 2">
        <effect ref="Color LUT">
          <parameter ref="lut">Night2</parameter>
          <parameter ref="luminanceMixRatio">0.0</parameter>
        </effect>
      </preset>
      <preset id="Night Dark">
        <effect ref="Color LUT">
          <parameter ref="lut">NightDark</parameter>
          <parameter ref="luminanceMixRatio">0.0</parameter>
        </effect>
      </preset>
      <preset id="Strong Amber">
        <effect ref="Color LUT">
          <parameter ref="lut">StrongAmber</parameter>
          <parameter ref="luminanceMixRatio">0.0</parameter>
        </effect>
      </preset>
      <preset id="Warm">
        <effect ref="Color LUT">
          <parameter ref="lut">Warm</parameter>
          <parameter ref="luminanceMixRatio">0.0</parameter>
        </effect>
      </preset>
      <preset id="Warm Contrast">
        <effect ref="Color LUT">
          <parameter ref="lut">WarmContrast</parameter>
          <parameter ref="luminanceMixRatio">0.0</parameter>
        </effect>
      </preset>
    </presets>
  </target>
</presettargets>
