<?xml version="1.0" encoding="UTF-8" standalone="yes"?>
<presettargets name="Color LUT Presets" version="1" xmlns="http://www.digitalmasterpieces.com/schema/vca-presets">
  <target deviceBrand="*" deviceModel="*">
    <presets type="image">
      <preset id="Normal">
        <effect ref="Color LUT">
          <parameter ref="lutLayer">0</parameter>
          <parameter ref="luminanceMixRatio">0.0</parameter>
        </effect>
      </preset>
      <preset id="Bleach Bypass">
        <effect ref="Color LUT">
          <parameter ref="lutLayer">1</parameter>
          <parameter ref="luminanceMixRatio">0.0</parameter>
        </effect>
      </preset>
      <preset id="Candle Light">
        <effect ref="Color LUT">
          <parameter ref="lutLayer">2</parameter>
          <parameter ref="luminanceMixRatio">0.0</parameter>
        </effect>
      </preset>
      <preset id="Cool Contrast">
        <effect ref="Color LUT">
          <parameter ref="lutLayer">3</parameter>
          <parameter ref="luminanceMixRatio">0.0</parameter>
        </effect>
      </preset>
      <preset id="Desaturated Fog">
        <effect ref="Color LUT">
          <parameter ref="lutLayer">4</parameter>
          <parameter ref="luminanceMixRatio">0.0</parameter>
        </effect>
      </preset>
      <preset id="Evening">
        <effect ref="Color LUT">
          <parameter ref="lutLayer">5</parameter>
          <parameter ref="luminanceMixRatio">0.0</parameter>
        </effect>
      </preset>
      <preset id="Fall">
        <effect ref="Color LUT">
          <parameter ref="lutLayer">6</parameter>
          <parameter ref="luminanceMixRatio">0.0</parameter>
        </effect>
      </preset>
      <preset id="Filmic 1">
        <effect ref="Color LUT">
          <parameter ref="lutLayer">7</parameter>
          <parameter ref="luminanceMixRatio">0.0</parameter>
        </effect>
      </preset>
      <preset id="Filmic 2">
        <effect ref="Color LUT">
          <parameter ref="lutLayer">8</parameter>
          <parameter ref="luminanceMixRatio">0.0</parameter>
        </effect>
      </preset>
      <preset id="Filmic 3">
        <effect ref="Color LUT">
          <parameter ref="lutLayer">9</parameter>
          <parameter ref="luminanceMixRatio">0.0</parameter>
        </effect>
      </preset>
      <preset id="Filmic 4">
        <effect ref="Color LUT">
          <parameter ref="lutLayer">10</parameter>
          <parameter ref="luminanceMixRatio">0.0</parameter>
        </effect>
      </preset>
      <preset id="Filmic 5">
        <effect ref="Color LUT">
          <parameter ref="lutLayer">11</parameter>
          <parameter ref="luminanceMixRatio">0.0</parameter>
        </effect>
      </preset>
      <preset id="Filmic 6">
        <effect ref="Color LUT">
          <parameter ref="lutLayer">12</parameter>
          <parameter ref="luminanceMixRatio">0.0</parameter>
        </effect>
      </preset>
      <preset id="Filmic 7">
        <effect ref="Color LUT">
          <parameter ref="lutLayer">13</parameter>
          <parameter ref="luminanceMixRatio">0.0</parameter>
        </effect>
      </preset>
      <preset id="Filmic 8">
        <effect ref="Color LUT">
          <parameter ref="lutLayer">14</parameter>
          <parameter ref="luminanceMixRatio">0.0</parameter>
        </effect>
      </preset>
      <preset id="Filmic 9">
        <effect ref="Color LUT">
          <parameter ref="lutLayer">15</parameter>
          <parameter ref="luminanceMixRatio">0.0</parameter>
        </effect>
      </preset>
      <preset id="Matrix Blue">
        <effect ref="Color LUT">
          <parameter ref="lutLayer">16</parameter>
          <parameter ref="luminanceMixRatio">0.0</parameter>
        </effect>
      </preset>
      <preset id="Matrix Green">
        <effect ref="Color LUT">
          <parameter ref="lutLayer">17</parameter>
          <parameter ref="luminanceMixRatio">0.0</parameter>
        </effect>
      </preset>
      <preset id="Night 1">
        <effect ref="Color LUT">
          <parameter ref="lutLayer">18</parameter>
          <parameter ref="luminanceMixRatio">0.0</parameter>
        </effect>
      </preset>
      <preset id="Night 2">
        <effect ref="Color LUT">
          <parameter ref="lutLayer">19</parameter>
          <parameter ref="luminanceMixRatio">0.0</parameter>
        </effect>
      </preset>
      <preset id="Night Dark">
        <effect ref="Color LUT">
          <parameter ref="lutLayer">20</parameter>
          <parameter ref="luminanceMixRatio">0.0</parameter>
        </effect>
      </preset>
      <preset id="Strong Amber">
        <effect ref="Color LUT">
          <parameter ref="lutLayer">21</parameter>
          <parameter ref="luminanceMixRatio">0.0</parameter>
        </effect>
      </preset>
      <preset id="Warm">
        <effect ref="Color LUT">
          <parameter ref="lutLayer">22</parameter>
          <parameter ref="luminanceMixRatio">0.0</parameter>
        </effect>
      </preset>
      <preset id="Warm Constrast">
        <effect ref="Color LUT">
          <parameter ref="lutLayer">23</parameter>
          <parameter ref="luminanceMixRatio">0.0</parameter>
        </effect>
      </preset>
      <preset id="Black_White 1">
        <effect ref="Color LUT">
          <parameter ref="lutLayer">24</parameter>
          <parameter ref="luminanceMixRatio">0.0</parameter>
        </effect>
      </preset>
      <preset id="Black_White 2">
        <effect ref="Color LUT">
          <parameter ref="lutLayer">25</parameter>
          <parameter ref="luminanceMixRatio">0.0</parameter>
        </effect>
      </preset>
      <preset id="Black_White 3">
        <effect ref="Color LUT">
          <parameter ref="lutLayer">26</parameter>
          <parameter ref="luminanceMixRatio">0.0</parameter>
        </effect>
      </preset>
      <preset id="Black_White 4">
        <effect ref="Color LUT">
          <parameter ref="lutLayer">27</parameter>
          <parameter ref="luminanceMixRatio">0.0</parameter>
        </effect>
      </preset>
      <preset id="Black_White 5">
        <effect ref="Color LUT">
          <parameter ref="lutLayer">28</parameter>
          <parameter ref="luminanceMixRatio">0.0</parameter>
        </effect>
      </preset>
      <preset id="Black_White 6">
        <effect ref="Color LUT">
          <parameter ref="lutLayer">29</parameter>
          <parameter ref="luminanceMixRatio">0.0</parameter>
        </effect>
      </preset>
      <preset id="Black_White 7">
        <effect ref="Color LUT">
          <parameter ref="lutLayer">30</parameter>
          <parameter ref="luminanceMixRatio">0.0</parameter>
        </effect>
      </preset>
      <preset id="Black_White 8">
        <effect ref="Color LUT">
          <parameter ref="lutLayer">31</parameter>
          <parameter ref="luminanceMixRatio">0.0</parameter>
        </effect>
      </preset>
      <preset id="Black_White 9">
        <effect ref="Color LUT">
          <parameter ref="lutLayer">32</parameter>
          <parameter ref="luminanceMixRatio">0.0</parameter>
        </effect>
      </preset>
      <preset id="Black_White 10">
        <effect ref="Color LUT">
          <parameter ref="lutLayer">33</parameter>
          <parameter ref="luminanceMixRatio">0.0</parameter>
        </effect>
      </preset>
      <preset id="Black_White 11">
        <effect ref="Color LUT">
          <parameter ref="lutLayer">34</parameter>
          <parameter ref="luminanceMixRatio">0.0</parameter>
        </effect>
      </preset>
      <preset id="Black_White 12">
        <effect ref="Color LUT">
          <parameter ref="lutLayer">35</parameter>
          <parameter ref="luminanceMixRatio">0.0</parameter>
        </effect>
      </preset>
      <preset id="Black_White 13">
        <effect ref="Color LUT">
          <parameter ref="lutLayer">36</parameter>
          <parameter ref="luminanceMixRatio">0.0</parameter>
        </effect>
      </preset>
      <preset id="Black_White 14">
        <effect ref="Color LUT">
          <parameter ref="lutLayer">37</parameter>
          <parameter ref="luminanceMixRatio">0.0</parameter>
        </effect>
      </preset>
      <preset id="Black_White Blue Filter">
        <effect ref="Color LUT">
          <parameter ref="lutLayer">38</parameter>
          <parameter ref="luminanceMixRatio">0.0</parameter>
        </effect>
      </preset>
      <preset id="Black_White Blue Sharp Filter">
        <effect ref="Color LUT">
          <parameter ref="lutLayer">39</parameter>
          <parameter ref="luminanceMixRatio">0.0</parameter>
        </effect>
      </preset>
      <preset id="Black_White Green Filter">
        <effect ref="Color LUT">
          <parameter ref="lutLayer">40</parameter>
          <parameter ref="luminanceMixRatio">0.0</parameter>
        </effect>
      </preset>
      <preset id="Black_White Green Sharp Filter">
        <effect ref="Color LUT">
          <parameter ref="lutLayer">41</parameter>
          <parameter ref="luminanceMixRatio">0.0</parameter>
        </effect>
      </preset>
      <preset id="Black_White Highlights Filter">
        <effect ref="Color LUT">
          <parameter ref="lutLayer">42</parameter>
          <parameter ref="luminanceMixRatio">0.0</parameter>
        </effect>
      </preset>
      <preset id="Black_White Red Filter">
        <effect ref="Color LUT">
          <parameter ref="lutLayer">43</parameter>
          <parameter ref="luminanceMixRatio">0.0</parameter>
        </effect>
      </preset>
      <preset id="Black_White Red Sharp Filter">
        <effect ref="Color LUT">
          <parameter ref="lutLayer">44</parameter>
          <parameter ref="luminanceMixRatio">0.0</parameter>
        </effect>
      </preset>
      <preset id="Retro 1">
        <effect ref="Color LUT">
          <parameter ref="lutLayer">45</parameter>
          <parameter ref="luminanceMixRatio">0.0</parameter>
        </effect>
      </preset>
      <preset id="Retro 2">
        <effect ref="Color LUT">
          <parameter ref="lutLayer">46</parameter>
          <parameter ref="luminanceMixRatio">0.0</parameter>
        </effect>
      </preset>
      <preset id="Retro 3">
        <effect ref="Color LUT">
          <parameter ref="lutLayer">47</parameter>
          <parameter ref="luminanceMixRatio">0.0</parameter>
        </effect>
      </preset>
      <preset id="Retro 4">
        <effect ref="Color LUT">
          <parameter ref="lutLayer">48</parameter>
          <parameter ref="luminanceMixRatio">0.0</parameter>
        </effect>
      </preset>
      <preset id="Retro 5">
        <effect ref="Color LUT">
          <parameter ref="lutLayer">49</parameter>
          <parameter ref="luminanceMixRatio">0.0</parameter>
        </effect>
      </preset>
      <preset id="Retro 6">
        <effect ref="Color LUT">
          <parameter ref="lutLayer">50</parameter>
          <parameter ref="luminanceMixRatio">0.0</parameter>
        </effect>
      </preset>
      <preset id="Retro 7">
        <effect ref="Color LUT">
          <parameter ref="lutLayer">51</parameter>
          <parameter ref="luminanceMixRatio">0.0</parameter>
        </effect>
      </preset>
      <preset id="Retro 8">
        <effect ref="Color LUT">
          <parameter ref="lutLayer">52</parameter>
          <parameter ref="luminanceMixRatio">0.0</parameter>
        </effect>
      </preset>
      <preset id="Retro 9">
        <effect ref="Color LUT">
          <parameter ref="lutLayer">53</parameter>
          <parameter ref="luminanceMixRatio">0.0</parameter>
        </effect>
      </preset>
      <preset id="Retro 10">
        <effect ref="Color LUT">
          <parameter ref="lutLayer">54</parameter>
          <parameter ref="luminanceMixRatio">0.0</parameter>
        </effect>
      </preset>
      <preset id="Retro 11">
        <effect ref="Color LUT">
          <parameter ref="lutLayer">55</parameter>
          <parameter ref="luminanceMixRatio">0.0</parameter>
        </effect>
      </preset>
      <preset id="Retro 12">
        <effect ref="Color LUT">
          <parameter ref="lutLayer">56</parameter>
          <parameter ref="luminanceMixRatio">0.0</parameter>
        </effect>
      </preset>
      <preset id="Retro 13">
        <effect ref="Color LUT">
          <parameter ref="lutLayer">57</parameter>
          <parameter ref="luminanceMixRatio">0.0</parameter>
        </effect>
      </preset>
      <preset id="Retro 14">
        <effect ref="Color LUT">
          <parameter ref="lutLayer">58</parameter>
          <parameter ref="luminanceMixRatio">0.0</parameter>
        </effect>
      </preset>
      <preset id="Retro 15">
        <effect ref="Color LUT">
          <parameter ref="lutLayer">59</parameter>
          <parameter ref="luminanceMixRatio">0.0</parameter>
        </effect>
      </preset>
      <preset id="Retro 16">
        <effect ref="Color LUT">
          <parameter ref="lutLayer">60</parameter>
          <parameter ref="luminanceMixRatio">0.0</parameter>
        </effect>
      </preset>
      <preset id="Variation 1">
        <effect ref="Color LUT">
          <parameter ref="lutLayer">61</parameter>
          <parameter ref="luminanceMixRatio">0.0</parameter>
        </effect>
      </preset>
      <preset id="Variation 2">
        <effect ref="Color LUT">
          <parameter ref="lutLayer">62</parameter>
          <parameter ref="luminanceMixRatio">0.0</parameter>
        </effect>
      </preset>
      <preset id="Variation 3">
        <effect ref="Color LUT">
          <parameter ref="lutLayer">63</parameter>
          <parameter ref="luminanceMixRatio">0.0</parameter>
        </effect>
      </preset>
      <preset id="Variation 4">
        <effect ref="Color LUT">
          <parameter ref="lutLayer">64</parameter>
          <parameter ref="luminanceMixRatio">0.0</parameter>
        </effect>
      </preset>
      <preset id="Variation 5">
        <effect ref="Color LUT">
          <parameter ref="lutLayer">65</parameter>
          <parameter ref="luminanceMixRatio">0.0</parameter>
        </effect>
      </preset>
      <preset id="Variation 6">
        <effect ref="Color LUT">
          <parameter ref="lutLayer">66</parameter>
          <parameter ref="luminanceMixRatio">0.0</parameter>
        </effect>
      </preset>
      <preset id="Variation 7">
        <effect ref="Color LUT">
          <parameter ref="lutLayer">67</parameter>
          <parameter ref="luminanceMixRatio">0.0</parameter>
        </effect>
      </preset>
      <preset id="Variation 8">
        <effect ref="Color LUT">
          <parameter ref="lutLayer">68</parameter>
          <parameter ref="luminanceMixRatio">0.0</parameter>
        </effect>
      </preset>
      <preset id="Variation 9">
        <effect ref="Color LUT">
          <parameter ref="lutLayer">69</parameter>
          <parameter ref="luminanceMixRatio">0.0</parameter>
        </effect>
      </preset>
      <preset id="Variation 10">
        <effect ref="Color LUT">
          <parameter ref="lutLayer">70</parameter>
          <parameter ref="luminanceMixRatio">0.0</parameter>
        </effect>
      </preset>
      <preset id="Variation 11">
        <effect ref="Color LUT">
          <parameter ref="lutLayer">71</parameter>
          <parameter ref="luminanceMixRatio">0.0</parameter>
        </effect>
      </preset>
      <preset id="Variation 12">
        <effect ref="Color LUT">
          <parameter ref="lutLayer">72</parameter>
          <parameter ref="luminanceMixRatio">0.0</parameter>
        </effect>
      </preset>
      <preset id="Variation 13">
        <effect ref="Color LUT">
          <parameter ref="lutLayer">73</parameter>
          <parameter ref="luminanceMixRatio">0.0</parameter>
        </effect>
      </preset>
      <preset id="Variation 14">
        <effect ref="Color LUT">
          <parameter ref="lutLayer">74</parameter>
          <parameter ref="luminanceMixRatio">0.0</parameter>
        </effect>
      </preset>
      <preset id="Variation 14 (Interior)">
        <effect ref="Color LUT">
          <parameter ref="lutLayer">75</parameter>
          <parameter ref="luminanceMixRatio">0.0</parameter>
        </effect>
      </preset>
      <preset id="Variation 15">
        <effect ref="Color LUT">
          <parameter ref="lutLayer">76</parameter>
          <parameter ref="luminanceMixRatio">0.0</parameter>
        </effect>
      </preset>
      <preset id="Vintage 1">
        <effect ref="Color LUT">
          <parameter ref="lutLayer">77</parameter>
          <parameter ref="luminanceMixRatio">0.0</parameter>
        </effect>
      </preset>
      <preset id="Vintage 2">
        <effect ref="Color LUT">
          <parameter ref="lutLayer">78</parameter>
          <parameter ref="luminanceMixRatio">0.0</parameter>
        </effect>
      </preset>
      <preset id="Vintage 3">
        <effect ref="Color LUT">
          <parameter ref="lutLayer">79</parameter>
          <parameter ref="luminanceMixRatio">0.0</parameter>
        </effect>
      </preset>
      <preset id="Vintage 4">
        <effect ref="Color LUT">
          <parameter ref="lutLayer">80</parameter>
          <parameter ref="luminanceMixRatio">0.0</parameter>
        </effect>
      </preset>
      <preset id="Vintage 5">
        <effect ref="Color LUT">
          <parameter ref="lutLayer">81</parameter>
          <parameter ref="luminanceMixRatio">0.0</parameter>
        </effect>
      </preset>
      <preset id="Vintage 6">
        <effect ref="Color LUT">
          <parameter ref="lutLayer">82</parameter>
          <parameter ref="luminanceMixRatio">0.0</parameter>
        </effect>
      </preset>
      <preset id="Vintage 7">
        <effect ref="Color LUT">
          <parameter ref="lutLayer">83</parameter>
          <parameter ref="luminanceMixRatio">0.0</parameter>
        </effect>
      </preset>
      <preset id="HDR 1">
        <effect ref="Color LUT">
          <parameter ref="lutLayer">84</parameter>
          <parameter ref="luminanceMixRatio">0.0</parameter>
        </effect>
      </preset>
      <preset id="HDR 2">
        <effect ref="Color LUT">
          <parameter ref="lutLayer">85</parameter>
          <parameter ref="luminanceMixRatio">0.0</parameter>
        </effect>
      </preset>
      <preset id="HDR 3">
        <effect ref="Color LUT">
          <parameter ref="lutLayer">86</parameter>
          <parameter ref="luminanceMixRatio">0.0</parameter>
        </effect>
      </preset>
      <preset id="HDR 4">
        <effect ref="Color LUT">
          <parameter ref="lutLayer">87</parameter>
          <parameter ref="luminanceMixRatio">0.0</parameter>
        </effect>
      </preset>
      <preset id="Technicolor 1">
        <effect ref="Color LUT">
          <parameter ref="lutLayer">88</parameter>
          <parameter ref="luminanceMixRatio">0.0</parameter>
        </effect>
      </preset>
      <preset id="Technicolor 2">
        <effect ref="Color LUT">
          <parameter ref="lutLayer">89</parameter>
          <parameter ref="luminanceMixRatio">0.0</parameter>
        </effect>
      </preset>
      <preset id="Technicolor 3">
        <effect ref="Color LUT">
          <parameter ref="lutLayer">90</parameter>
          <parameter ref="luminanceMixRatio">0.0</parameter>
        </effect>
      </preset>
      <preset id="Technicolor 4">
        <effect ref="Color LUT">
          <parameter ref="lutLayer">91</parameter>
          <parameter ref="luminanceMixRatio">0.0</parameter>
        </effect>
      </preset>
      <preset id="Technicolor 5">
        <effect ref="Color LUT">
          <parameter ref="lutLayer">92</parameter>
          <parameter ref="luminanceMixRatio">0.0</parameter>
        </effect>
      </preset>
      <preset id="Glow 1">
        <effect ref="Color LUT">
          <parameter ref="lutLayer">93</parameter>
          <parameter ref="luminanceMixRatio">0.0</parameter>
        </effect>
      </preset>
      <preset id="Glow 2">
        <effect ref="Color LUT">
          <parameter ref="lutLayer">94</parameter>
          <parameter ref="luminanceMixRatio">0.0</parameter>
        </effect>
      </preset>
      <preset id="Glow 3">
        <effect ref="Color LUT">
          <parameter ref="lutLayer">95</parameter>
          <parameter ref="luminanceMixRatio">0.0</parameter>
        </effect>
      </preset>
      <preset id="Lithograph 1">
        <effect ref="Color LUT">
          <parameter ref="lutLayer">96</parameter>
          <parameter ref="luminanceMixRatio">0.0</parameter>
        </effect>
      </preset>
      <preset id="Lithograph 2">
        <effect ref="Color LUT">
          <parameter ref="lutLayer">97</parameter>
          <parameter ref="luminanceMixRatio">0.0</parameter>
        </effect>
      </preset>
      <preset id="Lithograph 3">
        <effect ref="Color LUT">
          <parameter ref="lutLayer">98</parameter>
          <parameter ref="luminanceMixRatio">0.0</parameter>
        </effect>
      </preset>
      <preset id="HighKey 1">
        <effect ref="Color LUT">
          <parameter ref="lutLayer">99</parameter>
          <parameter ref="luminanceMixRatio">0.0</parameter>
        </effect>
      </preset>
      <preset id="HighKey 2">
        <effect ref="Color LUT">
          <parameter ref="lutLayer">100</parameter>
          <parameter ref="luminanceMixRatio">0.0</parameter>
        </effect>
      </preset>
      <preset id="HighKey 3">
        <effect ref="Color LUT">
          <parameter ref="lutLayer">101</parameter>
          <parameter ref="luminanceMixRatio">0.0</parameter>
        </effect>
      </preset>
      <preset id="Negative 1">
        <effect ref="Color LUT">
          <parameter ref="lutLayer">102</parameter>
          <parameter ref="luminanceMixRatio">0.0</parameter>
        </effect>
      </preset>
      <preset id="Negative 2">
        <effect ref="Color LUT">
          <parameter ref="lutLayer">103</parameter>
          <parameter ref="luminanceMixRatio">0.0</parameter>
        </effect>
      </preset>
      <preset id="Negative 3">
        <effect ref="Color LUT">
          <parameter ref="lutLayer">104</parameter>
          <parameter ref="luminanceMixRatio">0.0</parameter>
        </effect>
      </preset>
      <preset id="Sepia 1">
        <effect ref="Color LUT">
          <parameter ref="lutLayer">105</parameter>
          <parameter ref="luminanceMixRatio">0.0</parameter>
        </effect>
      </preset>
      <preset id="Sepia 2">
        <effect ref="Color LUT">
          <parameter ref="lutLayer">106</parameter>
          <parameter ref="luminanceMixRatio">0.0</parameter>
        </effect>
      </preset>
      <preset id="Sepia 3">
        <effect ref="Color LUT">
          <parameter ref="lutLayer">107</parameter>
          <parameter ref="luminanceMixRatio">0.0</parameter>
        </effect>
      </preset>
      <preset id="Sepia 4">
        <effect ref="Color LUT">
          <parameter ref="lutLayer">108</parameter>
          <parameter ref="luminanceMixRatio">0.0</parameter>
        </effect>
      </preset>
      <preset id="Sepia Sky Filter 1">
        <effect ref="Color LUT">
          <parameter ref="lutLayer">109</parameter>
          <parameter ref="luminanceMixRatio">0.0</parameter>
        </effect>
      </preset>
      <preset id="Sepia Sky Filter 2">
        <effect ref="Color LUT">
          <parameter ref="lutLayer">110</parameter>
          <parameter ref="luminanceMixRatio">0.0</parameter>
        </effect>
      </preset>
      <preset id="Desaturate 1">
        <effect ref="Color LUT">
          <parameter ref="lutLayer">111</parameter>
          <parameter ref="luminanceMixRatio">0.0</parameter>
        </effect>
      </preset>
      <preset id="Desaturate 2">
        <effect ref="Color LUT">
          <parameter ref="lutLayer">112</parameter>
          <parameter ref="luminanceMixRatio">0.0</parameter>
        </effect>
      </preset>
      <preset id="Red Only">
        <effect ref="Color LUT">
          <parameter ref="lutLayer">113</parameter>
          <parameter ref="luminanceMixRatio">0.0</parameter>
        </effect>
      </preset>
      <preset id="Red Only Interior">
        <effect ref="Color LUT">
          <parameter ref="lutLayer">114</parameter>
          <parameter ref="luminanceMixRatio">0.0</parameter>
        </effect>
      </preset>
      <preset id="Red Only Full Range">
        <effect ref="Color LUT">
          <parameter ref="lutLayer">115</parameter>
          <parameter ref="luminanceMixRatio">0.0</parameter>
        </effect>
      </preset>
      <preset id="Green Only">
        <effect ref="Color LUT">
          <parameter ref="lutLayer">116</parameter>
          <parameter ref="luminanceMixRatio">0.0</parameter>
        </effect>
      </preset>
      <preset id="Green Only Interior">
        <effect ref="Color LUT">
          <parameter ref="lutLayer">117</parameter>
          <parameter ref="luminanceMixRatio">0.0</parameter>
        </effect>
      </preset>
      <preset id="Green Only Full Range">
        <effect ref="Color LUT">
          <parameter ref="lutLayer">118</parameter>
          <parameter ref="luminanceMixRatio">0.0</parameter>
        </effect>
      </preset>
      <preset id="Blue Only">
        <effect ref="Color LUT">
          <parameter ref="lutLayer">119</parameter>
          <parameter ref="luminanceMixRatio">0.0</parameter>
        </effect>
      </preset>
      <preset id="Blue Only Interior">
        <effect ref="Color LUT">
          <parameter ref="lutLayer">120</parameter>
          <parameter ref="luminanceMixRatio">0.0</parameter>
        </effect>
      </preset>
      <preset id="Color Tone Down">
        <effect ref="Color LUT">
          <parameter ref="lutLayer">121</parameter>
          <parameter ref="luminanceMixRatio">0.0</parameter>
        </effect>
      </preset>
      <preset id="Polaroid">
        <effect ref="Color LUT">
          <parameter ref="lutLayer">122</parameter>
          <parameter ref="luminanceMixRatio">0.0</parameter>
        </effect>
      </preset>
      <preset id="Lomo">
        <effect ref="Color LUT">
          <parameter ref="lutLayer">123</parameter>
          <parameter ref="luminanceMixRatio">0.0</parameter>
        </effect>
      </preset>
    </presets>
  </target>
</presettargets>
