<?xml version="1.0" encoding="UTF-8" standalone="yes"?>
<presettargets name="Color Matrix Presets" version="1" xmlns="http://www.digitalmasterpieces.com/schema/vca-presets">
  <target deviceBrand="*" deviceModel="*">
    <presets type="image">
      <preset id="Normal">
        <effect ref="Color Matrix">
          <parameter ref="colorMatrix">
                1.0 0.0 0.0 0.0
                0.0 1.0 0.0 0.0
                0.0 0.0 1.0 0.0
                0.0 0.0 0.0 1.0
            </parameter>
        </effect>
      </preset>
      <preset id="Gray">
        <effect ref="Color Matrix">
          <parameter ref="colorMatrix">
                0.33 0.33 0.33 0.0
                0.59 0.59 0.59 0.0
                0.11 0.11 0.11 0.0
                0.0 0.0 0.0 1.0
            </parameter>
        </effect>
      </preset>
      <preset id="Invert Full">
        <effect ref="Color Matrix">
          <parameter ref="colorMatrix">
                -1.0 0.0 0.0 0.0
                0.0 -1.0 0.0 0.0
                0.0 0.0 -1.0 0.0
                1.0 1.0 1.0 1.0
            </parameter>
        </effect>
      </preset>
      <preset id="BGR2RGB">
        <effect ref="Color Matrix">
          <parameter ref="colorMatrix">
                0.0 0.0 1.0 0.0
                0.0 1.0 0.0 0.0
                1.0 0.0 0.0 0.0
                0.0 0.0 0.0 1.0
            </parameter>
        </effect>
      </preset>
      <preset id="Sepia">
        <effect ref="Color Matrix">
          <parameter ref="colorMatrix">
                0.393 0.349 0.272 0.0
                0.769 0.686 0.534 0.0
                0.189 0.168 0.131 0.0
                0.0 0.0 0.0 1.0
            </parameter>
        </effect>
      </preset>
      <preset id="Black_White">
        <effect ref="Color Matrix">
          <parameter ref="colorMatrix">
                1.5 1.5 1.5 0.0
                1.5 1.5 1.5 0.0
                1.5 1.5 1.5 0.0
                -1.0 -1.0 -1.0 1.0
            </parameter>
        </effect>
      </preset>
      <preset id="Polaroid">
        <effect ref="Color Matrix">
          <parameter ref="colorMatrix">
                1.438 -0.062 -0.062 0.0
                -0.122 1.378 -0.122 0.0
                -0.016 -0.016 1.483 0.0
                -0.03 0.05 -0.02 1.0
            </parameter>
        </effect>
      </preset>
      <preset id="RGBtoYUV">
        <effect ref="Color Matrix">
          <parameter ref="colorMatrix">
				0.257  0.439 -0.148 0.0
				0.504 -0.368 -0.291 0.0
				0.098 -0.071  0.439 0.0
				0.0625 0.500  0.500 1.0
			</parameter>
        </effect>
      </preset>
    </presets>
  </target>
</presettargets>
