<?xml version="1.0" encoding="UTF-8" standalone="yes"?>
<presettargets name="Color Conversion Presets" version="1" xmlns="http://www.digitalmasterpieces.com/schema/vca-presets">
  <target deviceBrand="*" deviceModel="*">
    <presets type="image">
      <preset id="Normal">
        <effect ref="Color Conversion">
          <parameter ref="lutLayer">0</parameter>
          <parameter ref="luminanceMixRatio">0.0</parameter>
        </effect>
      </preset>
      <preset id="Grayscale">
        <effect ref="Color Conversion">
          <parameter ref="lutLayer">1</parameter>
          <parameter ref="luminanceMixRatio">0.0</parameter>
        </effect>
      </preset>
      <preset id="Blueish">
        <effect ref="Color Conversion">
          <parameter ref="lutLayer">2</parameter>
          <parameter ref="luminanceMixRatio">0.0</parameter>
        </effect>
      </preset>
      <preset id="Retro">
        <effect ref="Color Conversion">
          <parameter ref="lutLayer">3</parameter>
          <parameter ref="luminanceMixRatio">0.0</parameter>
        </effect>
      </preset>
      <preset id="Sepia">
        <effect ref="Color Conversion">
          <parameter ref="lutLayer">4</parameter>
          <parameter ref="luminanceMixRatio">0.0</parameter>
        </effect>
      </preset>
    </presets>
  </target>
</presettargets>
