<?xml version="1.0" encoding="UTF-8" standalone="yes"?>
<presettargets name="Colorize Presets" version="1" xmlns="http://www.digitalmasterpieces.com/schema/vca-presets">
  <target deviceBrand="*" deviceModel="*">
    <presets type="image">
      <preset id="Reddish">
        <effect ref="Colorize">
          <parameter ref="hue">0.0</parameter>
        </effect>
      </preset>
      <preset id="Sepia">
        <effect ref="Colorize">
          <parameter ref="hue">0.1</parameter>
        </effect>
      </preset>
      <preset id="Yellowish">
        <effect ref="Colorize">
          <parameter ref="hue">0.2</parameter>
        </effect>
      </preset>
      <preset id="Greenish">
        <effect ref="Colorize">
          <parameter ref="hue">0.3</parameter>
        </effect>
      </preset>
      <preset id="Cyanic">
        <effect ref="Colorize">
          <parameter ref="hue">0.4</parameter>
        </effect>
      </preset>
      <preset id="Blueish">
        <effect ref="Colorize">
          <parameter ref="hue">0.5</parameter>
        </effect>
      </preset>
      <preset id="Violet">
        <effect ref="Colorize">
          <parameter ref="hue">0.6</parameter>
        </effect>
      </preset>
      <preset id="Purple">
        <effect ref="Colorize">
          <parameter ref="hue">0.7</parameter>
        </effect>
      </preset>
      <preset id="Pink">
        <effect ref="Colorize">
          <parameter ref="hue">0.8</parameter>
        </effect>
      </preset>
      <preset id="Pinkish">
        <effect ref="Colorize">
          <parameter ref="hue">0.9</parameter>
        </effect>
      </preset>
    </presets>
  </target>
</presettargets>
