<?xml version="1.0" encoding="UTF-8" standalone="yes"?>
<presettargets name="Contrast Presets" version="1" xmlns="http://www.digitalmasterpieces.com/schema/vca-presets">
  <target deviceBrand="*" deviceModel="*">
    <presets type="image">
      <preset id="Off">
        <effect ref="Contrast">
          <parameter ref="contrast">1.0</parameter>
        </effect>
      </preset>
      <preset id="Weak">
        <effect ref="Contrast">
          <parameter ref="contrast">2.0</parameter>
        </effect>
      </preset>
      <preset id="Strong">
        <effect ref="Contrast">
          <parameter ref="contrast">3.0</parameter>
        </effect>
      </preset>
      <preset id="Maximum">
        <effect ref="Contrast">
          <parameter ref="contrast">4.0</parameter>
        </effect>
      </preset>
    </presets>
  </target>
</presettargets>
