<?xml version="1.0" encoding="UTF-8" standalone="yes"?>
<presettargets name="Solarize Presets" version="1" xmlns="http://www.digitalmasterpieces.com/schema/vca-presets">
  <target deviceBrand="*" deviceModel="*">
    <presets type="image">
      <preset id="Test 1">
        <effect ref="Solarize">
          <parameter ref="centerBrightness">1.3</parameter>
          <parameter ref="powerCurve">0.5</parameter>
          <parameter ref="colorize">0.8</parameter>
          <parameter ref="invert">false</parameter>
        </effect>
      </preset>
      <preset id="Test 2">
        <effect ref="Solarize">
          <parameter ref="centerBrightness">2.7</parameter>
          <parameter ref="powerCurve">0.8</parameter>
          <parameter ref="colorize">0.2</parameter>
          <parameter ref="invert">false</parameter>
        </effect>
      </preset>
      <preset id="Test 3">
        <effect ref="Solarize">
          <parameter ref="centerBrightness">3.8</parameter>
          <parameter ref="powerCurve">0.8</parameter>
          <parameter ref="colorize">0.3</parameter>
          <parameter ref="invert">true</parameter>
        </effect>
      </preset>
    </presets>
  </target>
</presettargets>
