<?xml version="1.0" encoding="UTF-8" standalone="yes"?>
<presettargets name="Grayscale Presets" version="1" xmlns="http://www.digitalmasterpieces.com/schema/vca-presets">
  <target deviceBrand="*" deviceModel="*">
    <presets type="image">
      <preset id="Average">
        <effect ref="Grayscale">
          <parameter ref="mode">0</parameter>
        </effect>
      </preset>
      <preset id="BT.601">
        <effect ref="Grayscale">
          <parameter ref="mode">1</parameter>
        </effect>
      </preset>
      <preset id="BT.709">
        <effect ref="Grayscale">
          <parameter ref="mode">2</parameter>
        </effect>
      </preset>
    </presets>
  </target>
</presettargets>
