<?xml version="1.0" encoding="UTF-8" standalone="yes"?>
<presettargets name="Tint Presets" version="1" xmlns="http://www.digitalmasterpieces.com/schema/vca-presets">
  <target deviceBrand="*" deviceModel="*">
    <presets type="image">
      <preset id="NTSC">
        <effect ref="Tint">
          <parameter ref="desaturateMode">0</parameter>
          <parameter ref="desaturationAmount">1.0</parameter>
          <parameter ref="tintColor">#AA1199FF</parameter>
        </effect>
      </preset>
      <preset id="ITUREC709">
        <effect ref="Tint">
          <parameter ref="desaturateMode">1</parameter>
          <parameter ref="desaturationAmount">1.0</parameter>
          <parameter ref="tintColor">#AA9911FF</parameter>
        </effect>
      </preset>
      <preset id="HDTV">
        <effect ref="Tint">
          <parameter ref="desaturateMode">2</parameter>
          <parameter ref="desaturationAmount">1.0</parameter>
          <parameter ref="tintColor">#AAFF9911</parameter>
        </effect>
      </preset>
    </presets>
  </target>
</presettargets>
