<?xml version="1.0" encoding="UTF-8" standalone="yes"?>
<implset version="1" xmlns="http://www.digitalmasterpieces.com/schema/vca-implementation-set">
  <implementations>
    <target api="OpenGL" apiVersion="3.3" application="Pic2Comic">
      <impl performance="1000" uri="default/toon/implementation/opengl_33/1/toonPic2Comic.fxeffect.impl.xml"/>
    </target>
    <target api="OpenGLES" apiExtensions="GL_EXT_color_buffer_half_float" apiVersion="2.0">
      <impl performance="1000" uri="default/toon/implementation/opengles_20/1/toon.fxeffect.impl.xml"/>
    </target>
    <target api="OpenGL" apiVersion="3.3">
      <impl performance="1000" uri="default/toon/implementation/opengl_33/1/toon.fxeffect.impl.xml"/>
    </target>
  </implementations>
</implset>
