<?xml version="1.0" encoding="UTF-8" standalone="yes"?>
<presettargets name="Oilpaint Presets" version="1" xmlns="http://www.digitalmasterpieces.com/schema/vca-presets">
  <target deviceBrand="*" deviceModel="*">
    <presets type="image">
      <preset id="selfie">
        <effect ref="Oilpaint">
          <parameter ref="ColorSmoothing">11.0</parameter>
          <parameter ref="STSmoothing">13.5</parameter>
          <parameter ref="BumpScale">1.0</parameter>
          <parameter ref="BrushScale">0.01</parameter>
          <parameter ref="luminosity">0.0</parameter>
          <parameter ref="colorfulness">0.3</parameter>
        </effect>
      </preset>
      <preset id="details">
        <effect ref="Oilpaint">
          <parameter ref="ColorSmoothing">3.3</parameter>
          <parameter ref="STSmoothing">18.0</parameter>
          <parameter ref="BumpScale">1.0</parameter>
          <parameter ref="BrushScale">0.05</parameter>
          <parameter ref="luminosity">0.0</parameter>
          <parameter ref="colorfulness">0.0</parameter>
        </effect>
      </preset>
      <preset id="fur">
        <effect ref="Oilpaint">
          <parameter ref="ColorSmoothing">5.0</parameter>
          <parameter ref="STSmoothing">11.0</parameter>
          <parameter ref="BumpScale">10.0</parameter>
          <parameter ref="BrushScale">0.1</parameter>
          <parameter ref="luminosity">0.0</parameter>
          <parameter ref="colorfulness">0.0</parameter>
        </effect>
      </preset>
      <preset id="landscape">
        <effect ref="Oilpaint">
          <parameter ref="ColorSmoothing">3.3</parameter>
          <parameter ref="STSmoothing">16.5</parameter>
          <parameter ref="BumpScale">22.1</parameter>
          <parameter ref="BrushScale">0.15</parameter>
          <parameter ref="luminosity">0.0</parameter>
          <parameter ref="colorfulness">0.1</parameter>
        </effect>
      </preset>
      <preset id="abstract2">
        <effect ref="Oilpaint">
          <parameter ref="ColorSmoothing">19.5</parameter>
          <parameter ref="STSmoothing">4.0</parameter>
          <parameter ref="BumpScale">4.0</parameter>
          <parameter ref="BrushScale">0.69</parameter>
          <parameter ref="luminosity">0.0</parameter>
          <parameter ref="colorfulness">0.0</parameter>
        </effect>
      </preset>
      <preset id="abstract1">
        <effect ref="Oilpaint">
          <parameter ref="ColorSmoothing">15.0</parameter>
          <parameter ref="STSmoothing">3.5</parameter>
          <parameter ref="BumpScale">13.0</parameter>
          <parameter ref="BrushScale">0.7</parameter>
          <parameter ref="luminosity">0.0</parameter>
          <parameter ref="colorfulness">0.0</parameter>
        </effect>
      </preset>
    </presets>
  </target>
</presettargets>
