<?xml version="1.0" encoding="UTF-8" standalone="yes"?>
<presettargets name="Toon Presets" version="1" xmlns="http://www.digitalmasterpieces.com/schema/vca-presets">
  <target deviceBrand="*" deviceModel="*">
    <presets type="image">
      <preset id="portrait">
        <effect ref="Toon">
          <parameter ref="brightness">0.1</parameter>
          <parameter ref="contrast">1.15</parameter>
          <parameter ref="saturation">1.02</parameter>
          <parameter ref="colorQuantization">18.93</parameter>
          <parameter ref="colorBlur">0.14</parameter>
          <parameter ref="strokeWidth">0.54</parameter>
          <parameter ref="contour">1.0</parameter>
          <parameter ref="details">2.27</parameter>
          <parameter ref="blackness">0.15</parameter>
          <parameter ref="finalSmoothing">1.0</parameter>
          <parameter ref="spotColor">#FF99C5D0</parameter>
          <parameter ref="spotColorAmount">0.0</parameter>
        </effect>
      </preset>
      <preset id="portrait-bw">
        <effect ref="Toon">
          <parameter ref="brightness">0.1</parameter>
          <parameter ref="contrast">1.15</parameter>
          <parameter ref="saturation">0.0</parameter>
          <parameter ref="colorQuantization">18.93</parameter>
          <parameter ref="colorBlur">0.14</parameter>
          <parameter ref="strokeWidth">0.54</parameter>
          <parameter ref="contour">1.0</parameter>
          <parameter ref="details">2.27</parameter>
          <parameter ref="blackness">0.15</parameter>
          <parameter ref="finalSmoothing">1.0</parameter>
          <parameter ref="spotColor">#FF99C5D0</parameter>
          <parameter ref="spotColorAmount">0.0</parameter>
        </effect>
      </preset>
      <preset id="cartoon">
        <effect ref="Toon">
          <parameter ref="brightness">0.1</parameter>
          <parameter ref="contrast">1.1</parameter>
          <parameter ref="saturation">1.35</parameter>
          <parameter ref="colorQuantization">7.0</parameter>
          <parameter ref="colorBlur">0.0625</parameter>
          <parameter ref="strokeWidth">0.8</parameter>
          <parameter ref="contour">0.9</parameter>
          <parameter ref="details">1.58</parameter>
          <parameter ref="blackness">0.13</parameter>
          <parameter ref="finalSmoothing">1.0</parameter>
          <parameter ref="spotColor">#FF99C5D0</parameter>
          <parameter ref="spotColorAmount">0.0</parameter>
        </effect>
      </preset>
      <preset id="realistic">
        <effect ref="Toon">
          <parameter ref="brightness">0.1</parameter>
          <parameter ref="contrast">1.0</parameter>
          <parameter ref="saturation">1.35</parameter>
          <parameter ref="colorQuantization">20.6</parameter>
          <parameter ref="colorBlur">0.14</parameter>
          <parameter ref="strokeWidth">0.34</parameter>
          <parameter ref="contour">1.0</parameter>
          <parameter ref="details">2.3</parameter>
          <parameter ref="blackness">0.21</parameter>
          <parameter ref="finalSmoothing">1.0</parameter>
          <parameter ref="spotColor">#FF99C5D0</parameter>
          <parameter ref="spotColorAmount">0.0</parameter>
        </effect>
      </preset>
      <preset id="abstract">
        <effect ref="Toon">
          <parameter ref="brightness">0.1</parameter>
          <parameter ref="contrast">1.1</parameter>
          <parameter ref="saturation">1.2</parameter>
          <parameter ref="colorQuantization">12.79</parameter>
          <parameter ref="colorBlur">0.0125</parameter>
          <parameter ref="strokeWidth">1.04</parameter>
          <parameter ref="contour">0.4</parameter>
          <parameter ref="details">0.0</parameter>
          <parameter ref="blackness">0.35</parameter>
          <parameter ref="finalSmoothing">1.0</parameter>
          <parameter ref="spotColor">#FF99C5D0</parameter>
          <parameter ref="spotColorAmount">0.0</parameter>
        </effect>
      </preset>
      <preset id="sketch">
        <effect ref="Toon">
          <parameter ref="brightness">0.1</parameter>
          <parameter ref="contrast">1.0</parameter>
          <parameter ref="saturation">0.0</parameter>
          <parameter ref="colorQuantization">5.0</parameter>
          <parameter ref="colorBlur">0.0125</parameter>
          <parameter ref="strokeWidth">0.2</parameter>
          <parameter ref="contour">3.0</parameter>
          <parameter ref="details">1.3</parameter>
          <parameter ref="blackness">0.5</parameter>
          <parameter ref="finalSmoothing">2.0</parameter>
          <parameter ref="spotColor">#FF99C5D0</parameter>
          <parameter ref="spotColorAmount">0.0</parameter>
        </effect>
      </preset>
      <preset id="landscape">
        <effect ref="Toon">
          <parameter ref="brightness">0.1</parameter>
          <parameter ref="contrast">1.0</parameter>
          <parameter ref="saturation">1.0</parameter>
          <parameter ref="colorQuantization">5.0</parameter>
          <parameter ref="colorBlur">0.0125</parameter>
          <parameter ref="strokeWidth">0.46</parameter>
          <parameter ref="contour">0.6</parameter>
          <parameter ref="details">0.82</parameter>
          <parameter ref="blackness">0.4</parameter>
          <parameter ref="finalSmoothing">1.0</parameter>
          <parameter ref="spotColor">#FF99C5D0</parameter>
          <parameter ref="spotColorAmount">0.0</parameter>
        </effect>
      </preset>
      <preset id="papercut">
        <effect ref="Toon">
          <parameter ref="brightness">0.0</parameter>
          <parameter ref="contrast">1.0</parameter>
          <parameter ref="saturation">3.0</parameter>
          <parameter ref="colorQuantization">5.0</parameter>
          <parameter ref="colorBlur">0.0125</parameter>
          <parameter ref="strokeWidth">0.4</parameter>
          <parameter ref="contour">3.0</parameter>
          <parameter ref="details">2.0</parameter>
          <parameter ref="blackness">1.0</parameter>
          <parameter ref="finalSmoothing">1.0</parameter>
          <parameter ref="spotColor">#FF99C5D0</parameter>
          <parameter ref="spotColorAmount">0.0</parameter>
        </effect>
      </preset>
      <preset id="edge-only">
        <effect ref="Toon">
          <parameter ref="brightness">0.1</parameter>
          <parameter ref="contrast">1.0</parameter>
          <parameter ref="saturation">1.35</parameter>
          <parameter ref="colorQuantization">5.0</parameter>
          <parameter ref="colorBlur">0.0125</parameter>
          <parameter ref="strokeWidth">0.31</parameter>
          <parameter ref="contour">1.07</parameter>
          <parameter ref="details">3.0</parameter>
          <parameter ref="blackness">0.09</parameter>
          <parameter ref="finalSmoothing">1.0</parameter>
          <parameter ref="spotColor">#FF99C5D0</parameter>
          <parameter ref="spotColorAmount">0.0</parameter>
        </effect>
      </preset>
      <preset id="cartoon-landscape">
        <effect ref="Toon">
          <parameter ref="brightness">-0.05</parameter>
          <parameter ref="contrast">1.7</parameter>
          <parameter ref="saturation">1.0</parameter>
          <parameter ref="colorQuantization">9.0</parameter>
          <parameter ref="colorBlur">0.033</parameter>
          <parameter ref="strokeWidth">1.2</parameter>
          <parameter ref="contour">3</parameter>
          <parameter ref="details">0.4</parameter>
          <parameter ref="blackness">0.24</parameter>
          <parameter ref="finalSmoothing">1.0</parameter>
          <parameter ref="spotColor">#FF99C5D0</parameter>
          <parameter ref="spotColorAmount">0.0</parameter>
        </effect>
      </preset>
      <preset id="poster-blue">
        <effect ref="Toon">
          <parameter ref="brightness">0.099</parameter>
          <parameter ref="contrast">0.99</parameter>
          <parameter ref="saturation">1.05</parameter>
          <parameter ref="colorQuantization">24.0</parameter>
          <parameter ref="colorBlur">0.14</parameter>
          <parameter ref="strokeWidth">0.44</parameter>
          <parameter ref="contour">0.64</parameter>
          <parameter ref="details">1.09</parameter>
          <parameter ref="blackness">0.37</parameter>
          <parameter ref="finalSmoothing">1.0</parameter>
          <parameter ref="spotColor">#FF5E99FF</parameter>
          <parameter ref="spotColorAmount">0.5</parameter>
        </effect>
      </preset>
      <preset id="poster-green">
        <effect ref="Toon">
          <parameter ref="brightness">0.1</parameter>
          <parameter ref="contrast">1.0</parameter>
          <parameter ref="saturation">1.35</parameter>
          <parameter ref="colorQuantization">24.0</parameter>
          <parameter ref="colorBlur">0.14</parameter>
          <parameter ref="strokeWidth">0.28</parameter>
          <parameter ref="contour">1.64</parameter>
          <parameter ref="details">1.94</parameter>
          <parameter ref="blackness">0.19</parameter>
          <parameter ref="finalSmoothing">1.0</parameter>
          <parameter ref="spotColor">#FF719480</parameter>
          <parameter ref="spotColorAmount">0.42</parameter>
        </effect>
      </preset>
      <preset id="poster-red">
        <effect ref="Toon">
          <parameter ref="brightness">0.1</parameter>
          <parameter ref="contrast">1.1</parameter>
          <parameter ref="saturation">1.2</parameter>
          <parameter ref="colorQuantization">24.0</parameter>
          <parameter ref="colorBlur">0.14</parameter>
          <parameter ref="strokeWidth">1.0</parameter>
          <parameter ref="contour">0.4</parameter>
          <parameter ref="details">0.0</parameter>
          <parameter ref="blackness">0.35</parameter>
          <parameter ref="finalSmoothing">1.0</parameter>
          <parameter ref="spotColor">#FFC22D32</parameter>
          <parameter ref="spotColorAmount">0.6</parameter>
        </effect>
      </preset>
      <preset id="poster-yellow">
        <effect ref="Toon">
          <parameter ref="brightness">0.33</parameter>
          <parameter ref="contrast">1.16</parameter>
          <parameter ref="saturation">1.35</parameter>
          <parameter ref="colorQuantization">24.0</parameter>
          <parameter ref="colorBlur">0.14</parameter>
          <parameter ref="strokeWidth">1.2</parameter>
          <parameter ref="contour">0.05</parameter>
          <parameter ref="details">0.0</parameter>
          <parameter ref="blackness">0.69</parameter>
          <parameter ref="finalSmoothing">1.0</parameter>
          <parameter ref="spotColor">#FFFEF903</parameter>
          <parameter ref="spotColorAmount">0.86</parameter>
        </effect>
      </preset>
    </presets>
  </target>
</presettargets>
