<?xml version="1.0" encoding="UTF-8" standalone="yes"?>
<effectimpl xmlns="http://www.digitalmasterpieces.com/schema/vca-implementation">
  <requirements>
    <directory uri="default/common/common/shader-desktop/1"/>
    <directory uri="default/colorspace/common/shader-desktop/1"/>
    <directory uri="default/toon/common/shader-desktop/1"/>
  </requirements>
  <targets>
    <target api="OpenGL" apiVersion="3.3">
      <shaderprograms>
        <shaderprogram id="colorAdjustmentShaderProgram" type="GLSL" version="330">
          <vertexshader file="default/common/common/shader-desktop/1/GLSL_330/void_position.vert"/>
          <fragmentshader file="default/toon/common/shader-desktop/1/GLSL_330/color_adjustment.frag"/>
          <fragmentshader file="default/colorspace/common/shader-desktop/1/GLSL_330/rgb_hsv.glsl"/>
          <fragmentshader file="default/colorspace/common/shader-desktop/1/GLSL_330/hsv_rgb.glsl"/>
          <fragmentshader file="default/colorspace/common/shader-desktop/1/GLSL_330/rgb_lab.glsl"/>
          <fragmentshader file="default/colorspace/common/shader-desktop/1/GLSL_330/rgb_xyz.glsl"/>
          <fragmentshader file="default/colorspace/common/shader-desktop/1/GLSL_330/xyz_lab.glsl"/>
          <fragmentshader file="default/colorspace/common/shader-desktop/1/GLSL_330/lab_rgb.glsl"/>
          <fragmentshader file="default/colorspace/common/shader-desktop/1/GLSL_330/xyz_rgb.glsl"/>
          <fragmentshader file="default/colorspace/common/shader-desktop/1/GLSL_330/lab_xyz.glsl"/>
        </shaderprogram>
        <shaderprogram id="rgb2LabShaderProgram" type="GLSL" version="330">
          <vertexshader file="default/common/common/shader-desktop/1/GLSL_330/void_position.vert"/>
          <fragmentshader file="default/toon/common/shader-desktop/1/GLSL_330/rgb_to_lab.frag"/>
          <fragmentshader file="default/colorspace/common/shader-desktop/1/GLSL_330/rgb_lab.glsl"/>
          <fragmentshader file="default/colorspace/common/shader-desktop/1/GLSL_330/rgb_xyz.glsl"/>
          <fragmentshader file="default/colorspace/common/shader-desktop/1/GLSL_330/xyz_lab.glsl"/>
        </shaderprogram>
        <shaderprogram id="structureTensorShaderProgram" type="GLSL" version="330">
          <vertexshader file="default/toon/common/shader-desktop/1/GLSL_330/structure_tensor.vert"/>
          <fragmentshader file="default/toon/common/shader-desktop/1/GLSL_330/structure_tensor.frag"/>
        </shaderprogram>
        <shaderprogram id="gauss2DShaderProgram" type="GLSL" version="330">
          <vertexshader file="default/common/common/shader-desktop/1/GLSL_330/void_position.vert"/>
          <fragmentshader file="default/toon/common/shader-desktop/1/GLSL_330/gauss_2d_xy_separated.frag"/>
        </shaderprogram>
        <shaderprogram id="tangentFlowMapShaderProgram" type="GLSL" version="330">
          <vertexshader file="default/common/common/shader-desktop/1/GLSL_330/void_position.vert"/>
          <fragmentshader file="default/toon/common/shader-desktop/1/GLSL_330/tangent_flow_map.frag"/>
        </shaderprogram>
        <shaderprogram id="flowAlignedBilateralShaderProgram" type="GLSL" version="330">
          <vertexshader file="default/common/common/shader-desktop/1/GLSL_330/void_position.vert"/>
          <fragmentshader file="default/toon/common/shader-desktop/1/GLSL_330/flow_aligned_bilateral.frag"/>
        </shaderprogram>
        <shaderprogram id="colorQuantizationShaderProgram" type="GLSL" version="330">
          <vertexshader file="default/common/common/shader-desktop/1/GLSL_330/void_position.vert"/>
          <fragmentshader file="default/toon/common/shader-desktop/1/GLSL_330/color_quantization.frag"/>
        </shaderprogram>
        <shaderprogram id="lab2RgbShaderProgram" type="GLSL" version="330">
          <vertexshader file="default/common/common/shader-desktop/1/GLSL_330/void_position.vert"/>
          <fragmentshader file="default/toon/common/shader-desktop/1/GLSL_330/lab_to_rgb.frag"/>
          <fragmentshader file="default/colorspace/common/shader-desktop/1/GLSL_330/lab_rgb.glsl"/>
          <fragmentshader file="default/colorspace/common/shader-desktop/1/GLSL_330/xyz_rgb.glsl"/>
          <fragmentshader file="default/colorspace/common/shader-desktop/1/GLSL_330/lab_xyz.glsl"/>
        </shaderprogram>
        <shaderprogram id="spotColorShaderProgram" type="GLSL" version="330">
          <vertexshader file="default/common/common/shader-desktop/1/GLSL_330/void_position.vert"/>
          <fragmentshader file="default/toon/common/shader-desktop/1/GLSL_330/spot_color.frag"/>
          <fragmentshader file="default/colorspace/common/shader-desktop/1/GLSL_330/rgb_lab.glsl"/>
          <fragmentshader file="default/colorspace/common/shader-desktop/1/GLSL_330/rgb_xyz.glsl"/>
          <fragmentshader file="default/colorspace/common/shader-desktop/1/GLSL_330/xyz_lab.glsl"/>
          <fragmentshader file="default/colorspace/common/shader-desktop/1/GLSL_330/lab_rgb.glsl"/>
          <fragmentshader file="default/colorspace/common/shader-desktop/1/GLSL_330/xyz_rgb.glsl"/>
          <fragmentshader file="default/colorspace/common/shader-desktop/1/GLSL_330/lab_xyz.glsl"/>
        </shaderprogram>
        <shaderprogram id="xDogPass0ShaderProgram" type="GLSL" version="330">
          <vertexshader file="default/common/common/shader-desktop/1/GLSL_330/void_position.vert"/>
          <fragmentshader file="default/toon/common/shader-desktop/1/GLSL_330/xdog_pass0_reparam.frag"/>
        </shaderprogram>
        <shaderprogram id="xDogPass1ShaderProgram" type="GLSL" version="330">
          <vertexshader file="default/common/common/shader-desktop/1/GLSL_330/void_position.vert"/>
          <fragmentshader file="default/toon/common/shader-desktop/1/GLSL_330/xdog_pass1_reparam.frag"/>
        </shaderprogram>
        <shaderprogram id="edgeBlendShaderProgram" type="GLSL" version="330">
          <vertexshader file="default/common/common/shader-desktop/1/GLSL_330/void_position.vert"/>
          <fragmentshader file="default/toon/common/shader-desktop/1/GLSL_330/edge_blend.frag"/>
          <fragmentshader file="default/colorspace/common/shader-desktop/1/GLSL_330/rgb_lab.glsl"/>
          <fragmentshader file="default/colorspace/common/shader-desktop/1/GLSL_330/rgb_xyz.glsl"/>
          <fragmentshader file="default/colorspace/common/shader-desktop/1/GLSL_330/xyz_lab.glsl"/>
          <fragmentshader file="default/colorspace/common/shader-desktop/1/GLSL_330/lab_rgb.glsl"/>
          <fragmentshader file="default/colorspace/common/shader-desktop/1/GLSL_330/xyz_rgb.glsl"/>
          <fragmentshader file="default/colorspace/common/shader-desktop/1/GLSL_330/lab_xyz.glsl"/>
        </shaderprogram>
        <shaderprogram id="flowAlignedSmoothingShaderProgram" type="GLSL" version="330">
          <vertexshader file="default/common/common/shader-desktop/1/GLSL_330/void_position.vert"/>
          <fragmentshader file="default/toon/common/shader-desktop/1/GLSL_330/flow_aligned_smoothing.frag"/>
        </shaderprogram>
      </shaderprograms>
      <textures>
        <texture2d id="colorAdjustmentTexture"/>
        <texture2d id="rgb2LabTexture"/>
        <texture2d id="structureTensorTexture">
          <type>GL_HALF_FLOAT</type>
          <format>GL_RGBA</format>
          <internalformat>GL_RGBA16F</internalformat>
        </texture2d>
        <texture2d id="smoothStructureTensorTextureIntermediate">
          <type>GL_HALF_FLOAT</type>
          <format>GL_RGBA</format>
          <internalformat>GL_RGBA16F</internalformat>
        </texture2d>
        <texture2d id="smoothStructureTensorTexture">
          <type>GL_HALF_FLOAT</type>
          <format>GL_RGBA</format>
          <internalformat>GL_RGBA16F</internalformat>
        </texture2d>
        <texture2d id="tangentFlowMapTexture">
          <type>GL_HALF_FLOAT</type>
          <format>GL_RG</format>
          <internalformat>GL_RG16F</internalformat>
        </texture2d>
        <texture2d id="bilateralStrokeTextureIntermediate"/>
        <texture2d id="bilateralStrokeTexture"/>
        <texture2d id="preColorBilateralTextureIntermediate"/>
        <texture2d id="preColorBilateralTexture"/>
        <texture2d id="colorBilateralTextureIntermediate"/>
        <texture2d id="colorBilateralTexture"/>
        <texture2d id="xDoGTextureIntermediate">
          <type>GL_HALF_FLOAT</type>
          <format>GL_RED</format>
          <internalformat>GL_R16F</internalformat>
        </texture2d>
        <texture2d id="xDoGTexture">
          <type>GL_UNSIGNED_BYTE</type>
          <format>GL_RED</format>
          <internalformat>GL_R8</internalformat>
        </texture2d>
        <texture2d id="colorQuantizationTexture"/>
        <texture2d id="lab2RgbTexture"/>
        <texture2d id="spotColorTexture"/>
        <texture2d id="spotColorRgb2LabTexture"/>
        <texture2d id="structureTensor2Texture">
          <type>GL_HALF_FLOAT</type>
          <format>GL_RGBA</format>
          <internalformat>GL_RGBA16F</internalformat>
        </texture2d>
        <texture2d id="smoothStructureTensor2TextureIntermediate">
          <type>GL_HALF_FLOAT</type>
          <format>GL_RGB</format>
          <internalformat>GL_RGBA16F</internalformat>
        </texture2d>
        <texture2d id="smoothStructureTensor2Texture">
          <type>GL_HALF_FLOAT</type>
          <format>GL_RGBA</format>
          <internalformat>GL_RGBA16F</internalformat>
        </texture2d>
        <texture2d id="tangentFlowMap2Texture">
          <type>GL_HALF_FLOAT</type>
          <format>GL_RG</format>
          <internalformat>GL_RG16F</internalformat>
        </texture2d>
        <texture2d id="finalColorSmoothingTexture"/>
        <texture2d id="structureTensor3Texture">
          <type>GL_HALF_FLOAT</type>
          <format>GL_RGBA</format>
          <internalformat>GL_RGBA16F</internalformat>
        </texture2d>
        <texture2d id="smoothStructureTensor3TextureIntermediate">
          <type>GL_HALF_FLOAT</type>
          <format>GL_RGBA</format>
          <internalformat>GL_RGBA16F</internalformat>
        </texture2d>
        <texture2d id="smoothStructureTensor3Texture">
          <type>GL_HALF_FLOAT</type>
          <format>GL_RGBA</format>
          <internalformat>GL_RGBA16F</internalformat>
        </texture2d>
        <texture2d id="tangentFlowMap3Texture">
          <type>GL_HALF_FLOAT</type>
          <format>GL_RG</format>
          <internalformat>GL_RG16F</internalformat>
        </texture2d>
        <texture2d id="finalEdgeSmoothingTexture"/>
        <texture2d id="finalEdgeSmoothing2Texture"/>
        <texture2d id="OUTPUTTEXTURE"/>
      </textures>
      <passes>
        <pass id="colorAdjustmentPass">
          <passattributes>
            <passattribute name="shaderprogram">
              <value>colorAdjustmentShaderProgram</value>
            </passattribute>
          </passattributes>
          <passinputs>
            <passinput id="u_Brightness" type="float">
              <value>0.0</value>
            </passinput>
            <passinput id="u_Contrast" type="float">
              <value>1.0</value>
            </passinput>
           <passinput id="u_Saturation" type="float">
              <value>1.0</value>
            </passinput>
            <passinput id="u_Gamma" type="float">
              <value>1.0</value>
            </passinput>
           <passinput id="u_Exposure" type="float">
              <value>1.0</value>
            </passinput>
            <passinput id="u_HueShift" type="float">
              <value>0.0</value>
            </passinput>
            <passinput id="u_Blackpoint" type="float">
              <value>0.0</value>
            </passinput>
            <passinput id="u_Shadows" type="float">
              <value>0.0</value>
            </passinput>
            <passinput id="u_Highlights" type="float">
              <value>1.0</value>
            </passinput>
            <passinput id="u_Texture" type="sampler">
              <value>INPUTTEXTURE</value>
            </passinput>
          </passinputs>
          <passoutputs>
            <passoutput id="colorAdjustmentPassOutput0">
              <value>colorAdjustmentTexture</value>
            </passoutput>
          </passoutputs>
        </pass>
        <pass id="rgb2LabPass">
          <passattributes>
            <passattribute name="shaderprogram">
              <value>rgb2LabShaderProgram</value>
            </passattribute>
          </passattributes>
          <passinputs>
            <passinput id="u_Texture" type="sampler">
              <value>colorAdjustmentTexture</value>
            </passinput>
          </passinputs>
          <passoutputs>
            <passoutput id="rgb2LabPassOutput0">
              <value>rgb2LabTexture</value>
            </passoutput>
          </passoutputs>
        </pass>
        <pass id="structureTensorPass">
          <passattributes>
            <passattribute name="shaderprogram">
              <value>structureTensorShaderProgram</value>
            </passattribute>
          </passattributes>
          <passinputs>
            <passinputsemantic id="u_TextureSize" semantic="IMAGE_SIZE" type="vec2"/>
            <passinput id="u_Texture" type="sampler">
              <value>rgb2LabTexture</value>
            </passinput>
            <passinput id="u_Sigma" type="float">
              <cached>false</cached>
              <value>1.0</value>
            </passinput>
          </passinputs>
          <passoutputs>
            <passoutput id="structureTensorOutput0">
              <value>structureTensorTexture</value>
            </passoutput>
          </passoutputs>
        </pass>
        <pass id="smoothStructureTensorPass0">
          <passattributes>
            <passattribute name="shaderprogram">
              <value>gauss2DShaderProgram</value>
            </passattribute>
          </passattributes>
          <passinputs>
            <passinputsemantic id="u_TextureSize" semantic="IMAGE_SIZE" type="vec2"/>
            <passinput id="u_Texture" type="sampler">
              <value>structureTensorTexture</value>
            </passinput>
            <passinput id="u_Sigma" type="float">
              <cached>false</cached>
              <value>1.5</value>
            </passinput>
            <passinput id="u_dXdY" type="vec2">
              <cached>false</cached>
              <value>1.0 0.0</value>
            </passinput>
          </passinputs>
          <passoutputs>
            <passoutput id="smoothStructureTensorPass0Output0">
              <value>smoothStructureTensorTextureIntermediate</value>
            </passoutput>
          </passoutputs>
        </pass>
        <pass id="smoothStructureTensorPass1">
          <passattributes>
            <passattribute name="shaderprogram">
              <value>gauss2DShaderProgram</value>
            </passattribute>
          </passattributes>
          <passinputs>
            <passinputsemantic id="u_TextureSize" semantic="IMAGE_SIZE" type="vec2"/>
            <passinput id="u_Texture" type="sampler">
              <value>smoothStructureTensorTextureIntermediate</value>
            </passinput>
            <passinput id="u_Sigma" type="float">
              <cached>false</cached>
              <value>1.5</value>
            </passinput>
            <passinput id="u_dXdY" type="vec2">
              <cached>false</cached>
              <value>0.0 1.0</value>
            </passinput>
          </passinputs>
          <passoutputs>
            <passoutput id="smoothStructureTensorPass1Output0">
              <value>smoothStructureTensorTexture</value>
            </passoutput>
          </passoutputs>
        </pass>
        <pass id="tangentFlowMapPass">
          <passattributes>
            <passattribute name="shaderprogram">
              <value>tangentFlowMapShaderProgram</value>
            </passattribute>
          </passattributes>
          <passinputs>
            <passinput id="u_Texture" type="sampler">
              <value>smoothStructureTensorTexture</value>
            </passinput>
          </passinputs>
          <passoutputs>
            <passoutput id="tangentFlowMapPassOutput0">
              <value>tangentFlowMapTexture</value>
            </passoutput>
          </passoutputs>
        </pass>
        <pass id="bilateralStrokePass0">
          <passattributes>
            <passattribute name="shaderprogram">
              <value>flowAlignedBilateralShaderProgram</value>
            </passattribute>
          </passattributes>
          <passinputs>
            <passinputsemantic id="u_TextureSize" semantic="IMAGE_SIZE" type="vec2"/>
            <passinput id="u_Texture" type="sampler">
              <value>rgb2LabTexture</value>
            </passinput>
            <passinput id="u_Tfm" type="sampler">
              <value>tangentFlowMapTexture</value>
            </passinput>
            <passinput id="u_Pass" type="int">
              <cached>false</cached>
              <value>0</value>
            </passinput>
            <passinput id="u_SigmaD" type="float">
              <cached>false</cached>
              <value>3.0</value>
            </passinput>
            <passinput id="u_SigmaR" type="float">
              <cached>false</cached>
              <value>4.25</value>
            </passinput>
          </passinputs>
          <passoutputs>
            <passoutput id="bilateralStrokePass0Output0">
              <value>bilateralStrokeTextureIntermediate</value>
            </passoutput>
          </passoutputs>
        </pass>
        <pass id="bilateralStrokePass1">
          <passattributes>
            <passattribute name="shaderprogram">
              <value>flowAlignedBilateralShaderProgram</value>
            </passattribute>
          </passattributes>
          <passinputs>
            <passinputsemantic id="u_TextureSize" semantic="IMAGE_SIZE" type="vec2"/>
            <passinput id="u_Texture" type="sampler">
              <value>bilateralStrokeTextureIntermediate</value>
            </passinput>
            <passinput id="u_Tfm" type="sampler">
              <value>tangentFlowMapTexture</value>
            </passinput>
            <passinput id="u_Pass" type="int">
              <cached>false</cached>
              <value>1</value>
            </passinput>
            <passinput id="u_SigmaD" type="float">
              <cached>false</cached>
              <value>3.0</value>
            </passinput>
            <passinput id="u_SigmaR" type="float">
              <cached>false</cached>
              <value>4.25</value>
            </passinput>
          </passinputs>
          <passoutputs>
            <passoutput id="bilateralStrokePass1Output0">
              <value>bilateralStrokeTexture</value>
            </passoutput>
          </passoutputs>
        </pass>
        <pass id="preColorBilateralPass0">
          <passattributes>
            <passattribute name="shaderprogram">
              <value>flowAlignedBilateralShaderProgram</value>
            </passattribute>
          </passattributes>
          <passinputs>
            <passinputsemantic id="u_TextureSize" semantic="IMAGE_SIZE" type="vec2"/>
            <passinput id="u_Texture" type="sampler">
              <value>rgb2LabTexture</value>
            </passinput>
            <passinput id="u_Tfm" type="sampler">
              <value>tangentFlowMapTexture</value>
            </passinput>
            <passinput id="u_Pass" type="int">
              <cached>false</cached>
              <value>0</value>
            </passinput>
            <passinput id="u_SigmaD" type="float">
              <cached>false</cached>
              <value>6.0</value>
            </passinput>
            <passinput id="u_SigmaR" type="float">
              <cached>false</cached>
              <value>6.25</value>
            </passinput>
          </passinputs>
          <passoutputs>
            <passoutput id="preColorBilateralPass0Output0">
              <value>preColorBilateralTextureIntermediate</value>
            </passoutput>
          </passoutputs>
        </pass>
        <pass id="preColorBilateralPass1">
          <passattributes>
            <passattribute name="shaderprogram">
              <value>flowAlignedBilateralShaderProgram</value>
            </passattribute>
          </passattributes>
          <passinputs>
            <passinputsemantic id="u_TextureSize" semantic="IMAGE_SIZE" type="vec2"/>
            <passinput id="u_Texture" type="sampler">
              <value>preColorBilateralTextureIntermediate</value>
            </passinput>
            <passinput id="u_Tfm" type="sampler">
              <value>tangentFlowMapTexture</value>
            </passinput>
            <passinput id="u_Pass" type="int">
              <cached>false</cached>
              <value>1</value>
            </passinput>
            <passinput id="u_SigmaD" type="float">
              <cached>false</cached>
              <value>6.0</value>
            </passinput>
            <passinput id="u_SigmaR" type="float">
              <cached>false</cached>
              <value>6.25</value>
            </passinput>
          </passinputs>
          <passoutputs>
            <passoutput id="preColorBilateralPass1Output0">
              <value>preColorBilateralTexture</value>
            </passoutput>
          </passoutputs>
        </pass>
        <pass id="colorBilateralPass0">
          <passattributes>
            <passattribute name="shaderprogram">
              <value>flowAlignedBilateralShaderProgram</value>
            </passattribute>
          </passattributes>
          <passinputs>
            <passinputsemantic id="u_TextureSize" semantic="IMAGE_SIZE" type="vec2"/>
            <passinput id="u_Texture" type="sampler">
              <value>preColorBilateralTexture</value>
            </passinput>
            <passinput id="u_Tfm" type="sampler">
              <value>tangentFlowMapTexture</value>
            </passinput>
            <passinput id="u_Pass" type="int">
              <cached>false</cached>
              <value>0</value>
            </passinput>
            <passinput id="u_SigmaD" type="float">
              <cached>false</cached>
              <value>3.0</value>
            </passinput>
            <passinput id="u_SigmaR" type="float">
              <cached>false</cached>
              <value>4.25</value>
            </passinput>
          </passinputs>
          <passoutputs>
            <passoutput id="colorBilateralPass0Output0">
              <value>colorBilateralTextureIntermediate</value>
            </passoutput>
          </passoutputs>
        </pass>
        <pass id="colorBilateralPass1">
          <passattributes>
            <passattribute name="shaderprogram">
              <value>flowAlignedBilateralShaderProgram</value>
            </passattribute>
          </passattributes>
          <passinputs>
            <passinputsemantic id="u_TextureSize" semantic="IMAGE_SIZE" type="vec2"/>
            <passinput id="u_Texture" type="sampler">
              <value>colorBilateralTextureIntermediate</value>
            </passinput>
            <passinput id="u_Tfm" type="sampler">
              <value>tangentFlowMapTexture</value>
            </passinput>
            <passinput id="u_Pass" type="int">
              <cached>false</cached>
              <value>1</value>
            </passinput>
            <passinput id="u_SigmaD" type="float">
              <cached>false</cached>
              <value>3.0</value>
            </passinput>
            <passinput id="u_SigmaR" type="float">
              <cached>false</cached>
              <value>4.25</value>
            </passinput>
          </passinputs>
          <passoutputs>
            <passoutput id="colorBilateralPass1Output0">
              <value>colorBilateralTexture</value>
            </passoutput>
          </passoutputs>
        </pass>
        <pass id="xDoGPass0">
          <passattributes>
            <passattribute name="shaderprogram">
              <value>xDogPass0ShaderProgram</value>
            </passattribute>
          </passattributes>
          <passinputs>
            <passinputsemantic id="u_TextureSize" semantic="IMAGE_SIZE" type="vec2"/>
            <passinput id="u_Texture" type="sampler">
              <value>bilateralStrokeTexture</value>
            </passinput>
            <passinput id="u_Tfm" type="sampler">
              <value>tangentFlowMapTexture</value>
            </passinput>
            <passinput id="u_SigmaNarrow" type="float">
              <value>1.0</value>
            </passinput>
            <passinput id="u_SigmaWideToNarrowRatio" type="float">
              <value>1.6</value>
            </passinput>
            <passinput id="u_WideKernelWeight" type="float">
              <value>0.7</value>
            </passinput>
          </passinputs>
          <passoutputs>
            <passoutput id="xDoGPass0Output0">
              <value>xDoGTextureIntermediate</value>
            </passoutput>
          </passoutputs>
        </pass>
        <pass id="xDoGPass1">
          <passattributes>
            <passattribute name="shaderprogram">
              <value>xDogPass1ShaderProgram</value>
            </passattribute>
          </passattributes>
          <passinputs>
            <passinputsemantic id="u_TextureSize" semantic="IMAGE_SIZE" type="vec2"/>
            <passinput id="u_Texture" type="sampler">
              <value>xDoGTextureIntermediate</value>
            </passinput>
            <passinput id="u_Tfm" type="sampler">
              <value>tangentFlowMapTexture</value>
            </passinput>
            <passinput id="u_SigmaEdge" type="float">
              <value>3.0</value>
            </passinput>
            <passinput id="u_Epsilon" type="float">
              <value>0.0</value>
            </passinput>
            <passinput id="u_Phi" type="float">
              <value>10.0</value>
            </passinput>
          </passinputs>
          <passoutputs>
            <passoutput id="xDoGPass1Output0">
              <value>xDoGTexture</value>
            </passoutput>
          </passoutputs>
        </pass>
        <pass id="colorQuantizationPass">
          <passattributes>
            <passattribute name="shaderprogram">
              <value>colorQuantizationShaderProgram</value>
            </passattribute>
          </passattributes>
          <passinputs>
            <passinput id="u_Texture" type="sampler">
              <value>colorBilateralTexture</value>
            </passinput>
            <passinput id="u_NumBins" type="float">
              <value>8.0</value>
            </passinput>
            <passinput id="u_Softness" type="float">
              <value>1.0</value>
            </passinput>
            <passinput id="u_Enabled" type="float">
              <value>1.0</value>
            </passinput>
          </passinputs>
          <passoutputs>
            <passoutput id="colorQuantizationPassOutput0">
              <value>colorQuantizationTexture</value>
            </passoutput>
          </passoutputs>
        </pass>
        <pass id="lab2RgbPass">
          <passattributes>
            <passattribute name="shaderprogram">
              <value>lab2RgbShaderProgram</value>
            </passattribute>
          </passattributes>
          <passinputs>
            <passinput id="u_Texture" type="sampler">
              <value>colorQuantizationTexture</value>
            </passinput>
          </passinputs>
          <passoutputs>
            <passoutput id="lab2RgbPassOutput0">
              <value>lab2RgbTexture</value>
            </passoutput>
          </passoutputs>
        </pass>
        <pass id="spotColorPass">
          <passattributes>
            <passattribute name="shaderprogram">
              <value>spotColorShaderProgram</value>
            </passattribute>
          </passattributes>
          <passinputs>
            <passinput id="u_Texture" type="sampler">
              <value>lab2RgbTexture</value>
            </passinput>
            <passinput id="u_SpotColor" type="vec4">
              <value>#FF99C5D0</value>
            </passinput>
            <passinput id="u_SpotColorAmount" type="float">
              <value>0.0</value>
            </passinput>
            <passinput id="u_Enabled" type="float">
              <value>0.0</value>
            </passinput>
          </passinputs>
          <passoutputs>
            <passoutput id="spotColorPassOutput0">
              <value>spotColorTexture</value>
            </passoutput>
          </passoutputs>
        </pass>
        <pass id="spotColorRgb2LabPass">
          <passattributes>
            <passattribute name="shaderprogram">
              <value>rgb2LabShaderProgram</value>
            </passattribute>
          </passattributes>
          <passinputs>
            <passinput id="u_Texture" type="sampler">
              <value>spotColorTexture</value>
            </passinput>
          </passinputs>
          <passoutputs>
            <passoutput id="rgb2LabPassOutput0">
              <value>spotColorRgb2LabTexture</value>
            </passoutput>
          </passoutputs>
        </pass>
        <pass id="structureTensor2Pass">
          <passattributes>
            <passattribute name="shaderprogram">
              <value>structureTensorShaderProgram</value>
            </passattribute>
          </passattributes>
          <passinputs>
            <passinputsemantic id="u_TextureSize" semantic="IMAGE_SIZE" type="vec2"/>
            <passinput id="u_Texture" type="sampler">
              <value>spotColorRgb2LabTexture</value>
            </passinput>
            <passinput id="u_Sigma" type="float">
              <cached>false</cached>
              <value>1.0</value>
            </passinput>
          </passinputs>
          <passoutputs>
            <passoutput id="structureTensor2PassOutput0">
              <value>structureTensor2Texture</value>
            </passoutput>
          </passoutputs>
        </pass>
        <pass id="smoothStructureTensor2Pass0">
          <passattributes>
            <passattribute name="shaderprogram">
              <value>gauss2DShaderProgram</value>
            </passattribute>
          </passattributes>
          <passinputs>
            <passinputsemantic id="u_TextureSize" semantic="IMAGE_SIZE" type="vec2"/>
            <passinput id="u_Texture" type="sampler">
              <value>structureTensor2Texture</value>
            </passinput>
            <passinput id="u_Sigma" type="float">
              <cached>false</cached>
              <value>1.0</value>
            </passinput>
            <passinput id="u_dXdY" type="vec2">
              <cached>false</cached>
              <value>1.0 0.0</value>
            </passinput>
          </passinputs>
          <passoutputs>
            <passoutput id="smoothStructureTensor2Pass0Output0">
              <value>smoothStructureTensor2TextureIntermediate</value>
            </passoutput>
          </passoutputs>
        </pass>
        <pass id="smoothStructureTensor2Pass1">
          <passattributes>
            <passattribute name="shaderprogram">
              <value>gauss2DShaderProgram</value>
            </passattribute>
          </passattributes>
          <passinputs>
            <passinputsemantic id="u_TextureSize" semantic="IMAGE_SIZE" type="vec2"/>
            <passinput id="u_Texture" type="sampler">
              <value>smoothStructureTensor2TextureIntermediate</value>
            </passinput>
            <passinput id="u_Sigma" type="float">
              <cached>false</cached>
              <value>1.0</value>
            </passinput>
            <passinput id="u_dXdY" type="vec2">
              <cached>false</cached>
              <value>0.0 1.0</value>
            </passinput>
          </passinputs>
          <passoutputs>
            <passoutput id="smoothStructureTensor2Pass1Output0">
              <value>smoothStructureTensor2Texture</value>
            </passoutput>
          </passoutputs>
        </pass>
        <pass id="tangentFlowMap2Pass">
          <passattributes>
            <passattribute name="shaderprogram">
              <value>tangentFlowMapShaderProgram</value>
            </passattribute>
          </passattributes>
          <passinputs>
            <passinput id="u_Texture" type="sampler">
              <value>smoothStructureTensor2Texture</value>
            </passinput>
          </passinputs>
          <passoutputs>
            <passoutput id="tangentFlowMap2PassOutput0">
              <value>tangentFlowMap2Texture</value>
            </passoutput>
          </passoutputs>
        </pass>
        <pass id="finalColorSmoothingPass">
          <passattributes>
            <passattribute name="shaderprogram">
              <value>flowAlignedSmoothingShaderProgram</value>
            </passattribute>
          </passattributes>
          <passinputs>
            <passinputsemantic id="u_TextureSize" semantic="IMAGE_SIZE" type="vec2"/>
            <passinput id="u_Texture" type="sampler">
              <value>spotColorTexture</value>
            </passinput>
            <passinput id="u_Tfm" type="sampler">
              <value>tangentFlowMap2Texture</value>
            </passinput>
            <passinput id="u_Sigma" type="float">
              <cached>false</cached>
              <value>1.0</value>
            </passinput>
            <passinput id="u_TangentDirection" type="bool">
              <cached>false</cached>
              <value>true</value>
            </passinput>
            <passinput id="u_StepSize" type="float">
              <cached>false</cached>
              <value>0.333333333333</value>
            </passinput>
          </passinputs>
          <passoutputs>
            <passoutput id="finalColorSmoothingPassOutput0">
              <value>finalColorSmoothingTexture</value>
            </passoutput>
          </passoutputs>
        </pass>
        <pass id="structureTensor3Pass">
          <passattributes>
            <passattribute name="shaderprogram">
              <value>structureTensorShaderProgram</value>
            </passattribute>
          </passattributes>
          <passinputs>
            <passinputsemantic id="u_TextureSize" semantic="IMAGE_SIZE" type="vec2"/>
            <passinput id="u_Texture" type="sampler">
              <value>xDoGTexture</value>
            </passinput>
            <passinput id="u_Sigma" type="float">
              <cached>false</cached>
              <value>1.0</value>
            </passinput>
          </passinputs>
          <passoutputs>
            <passoutput id="structureTensor3PassOutput0">
              <value>structureTensor3Texture</value>
            </passoutput>
          </passoutputs>
        </pass>
        <pass id="smoothStructureTensor3Pass0">
          <passattributes>
            <passattribute name="shaderprogram">
              <value>gauss2DShaderProgram</value>
            </passattribute>
          </passattributes>
          <passinputs>
            <passinputsemantic id="u_TextureSize" semantic="IMAGE_SIZE" type="vec2"/>
            <passinput id="u_Texture" type="sampler">
              <value>structureTensor3Texture</value>
            </passinput>
            <passinput id="u_Sigma" type="float">
              <cached>false</cached>
              <value>1.0</value>
            </passinput>
            <passinput id="u_dXdY" type="vec2">
              <cached>false</cached>
              <value>1.0 0.0</value>
            </passinput>
          </passinputs>
          <passoutputs>
            <passoutput id="smoothStructureTensor3Pass0Output0">
              <value>smoothStructureTensor3TextureIntermediate</value>
            </passoutput>
          </passoutputs>
        </pass>
        <pass id="smoothStructureTensor3Pass1">
          <passattributes>
            <passattribute name="shaderprogram">
              <value>gauss2DShaderProgram</value>
            </passattribute>
          </passattributes>
          <passinputs>
            <passinputsemantic id="u_TextureSize" semantic="IMAGE_SIZE" type="vec2"/>
            <passinput id="u_Texture" type="sampler">
              <value>smoothStructureTensor3TextureIntermediate</value>
            </passinput>
            <passinput id="u_Sigma" type="float">
              <cached>false</cached>
              <value>1.0</value>
            </passinput>
            <passinput id="u_dXdY" type="vec2">
              <cached>false</cached>
              <value>0.0 1.0</value>
            </passinput>
          </passinputs>
          <passoutputs>
            <passoutput id="smoothStructureTensor3Pass1Output0">
              <value>smoothStructureTensor3Texture</value>
            </passoutput>
          </passoutputs>
        </pass>
        <pass id="tangentFlowMap3Pass">
          <passattributes>
            <passattribute name="shaderprogram">
              <value>tangentFlowMapShaderProgram</value>
            </passattribute>
          </passattributes>
          <passinputs>
            <passinput id="u_Texture" type="sampler">
              <value>smoothStructureTensor3Texture</value>
            </passinput>
          </passinputs>
          <passoutputs>
            <passoutput id="tangentFlowMap3PassOutput0">
              <value>tangentFlowMap3Texture</value>
            </passoutput>
          </passoutputs>
        </pass>
        <pass id="finalEdgeSmoothingPass">
          <passattributes>
            <passattribute name="shaderprogram">
              <value>flowAlignedSmoothingShaderProgram</value>
            </passattribute>
          </passattributes>
          <passinputs>
            <passinputsemantic id="u_TextureSize" semantic="IMAGE_SIZE" type="vec2"/>
            <passinput id="u_Texture" type="sampler">
              <value>xDoGTexture</value>
            </passinput>
            <passinput id="u_Tfm" type="sampler">
              <value>tangentFlowMapTexture</value>
            </passinput>
            <passinput id="u_Sigma" type="float">
              <cached>false</cached>
              <value>0.5</value>
            </passinput>
            <passinput id="u_TangentDirection" type="bool">
              <cached>false</cached>
              <value>true</value>
            </passinput>
            <passinput id="u_StepSize" type="float">
              <cached>false</cached>
              <value>0.333333333333</value>
            </passinput>
          </passinputs>
          <passoutputs>
            <passoutput id="finalEdgeSmoothingPassOutput0">
              <value>finalEdgeSmoothingTexture</value>
            </passoutput>
          </passoutputs>
        </pass>
        <pass id="finalEdgeSmoothing2Pass">
          <passattributes>
            <passattribute name="shaderprogram">
              <value>flowAlignedSmoothingShaderProgram</value>
            </passattribute>
          </passattributes>
          <passinputs>
            <passinputsemantic id="u_TextureSize" semantic="IMAGE_SIZE" type="vec2"/>
            <passinput id="u_Texture" type="sampler">
              <value>finalEdgeSmoothingTexture</value>
            </passinput>
            <passinput id="u_Tfm" type="sampler">
              <value>tangentFlowMap3Texture</value>
            </passinput>
            <passinput id="u_Sigma" type="float">
              <cached>false</cached>
              <value>0.5</value>
            </passinput>
            <passinput id="u_TangentDirection" type="bool">
              <cached>false</cached>
              <value>true</value>
            </passinput>
            <passinput id="u_StepSize" type="float">
              <cached>false</cached>
              <value>0.333333333333</value>
            </passinput>
          </passinputs>
          <passoutputs>
            <passoutput id="finalEdgeSmoothing2PassOutput0">
              <value>finalEdgeSmoothing2Texture</value>
            </passoutput>
          </passoutputs>
        </pass>
        <pass id="edgeBlendPass">
          <passattributes>
            <passattribute name="shaderprogram">
              <value>edgeBlendShaderProgram</value>
            </passattribute>
          </passattributes>
          <passinputs>
            <passinput id="u_Texture" type="sampler">
              <value>finalColorSmoothingTexture</value>
            </passinput>
            <passinput id="u_Edges" type="sampler">
              <value>finalEdgeSmoothing2Texture</value>
            </passinput>
            <passinput id="u_EdgeColor" type="vec3">
              <value>0.0 0.0 0.0</value>
            </passinput>
          </passinputs>
          <passoutputs>
            <passoutput id="edgeBlendPassOutput0">
              <value>OUTPUTTEXTURE</value>
            </passoutput>
          </passoutputs>
        </pass>
      </passes>
      <parameters>
        <valueparameter id="finalSmoothing">
          <setpassinput pass="finalColorSmoothingPass" passinput="u_Sigma"/>
        </valueparameter>
        <valueparameter id="brightness">
          <setpassinput pass="colorAdjustmentPass" passinput="u_Brightness"/>
        </valueparameter>
        <valueparameter id="contrast">
          <setpassinput pass="colorAdjustmentPass" passinput="u_Contrast"/>
       </valueparameter>
        <valueparameter id="saturation">
          <setpassinput pass="colorAdjustmentPass" passinput="u_Saturation"/>
        </valueparameter>
        <!-- ********************************************************************** -->
        <!-- Complex mapping valueparameter -->
        <!-- ********************************************************************** -->
        <valueparameter id="colorQuantization">
          <setpassinput pass="colorQuantizationPass" passinput="u_NumBins"/>
          <expressionset pass = "colorBilateralPass0" passinput="u_SigmaD">
            <expression>
              3.0 - (3.0 * (colorQuantization - 5.0)/25.0) <!--min value for colorQuantization should be 5 and max should be 30-->
            </expression>
          </expressionset>
          <expressionset pass = "colorBilateralPass1" passinput="u_SigmaD">
            <expression>
              3.0 - (3.0 * (colorQuantization - 5.0)/25.0) <!--min value for colorQuantization should be 5 and max should be 30-->
            </expression>
          </expressionset>
          <expressionset pass="colorBilateralPass0" passinput="u_SigmaR">
            <expression>
							clamp(0.0, (3.0 - (3.0 * (colorQuantization - 5.0)/25.0)) * 6.1428571, 8.0) <!--min value for colorQuantization should be 5 and max should be 30-->
						</expression>
          </expressionset>
          <expressionset pass="colorBilateralPass1" passinput="u_SigmaR">
            <expression>
							clamp(0.0, (3.0 - (3.0 * (colorQuantization - 5.0)/25.0)) * 6.1428571, 8.0) <!--min value for colorQuantization should be 5 and max should be 30-->
						</expression>
          </expressionset>
        </valueparameter>
        <valueparameter id="colorBlur">
          <setpassinput pass="colorQuantizationPass" passinput="u_Softness"/>
        </valueparameter>
        <valueparameter id="details">
          <expressionset pass="structureTensorPass" passinput="u_Sigma">
            <expression>
              0.75 * (1.0 - details/3.0) + 0.25
						</expression>
          </expressionset>
          <expressionset pass="bilateralStrokePass0" passinput="u_SigmaD">
            <expression>
              2.5*(3.0-details)
						</expression>
          </expressionset>
          <expressionset pass="bilateralStrokePass0" passinput="u_SigmaR">
            <expression>
              2.1428571*(3.0-details)
						</expression>
          </expressionset>
          <expressionset pass="bilateralStrokePass1" passinput="u_SigmaD">
            <expression>
              2.5*(3.0-details)
						</expression>
          </expressionset>
          <expressionset pass="bilateralStrokePass1" passinput="u_SigmaR">
            <expression>
              2.1428571*(3.0-details)
						</expression>
          </expressionset>
          <expressionset pass="xDoGPass1" passinput="u_SigmaEdge">
            <expression>
							1.2 * (3.0 - details) + 1.42
						</expression>
          </expressionset>
        </valueparameter>
        <valueparameter id="strokeWidth">
          <setpassinput pass="xDoGPass0" passinput="u_SigmaNarrow"/>
          <expressionset pass="finalEdgeSmoothingPass" passinput="u_Sigma">
            <expression>
              0.5 * (1.0 - (strokeWidth - 0.2) * (strokeWidth - 0.2))
            </expression>
          </expressionset>
          <expressionset pass="finalEdgeSmoothing2Pass" passinput="u_Sigma">
            <expression>
              (strokeWidth - 0.2) * (strokeWidth - 0.2)
            </expression>
          </expressionset>
        </valueparameter>
        <valueparameter id="contour">
          <setpassinput pass="xDoGPass0" passinput="u_WideKernelWeight"/>
        </valueparameter>
        <valueparameter id="blackness">
          <setpassinput pass="xDoGPass1" passinput="u_Epsilon"/>
        </valueparameter>
        <valueparameter id="spotColor">
          <setpassinput pass="spotColorPass" passinput="u_SpotColor"/>
        </valueparameter>
        <valueparameter id="spotColorAmount">
          <setpassinput pass="spotColorPass" passinput="u_SpotColorAmount"/>
          <!-- The enabled uniforms are workarounds for enabling / disabling the passes since we don't support
               the enabled attribute for passes yet. When the spotColorPass is enabled a bunch of other passes need to
               get disabled. For now we only disable color quantization. For and exhaustive list of passes that need to
               get disabled see https://bitbucket.org/digitalmasterpieces/ios-rendering-core/src/7f9adddd06d71d013f0a45566716c76ef92e255e/DMRenderingCore/GLES2/Filters/DMGLES2ToonFilter.m#lines-375 -->
          <expressionset pass="spotColorPass" passinput="u_Enabled">
            <expression>
              ceil(spotColorAmount)
            </expression>
          </expressionset>
          <expressionset pass="colorQuantizationPass" passinput="u_Enabled">
            <expression>
              1.0 - ceil(spotColorAmount)
            </expression>
          </expressionset>
        </valueparameter>
      </parameters>
    </target>
  </targets>
</effectimpl>
