<?xml version="1.0" encoding="UTF-8" standalone="yes"?>
<effectdef
  implset="default/watercolor/implementationset/watercolor/1/watercolor.implset.xml"
  presets="default/watercolor/common/presets/1/watercolor.presets.xml"
  ui="default/watercolor/common/ui/1/watercolor.ui.xml" version="1" xmlns="http://www.digitalmasterpieces.com/schema/vca-definition">
  <requirements>
    <directory uri="default/common/common/icon/1"/>
    <directory uri="default/watercolor/common/icon/1"/>
  </requirements>
  <effectio>
    <effectinputs>
      <effectinput type="image">INPUTTEXTURE</effectinput>
    </effectinputs>
    <effectoutputs>
      <effectoutput type="image">OUTPUTTEXTURE</effectoutput>
    </effectoutputs>
  </effectio>
  <brushes>
    <paintingbrush id="default">
      <frompreset>DefaultPaintingBrush</frompreset>
    </paintingbrush>
    <paintingbrush id="strong">
      <frompreset>StrongPaintingBrush</frompreset>
    </paintingbrush>
    <paintingbrush id="large">
      <frompreset>LargePaintingBrush</frompreset>
      <mainstrokewidth>300</mainstrokewidth>
    </paintingbrush>
    <paintingbrush id="sharp">
      <frompreset>SharpPaintingBrush</frompreset>
    </paintingbrush>
    <paintingbrush id="sharpLarge">
      <frompreset>SharpPaintingBrush</frompreset>
      <mainstrokewidth>300</mainstrokewidth>
    </paintingbrush>
  </brushes>
  <parameters>
    <paintingvalueparameter id="colorAmount" type="float">
      <brushes>
        <brush>default</brush>
        <defaultbrush>large</defaultbrush>
        <brush>strong</brush>
      </brushes>
      <default>0.8</default>
      <minrange>0.0</minrange>
      <maxrange>1.0</maxrange>
      <step>0.05</step>
    </paintingvalueparameter>
    <paintingvalueparameter id="colorfulness" type="float">
      <brushes>
        <brush>default</brush>
        <defaultbrush>large</defaultbrush>
        <brush>strong</brush>
      </brushes>
      <default>1.0</default>
      <minrange>0.0</minrange>
      <maxrange>3.0</maxrange>
      <step>0.05</step>
    </paintingvalueparameter>
    <paintingvalueparameter id="luminosity" type="float">
      <brushes>
        <brush>default</brush>
        <defaultbrush>large</defaultbrush>
        <brush>strong</brush>
      </brushes>
      <default>0.1</default>
      <minrange>0.0</minrange>
      <maxrange>0.5</maxrange>
      <step>0.01</step>
    </paintingvalueparameter>
    <paintingvalueparameter id="contrast" type="float">
      <brushes>
        <brush>default</brush>
        <defaultbrush>large</defaultbrush>
        <brush>strong</brush>
      </brushes>
      <default>1.0s</default>
      <minrange>0.0</minrange>
      <maxrange>3.0</maxrange>
      <step>0.05</step>
    </paintingvalueparameter>
    <paintingvalueparameter id="wetness" type="float">
      <brushes>
        <brush>default</brush>
        <defaultbrush>large</defaultbrush>
        <brush>strong</brush>
      </brushes>
      <default>3.0</default>
      <minrange>0.0</minrange>
      <maxrange>20.0</maxrange>
      <step>0.1</step>
    </paintingvalueparameter>
    <paintingvalueparameter id="strokeWidth" type="float">
      <brushes>
        <brush>default</brush>
        <defaultbrush>large</defaultbrush>
        <brush>strong</brush>
      </brushes>
      <default>1.7</default>
      <minrange>0.0</minrange>
      <maxrange>4.0</maxrange>
      <step>0.25</step>
    </paintingvalueparameter>
    <paintingvalueparameter id="contour" type="float">
      <brushes>
        <brush>default</brush>
        <defaultbrush>large</defaultbrush>
        <brush>strong</brush>
      </brushes>
      <default>0.98</default>
      <minrange>0.5</minrange>
      <maxrange>0.99</maxrange>
      <step>0.01</step>
    </paintingvalueparameter>
    <paintingvalueparameter id="edgeLightness" type="float">
      <brushes>
        <brush>default</brush>
        <defaultbrush>large</defaultbrush>
        <brush>strong</brush>
      </brushes>
      <default>0.5</default>
      <minrange>0.0</minrange>
      <maxrange>1.0</maxrange>
      <step>0.1</step>
    </paintingvalueparameter>
    <!-- <paintingvalueparameter id="drybrush" type="float">
      <brushes>
        <brush>default</brush>
        <defaultbrush>large</defaultbrush>
        <brush>strong</brush>
      </brushes>
      <default>4.0</default>
      <minrange>0.0</minrange>
      <maxrange>10.0</maxrange>
      <step>1.0</step>
    </paintingvalueparameter> -->
    <paintingvalueparameter id="watercolorTexturePower" type="float">
      <brushes>
        <brush>default</brush>
        <defaultbrush>large</defaultbrush>
        <brush>strong</brush>
      </brushes>
      <default>0.0</default>
      <minrange>0.0</minrange>
      <maxrange>2.0</maxrange>
      <step>0.05</step>
    </paintingvalueparameter>
    <valueparameter id="scaleFactor" type="float">
      <default>0.5</default>
      <minrange>0.0</minrange>
      <maxrange>1.0</maxrange>
      <step>0.01</step>
      <!--
          <setoutputresolution pass="colorSplatteringPass"/>
          -->
      <!--
          <setoutputresolution pass="tangentFlowMapPass"/>
          -->
      <!--
          <setoutputresolution pass="wetInWetPass"/>
          <setoutputresolution pass="flowAlignedSmoothingPass2"/>
          -->
    </valueparameter>
  </parameters>
</effectdef>
