<?xml version="1.0" encoding="UTF-8" standalone="yes"?>
<implset version="1" xmlns="http://www.digitalmasterpieces.com/schema/vca-implementation-set">
  <implementations>
    <target api="OpenGLES"
      apiExtensions="GL_EXT_color_buffer_half_float" apiVersion="2.0">
      <impl performance="1000" uri="default/oilpaint/implementation/opengles_20/1/oilpaint.fxeffect.impl.xml"/>
    </target>
    <target api="OpenGL" apiVersion="3.3">
      <impl performance="1000" uri="default/oilpaint/implementation/opengl_33/1/oilpaint.fxeffect.impl.xml"/>
    </target>
  </implementations>
</implset>