<?xml version="1.0" encoding="UTF-8" standalone="yes"?>
<effectdef
  implset="default/color/implementationset/color_lut_2d/1/color_lut_2d.implset.xml"
  presets="default/color/common/presets/1/color_lut_2d.presets.xml"
  ui="default/color/common/ui/1/color_lut_2d.ui.xml" version="1" xmlns="http://www.digitalmasterpieces.com/schema/vca-definition">
  <requirements>
    <directory uri="default/common/common/icon/1"/>
    <directory uri="default/color/common/icon/1"/>
  </requirements>
  <effectio>
    <effectinputs>
      <effectinput type="image">INPUTTEXTURE</effectinput>
    </effectinputs>
    <effectoutputs>
      <effectoutput type="image">OUTPUTTEXTURE</effectoutput>
    </effectoutputs>
  </effectio>
  <parameters>
    <enumparameter id="lut" type="sampler">
      <enumeration default="Bleach_Bypass">
        <element id="Bleach_Bypass">
          <value>BleachBypass</value>
        </element>
        <element id="Candle_Light">
          <value>CandleLight</value>
        </element>
        <element id="Cool_Contrast">
          <value>CoolContrast</value>
        </element>
        <element id="Desaturated_Fog">
          <value>DesaturatedFog</value>
        </element>
        <element id="Evening">
          <value>Evening</value>
        </element>
        <element id="Fall">
          <value>Fall</value>
        </element>
        <element id="Filmic_1">
          <value>Filmic1</value>
        </element>
        <element id="Filmic_2">
          <value>Filmic2</value>
        </element>
        <element id="Filmic_3">
          <value>Filmic3</value>
        </element>
        <element id="Filmic_4">
          <value>Filmic4</value>
        </element>
        <element id="Filmic_5">
          <value>Filmic5</value>
        </element>
        <element id="Filmic_6">
          <value>Filmic6</value>
        </element>
        <element id="Filmic_7">
          <value>Filmic7</value>
        </element>
        <element id="Filmic_8">
          <value>Filmic8</value>
        </element>
        <element id="Filmic_9">
          <value>Filmic9</value>
        </element>
        <element id="Matrix_Blue">
          <value>MatrixBlue</value>
        </element>
        <element id="Matrix_Green">
          <value>MatrixGreen</value>
        </element>
        <element id="Night_1">
          <value>Night1</value>
        </element>
        <element id="Night_2">
          <value>Night1</value>
        </element>
        <element id="Night_Dark">
          <value>NightDark</value>
        </element>
        <element id="Strong_Amber">
          <value>StrongAmber</value>
        </element>
        <element id="Warm">
          <value>Warm</value>
        </element>
        <element id="Warm_Contrast">
          <value>WarmContrast</value>
        </element>
      </enumeration>
    </enumparameter>
    <valueparameter id="luminanceMixRatio" type="float">
      <default>0.0</default>
      <minrange>0.0</minrange>
      <maxrange>1.0</maxrange>
      <step>0.001</step>
    </valueparameter>
  </parameters>
</effectdef>
