<?xml version="1.0" encoding="UTF-8" standalone="yes"?>
<presettargets name="20's Cam Presets" version="1" xmlns="http://www.digitalmasterpieces.com/schema/vca-presets">
  <target deviceBrand="*" deviceModel="*">
    <presets type="image">
      <preset id="Normal">
        <effect ref="20's Cam">
          <parameter ref="colorConversionLUTLayer">0</parameter>
        </effect>
      </preset>
      <preset id="Grayscale">
        <effect ref="20's Cam">
          <parameter ref="colorConversionLUTLayer">1</parameter>
        </effect>
      </preset>
      <preset id="Blueish">
        <effect ref="20's Cam">
          <parameter ref="colorConversionLUTLayer">2</parameter>
        </effect>
      </preset>
      <preset id="Retro">
        <effect ref="20's Cam">
          <parameter ref="colorConversionLUTLayer">3</parameter>
        </effect>
      </preset>
      <preset id="Sepia">
        <effect ref="20's Cam">
          <parameter ref="colorConversionLUTLayer">4</parameter>
        </effect>
      </preset>
      <preset id="Off">
        <effect ref="20's Cam">
          <parameter ref="bleachStrength">0.0</parameter>
          <parameter ref="contrast">1.0</parameter>
          <parameter ref="meanBlurKernelRadius">0</parameter>
          <parameter ref="shakeIntensity">0.0</parameter>
          <parameter ref="shakeSpeed">0.0</parameter>
          <parameter ref="filmGrainIntensity">0.0</parameter>
          <parameter ref="brightnessFlickeringIntensity">0.0</parameter>
          <parameter ref="vignetteRadialSize">1.0</parameter>
          <parameter ref="vignetteRadialSmoothness">0.01</parameter>
          <parameter ref="constantScratchIntensity">0.0</parameter>
          <parameter ref="movingScratchIntensity">0.0</parameter>
          <parameter ref="movingScratchSpeed">0.0</parameter>
        </effect>
      </preset>
      <preset id="Weak">
        <effect ref="20's Cam">
          <parameter ref="bleachStrength">0.2</parameter>
          <parameter ref="contrast">1.2</parameter>
          <parameter ref="meanBlurKernelRadius">2</parameter>
          <parameter ref="shakeIntensity">0.02</parameter>
          <parameter ref="shakeSpeed">200.0</parameter>
          <parameter ref="filmGrainIntensity">0.04</parameter>
          <parameter ref="brightnessFlickeringIntensity">0.1</parameter>
          <parameter ref="vignetteRadialSize">0.8</parameter>
          <parameter ref="vignetteRadialSmoothness">0.8</parameter>
          <parameter ref="constantScratchIntensity">0.3</parameter>
          <parameter ref="movingScratchIntensity">0.4</parameter>
          <parameter ref="movingScratchSpeed">30.0</parameter>
        </effect>
      </preset>
      <preset id="Strong">
        <effect ref="20's Cam">
          <parameter ref="bleachStrength">0.5</parameter>
          <parameter ref="contrast">1.4</parameter>
          <parameter ref="meanBlurKernelRadius">4</parameter>
          <parameter ref="shakeIntensity">0.04</parameter>
          <parameter ref="shakeSpeed">200.0</parameter>
          <parameter ref="filmGrainIntensity">0.08</parameter>
          <parameter ref="brightnessFlickeringIntensity">0.2</parameter>
          <parameter ref="vignetteRadialSize">0.7</parameter>
          <parameter ref="vignetteRadialSmoothness">0.8</parameter>
          <parameter ref="constantScratchIntensity">0.5</parameter>
          <parameter ref="movingScratchIntensity">0.8</parameter>
          <parameter ref="movingScratchSpeed">60.0</parameter>
        </effect>
      </preset>
      <preset id="Maximum">
        <effect ref="20's Cam">
          <parameter ref="bleachStrength">0.8</parameter>
          <parameter ref="contrast">1.7</parameter>
          <parameter ref="meanBlurKernelRadius">7</parameter>
          <parameter ref="shakeIntensity">0.06</parameter>
          <parameter ref="shakeSpeed">200.0</parameter>
          <parameter ref="filmGrainIntensity">0.1</parameter>
          <parameter ref="brightnessFlickeringIntensity">0.3</parameter>
          <parameter ref="vignetteRadialSize">0.6</parameter>
          <parameter ref="vignetteRadialSmoothness">0.8</parameter>
          <parameter ref="constantScratchIntensity">0.8</parameter>
          <parameter ref="movingScratchIntensity">1.0</parameter>
          <parameter ref="movingScratchSpeed">100.0</parameter>
        </effect>
      </preset>
    </presets>
  </target>
</presettargets>
