<?xml version="1.0" encoding="UTF-8" standalone="yes"?>
<effectui effectIcon="default/oilpaint/common/icon/1/oilpaint.generated.png"
  effectName="Oilpaint" effectDescription="Oil Paint" version="1" xmlns="http://www.digitalmasterpieces.com/schema/vca-ui">
  <target deviceBrand="*" deviceModel="*">
    <parameters>
      <parameter description="Color Amount" hidden="false"
        icon="default/oilpaint/common/icon/1/color_amount.png" id="colorAmount"/>
      <parameter description="Colorfulness" hidden="false"
        icon="default/oilpaint/common/icon/1/colorfulness.png" id="colorfulness"/>
      <parameter description="Luminosity" hidden="false"
        icon="default/oilpaint/common/icon/1/luminosity.png" id="luminosity"/>
      <parameter description="Image - Level of Abstraction"
        hidden="false" icon="default/oilpaint/common/icon/1/lod.png" id="ColorSmoothing"/>
      <parameter description="Paint Texture - Level of Abstraction"
        hidden="false" icon="default/oilpaint/common/icon/1/details.png" id="STSmoothing"/>
      <parameter description="Details" hidden="false"
        icon="default/oilpaint/common/icon/1/details.png" id="details"/>
      <parameter description="Paint Texture - Thickness" hidden="false"
        icon="default/oilpaint/common/icon/1/strokeWidth.png" id="BumpScale"/>
      <parameter description="Paint Texture - Brush Scale"
        hidden="false" icon="default/oilpaint/common/icon/1/brush.png" id="BrushScale"/>
      <parameter description="Paint Texture - Softness" hidden="false"
        icon="default/oilpaint/common/icon/1/feather.png" id="MicroBrush"/>
      <parameter description="Global Level of Abstraction"
        icon="default/oilpaint/common/icon/1/globallod.png" id="ScaleFactor"/>
      <parameter description="Switch Original / Painting Image"
        hidden="true"
        icon="default/oilpaint/common/icon/1/blackness_void.png" id="OriginalSwitch"/>
    </parameters>
    <brushes>
      <brush description="Default" id="default"/>
      <brush description="Strong" id="strong"/>
      <brush description="Large" id="large"/>
      <brush description="Normal" id="sharp"/>
      <brush description="Large" id="sharpLarge"/>
      <brush description="Small" id="smallDirection"/>
      <brush description="Normal" id="normalDirection"/>
      <brush description="Large" id="largeDirection"/>
    </brushes>
    <presets>
      <preset icon="default/oilpaint/common/icon/1/preset_generated/oilpaint_selfie.png" id="selfie" description="Selfie"/>
      <preset icon="default/oilpaint/common/icon/1/preset_generated/oilpaint_details.png" id="details" description="Details"/>
      <preset icon="default/oilpaint/common/icon/1/preset_generated/oilpaint_fur.png" id="fur" description="Fur"/>
      <preset icon="default/oilpaint/common/icon/1/preset_generated/oilpaint_landscape.png" id="landscape" description="Landscape"/>
      <preset icon="default/oilpaint/common/icon/1/preset_generated/oilpaint_abstract1.png" id="abstract1" description="Abstract1"/>	  
      <preset icon="default/oilpaint/common/icon/1/preset_generated/oilpaint_abstract2.png" id="abstract2" description="Abstract2"/>
    </presets>
  </target>
</effectui>
