<?xml version="1.0" encoding="UTF-8" standalone="yes"?>
<effectimpl xmlns="http://www.digitalmasterpieces.com/schema/vca-implementation">
  <requirements>
    <directory uri="default/oilpaint/common/texture/1"/>
    <directory uri="default/oilpaint/common/shader-desktop/1"/>
    <directory uri="default/common/common/shader-desktop/1"/>
    <directory uri="default/colorspace/common/shader-desktop/1"/>
  </requirements>
  <targets>
    <target api="OpenGL" apiVersion="3.3">
      <shaderprograms>
        <shaderprogram id="colorGradingThresholdingShaderProgram"
          type="GLSL" version="330">
          <vertexshader file="default/common/common/shader-desktop/1/GLSL_330/void_position.vert"/>
          <fragmentshader file="default/oilpaint/common/shader-desktop/1/GLSL_330/color_grading_thresholding.frag"/>
          <fragmentshader file="default/colorspace/common/shader-desktop/1/GLSL_330/rgb_hsl.glsl"/>
          <fragmentshader file="default/colorspace/common/shader-desktop/1/GLSL_330/hsl_rgb.glsl"/>
        </shaderprogram>
        <shaderprogram id="rgb2LabShaderProgram" type="GLSL" version="330">
          <vertexshader file="default/common/common/shader-desktop/1/GLSL_330/void_position.vert"/>
          <fragmentshader file="default/oilpaint/common/shader-desktop/1/GLSL_330/rgb_to_lab.frag"/>
          <fragmentshader file="default/colorspace/common/shader-desktop/1/GLSL_330/rgb_lab.glsl"/>
          <fragmentshader file="default/colorspace/common/shader-desktop/1/GLSL_330/rgb_xyz.glsl"/>
          <fragmentshader file="default/colorspace/common/shader-desktop/1/GLSL_330/xyz_lab.glsl"/>
        </shaderprogram>
        <shaderprogram id="noiseProgram" type="GLSL" version="330">
          <vertexshader file="default/common/common/shader-desktop/1/GLSL_330/void_position.vert"/>
          <fragmentshader file="default/oilpaint/common/shader-desktop/1/GLSL_330/noise.frag"/>
        </shaderprogram>
        <shaderprogram id="structureTensorShaderProgram" type="GLSL" version="330">
          <vertexshader file="default/oilpaint/common/shader-desktop/1/GLSL_330/structure_tensor.vert"/>
          <fragmentshader file="default/oilpaint/common/shader-desktop/1/GLSL_330/structure_tensor.frag"/>
        </shaderprogram>
        <shaderprogram id="bilateralShaderProgram" type="GLSL" version="330">
          <vertexshader file="default/common/common/shader-desktop/1/GLSL_330/void_position.vert"/>
          <fragmentshader file="default/oilpaint/common/shader-desktop/1/GLSL_330/flow_aligned_bilateral.frag"/>
        </shaderprogram>
        <shaderprogram id="jbuShaderProgram" type="GLSL" version="330">
          <vertexshader file="default/common/common/shader-desktop/1/GLSL_330/void_position.vert"/>
          <fragmentshader file="default/oilpaint/common/shader-desktop/1/GLSL_330/joint_bilateral_upsampling.frag"/>
        </shaderprogram>
        <shaderprogram id="flowJbuShaderProgram" type="GLSL" version="330">
          <vertexshader file="default/common/common/shader-desktop/1/GLSL_330/void_position.vert"/>
          <fragmentshader file="default/oilpaint/common/shader-desktop/1/GLSL_330/flow_aligned_joint_bilateral_upsampling.frag"/>
        </shaderprogram>
        <shaderprogram id="logShaderProgram" type="GLSL" version="330">
          <vertexshader file="default/common/common/shader-desktop/1/GLSL_330/void_position.vert"/>
          <fragmentshader file="default/oilpaint/common/shader-desktop/1/GLSL_330/log.frag"/>
        </shaderprogram>
        <shaderprogram id="gauss2DShaderProgram" type="GLSL" version="330">
          <vertexshader file="default/common/common/shader-desktop/1/GLSL_330/void_position.vert"/>
          <fragmentshader file="default/oilpaint/common/shader-desktop/1/GLSL_330/gauss_2d_xy_separated.frag"/>
        </shaderprogram>
        <shaderprogram id="gauss2DAdaptiveShaderProgram" type="GLSL" version="330">
          <vertexshader file="default/common/common/shader-desktop/1/GLSL_330/void_position.vert"/>
          <fragmentshader file="default/oilpaint/common/shader-desktop/1/GLSL_330/gauss_2d_adaptive.frag"/>
        </shaderprogram>
        <shaderprogram id="gauss2DAdaptiveShaderXYSeparatedProgram"
          type="GLSL" version="330">
          <vertexshader file="default/common/common/shader-desktop/1/GLSL_330/void_position.vert"/>
          <fragmentshader file="default/oilpaint/common/shader-desktop/1/GLSL_330/gauss_2d_adaptive_xy_separated.frag"/>
        </shaderprogram>
        <shaderprogram id="tangentFlowMapShaderProgram" type="GLSL" version="330">
          <vertexshader file="default/common/common/shader-desktop/1/GLSL_330/void_position.vert"/>
          <fragmentshader file="default/oilpaint/common/shader-desktop/1/GLSL_330/tangent_flow_map.frag"/>
        </shaderprogram>
        <shaderprogram id="flowAlignedSmoothingShaderProgram"
          type="GLSL" version="330">
          <vertexshader file="default/common/common/shader-desktop/1/GLSL_330/void_position.vert"/>
          <fragmentshader file="default/oilpaint/common/shader-desktop/1/GLSL_330/flow_aligned_smoothing.frag"/>
        </shaderprogram>
        <shaderprogram id="flowAlignedSmoothingThresholdedShaderProgram"
          type="GLSL" version="330">
          <vertexshader file="default/common/common/shader-desktop/1/GLSL_330/void_position.vert"/>
          <fragmentshader file="default/oilpaint/common/shader-desktop/1/GLSL_330/flow_aligned_smoothing_thresholded.frag"/>
        </shaderprogram>
        <shaderprogram id="bumpPhongShaderProgram" type="GLSL" version="330">
          <vertexshader file="default/common/common/shader-desktop/1/GLSL_330/void_position.vert"/>
          <fragmentshader file="default/oilpaint/common/shader-desktop/1/GLSL_330/bump_phong.frag"/>
        </shaderprogram>
        <shaderprogram id="composeShaderProgram" type="GLSL" version="330">
          <vertexshader file="default/common/common/shader-desktop/1/GLSL_330/void_position.vert"/>
          <fragmentshader file="default/oilpaint/common/shader-desktop/1/GLSL_330/compose.frag"/>
          <fragmentshader file="default/colorspace/common/shader-desktop/1/GLSL_330/rgb_hsv.glsl"/>
        </shaderprogram>
        <shaderprogram id="logSignShaderProgram" type="GLSL" version="330">
          <vertexshader file="default/common/common/shader-desktop/1/GLSL_330/void_position.vert"/>
          <fragmentshader file="default/oilpaint/common/shader-desktop/1/GLSL_330/log_sign.frag"/>
        </shaderprogram>
      </shaderprograms>
      <textures>
        <texture2d id="colorGradingThresholdingTexture"/>
        <texture2d id="RGB2LABTexture"/>
        <texture2d id="structureTensorTexture">
          <type>GL_HALF_FLOAT</type>
          <format>GL_RGBA</format>
          <internalformat>GL_RGBA16F</internalformat>
        </texture2d>
        <texture2d id="smoothStructureTensorTexturePass0">
          <type>GL_HALF_FLOAT</type>
          <format>GL_RGBA</format>
          <internalformat>GL_RGBA16F</internalformat>
        </texture2d>
        <texture2d id="smoothStructureTensorTexturePass1">
          <type>GL_HALF_FLOAT</type>
          <format>GL_RGBA</format>
          <internalformat>GL_RGBA16F</internalformat>
        </texture2d>
        <texture2d id="tangentFlowMapTexture">
          <type>GL_HALF_FLOAT</type>
          <format>GL_RGBA</format>
          <internalformat>GL_RGBA16F</internalformat>
        </texture2d>
        <texture2d id="tangentFlowAdaptiveMapTexture">
          <type>GL_HALF_FLOAT</type>
          <format>GL_RGBA</format>
          <internalformat>GL_RGBA16F</internalformat>
        </texture2d>
        <texture2d id="colorBilateralPass0Texture"/>
        <texture2d id="colorBilateralPass1Texture"/>
        <texture2d id="logTexture">
          <type>GL_HALF_FLOAT</type>
          <format>GL_RGBA</format>
          <internalformat>GL_RGBA16F</internalformat>
        </texture2d>
        <texture2d id="smoothedLogTexture">
          <type>GL_HALF_FLOAT</type>
          <format>GL_RGBA</format>
          <internalformat>GL_RGBA16F</internalformat>
        </texture2d>
        <texture2d id="smoothStructureTensorAdaptiveTexturePass0">
          <type>GL_HALF_FLOAT</type>
          <format>GL_RGBA</format>
          <internalformat>GL_RGBA16F</internalformat>
        </texture2d>
        <texture2d id="smoothStructureTensorAdaptiveTexturePass1">
          <type>GL_HALF_FLOAT</type>
          <format>GL_RGBA</format>
          <internalformat>GL_RGBA16F</internalformat>
        </texture2d>
        <texture2d id="noiseColorTexture">
          <target>GL_TEXTURE_2D</target>
          <wrapmode>GL_CLAMP_TO_EDGE</wrapmode>
          <filtermode>GL_LINEAR</filtermode>
          <type>GL_UNSIGNED_BYTE</type>
          <format>GL_RGBA</format>
          <internalformat>GL_RGBA</internalformat>
        </texture2d>
        <texture2d id="smoothedNoiseColorTexture">
          <target>GL_TEXTURE_2D</target>
          <wrapmode>GL_CLAMP_TO_EDGE</wrapmode>
          <filtermode>GL_LINEAR</filtermode>
          <type>GL_UNSIGNED_BYTE</type>
          <format>GL_RGBA</format>
          <internalformat>GL_RGBA</internalformat>
        </texture2d>
        <texture2d id="jbuPass0Texture"/>
        <texture2d id="jbuPass1Texture"/>
        <texture2d id="bumpPhongMapTexture"/>
        <texture2d id="canvasBump">
          <target>GL_TEXTURE_2D</target>
          <wrapmode>GL_REPEAT</wrapmode>
          <filtermode>GL_LINEAR</filtermode>
          <type>GL_UNSIGNED_BYTE</type>
          <format>GL_RGB</format>
          <internalformat>GL_RGB</internalformat>
          <source>
            <uri>default/oilpaint/common/texture/1/canvas1.png</uri>
          </source>
        </texture2d>
        <texture2d id="OUTPUTTEXTURE">
          <target>GL_TEXTURE_2D</target>
          <wrapmode>GL_CLAMP_TO_EDGE</wrapmode>
          <filtermode>GL_LINEAR</filtermode>
          <type>GL_UNSIGNED_BYTE</type>
          <format>GL_RGB</format>
          <internalformat>GL_RGB</internalformat>
        </texture2d>
        <!-- mask textures -->
        <texture2d id="detailsMaskTexture"/>
        <texture2d id="colorAmountMaskTexture"/>
        <texture2d id="colorSmoothingMaskTexture"/>
        <texture2d id="stSmoothingMaskTexture"/>
        <texture2d id="bumpScaleMaskTexture"/>
      </textures>
      <passes>
        <pass id="colorGradingThresholdingPass">
          <passattributes>
            <passattribute name="shaderprogram">
              <value>colorGradingThresholdingShaderProgram</value>
            </passattribute>
          </passattributes>
          <passinputs>
            <passinput id="u_Texture" type="sampler">
              <value>INPUTTEXTURE</value>
            </passinput>
            <passinput id="u_colorBins" type="int">
              <value>512</value>
            </passinput>
            <passinput id="u_saturateFactor" type="float">
              <value>0.0</value>
            </passinput>
            <passinput id="u_luminanceFactor" type="float">
              <value>0.0</value>
            </passinput>
            <passinput id="u_luminanceThreshold" type="float">
              <value>1.0</value>
            </passinput>
            <passinput id="u_ColorAmountMaskTexture" type="sampler">
              <value>colorAmountMaskTexture</value>
            </passinput>
          </passinputs>
          <passoutputs>
            <passoutput id="colorGradingThresholdingPassOutput0">
              <value>colorGradingThresholdingTexture</value>
            </passoutput>
          </passoutputs>
        </pass>
        <pass id="rgb2LabPass">
          <passattributes>
            <passattribute name="shaderprogram">
              <value>rgb2LabShaderProgram</value>
            </passattribute>
          </passattributes>
          <passinputs>
            <passinput id="u_Texture" type="sampler">
              <value>colorGradingThresholdingTexture</value>
            </passinput>
          </passinputs>
          <passoutputs>
            <passoutput id="rgb2LabPassOutput0">
              <value>RGB2LABTexture</value>
            </passoutput>
          </passoutputs>
        </pass>
        <pass id="structureTensorPass">
          <passattributes>
            <passattribute name="shaderprogram">
              <value>structureTensorShaderProgram</value>
            </passattribute>
          </passattributes>
          <passinputs>
            <passinputsemantic id="u_TextureSize" semantic="ORIGINAL_IMAGE_SIZE" type="vec2"/>
            <passinput id="u_Texture" type="sampler">
              <value>RGB2LABTexture</value>
            </passinput>
          </passinputs>
          <passoutputs>
            <passoutput id="structureTensorOutput0">
              <value>structureTensorTexture</value>
            </passoutput>
          </passoutputs>
        </pass>
        <pass id="smoothStructureTensorPass0">
          <passattributes>
            <passattribute name="shaderprogram">
              <value>gauss2DShaderProgram</value>
            </passattribute>
          </passattributes>
          <passinputs>
            <passinputsemantic id="u_TextureSize" semantic="ORIGINAL_IMAGE_SIZE" type="vec2"/>
            <passinputsemantic id="u_TileSize" semantic="TILE_SIZE" type="vec2"/>
            <passinputsemantic id="u_TilePosition" semantic="TILE_POSITION" type="vec2"/>
            <passinput id="u_Texture" type="sampler">
              <value>structureTensorTexture</value>
            </passinput>
            <passinput id="u_Sigma" type="float">
              <value>2.0</value>
            </passinput>
            <passinput id="u_dXdY" type="vec2">
              <cached>false</cached>
              <value>1.0 0.0</value>
            </passinput>
            <passinput id="u_StSmoothingMaskTexture" type="sampler">
              <value>stSmoothingMaskTexture</value>
            </passinput>
          </passinputs>
          <passoutputs>
            <passoutput id="smoothStructureTensorPass0Output0">
              <value>smoothStructureTensorTexturePass0</value>
            </passoutput>
          </passoutputs>
        </pass>
        <pass id="smoothStructureTensorPass1">
          <passattributes>
            <passattribute name="shaderprogram">
              <value>gauss2DShaderProgram</value>
            </passattribute>
          </passattributes>
          <passinputs>
            <passinputsemantic id="u_TextureSize" semantic="ORIGINAL_IMAGE_SIZE" type="vec2"/>
            <passinputsemantic id="u_TileSize" semantic="TILE_SIZE" type="vec2"/>
            <passinputsemantic id="u_TilePosition" semantic="TILE_POSITION" type="vec2"/>
            <passinput id="u_Texture" type="sampler">
              <value>smoothStructureTensorTexturePass0</value>
            </passinput>
            <passinput id="u_Sigma" type="float">
              <value>2.0</value>
            </passinput>
            <passinput id="u_dXdY" type="vec2">
              <cached>false</cached>
              <value>0.0 1.0</value>
            </passinput>
            <passinput id="u_StSmoothingMaskTexture" type="sampler">
              <value>stSmoothingMaskTexture</value>
            </passinput>
          </passinputs>
          <passoutputs>
            <passoutput id="smoothStructureTensorPass1Output0">
              <value>smoothStructureTensorTexturePass1</value>
            </passoutput>
          </passoutputs>
        </pass>
        <pass id="tangentFlowMapPass">
          <passattributes>
            <passattribute name="shaderprogram">
              <value>tangentFlowMapShaderProgram</value>
            </passattribute>
          </passattributes>
          <passinputs>
            <passinput id="u_Texture" type="sampler">
              <value>smoothStructureTensorTexturePass1</value>
            </passinput>
          </passinputs>
          <passoutputs>
            <passoutput id="tangentFlowMapPassOutput0">
              <value>tangentFlowMapTexture</value>
            </passoutput>
          </passoutputs>
        </pass>
        <pass id="colorBilateralPassPass0">
          <passattributes>
            <passattribute name="shaderprogram">
              <value>bilateralShaderProgram</value>
            </passattribute>
          </passattributes>
          <passinputs>
            <passinputsemantic id="u_TextureSize" semantic="ORIGINAL_IMAGE_SIZE" type="vec2"/>
            <passinput id="u_Texture" type="sampler">
              <value>RGB2LABTexture</value>
            </passinput>
            <passinput id="u_Tfm" type="sampler">
              <value>tangentFlowMapTexture</value>
            </passinput>
            <passinput id="u_Pass" type="int">
              <value>0</value>
            </passinput>
            <passinput id="u_SigmaD" type="float">
              <value>4.0</value>
            </passinput>
            <passinput id="u_SigmaR" type="float">
              <value>4.25</value>
            </passinput>
          </passinputs>
          <passoutputs>
            <passoutput id="colorBilateralPassPass0Output0">
              <value>colorBilateralPass0Texture</value>
            </passoutput>
          </passoutputs>
        </pass>
        <pass id="colorBilateralPassPass1">
          <passattributes>
            <passattribute name="shaderprogram">
              <value>bilateralShaderProgram</value>
            </passattribute>
          </passattributes>
          <passinputs>
            <passinputsemantic id="u_TextureSize" semantic="ORIGINAL_IMAGE_SIZE" type="vec2"/>
            <passinput id="u_Texture" type="sampler">
              <value>colorBilateralPass0Texture</value>
            </passinput>
            <passinput id="u_Tfm" type="sampler">
              <value>tangentFlowMapTexture</value>
            </passinput>
            <passinput id="u_Pass" type="int">
              <value>1</value>
            </passinput>
            <passinput id="u_SigmaD" type="float">
              <value>4.0</value>
            </passinput>
            <passinput id="u_SigmaR" type="float">
              <value>4.25</value>
            </passinput>
          </passinputs>
          <passoutputs>
            <passoutput id="colorBilateralPassPass1Output0">
              <value>colorBilateralPass1Texture</value>
            </passoutput>
          </passoutputs>
        </pass>
        <pass id="logPass">
          <passattributes>
            <passattribute name="shaderprogram">
              <value>logShaderProgram</value>
            </passattribute>
          </passattributes>
          <passinputs>
            <passinput id="u_Lab" type="sampler">
              <value>colorBilateralPass1Texture</value>
            </passinput>
            <passinput id="u_Tfm" type="sampler">
              <value>tangentFlowMapTexture</value>
            </passinput>
            <passinputsemantic id="u_TextureSize" semantic="ORIGINAL_IMAGE_SIZE" type="vec2"/>
            <passinput id="u_SigmaE" type="float">
              <value>1.0</value>
            </passinput>
            <passinput id="u_K" type="float">
              <value>1.8</value>
            </passinput>
            <passinput id="u_PrecisionE" type="float">
              <value>2.0</value>
            </passinput>
          </passinputs>
          <passoutputs>
            <passoutput id="logPassOutput0">
              <value>logTexture</value>
            </passoutput>
          </passoutputs>
        </pass>
        <pass id="flowAlignedLogSmoothingPass">
          <passattributes>
            <passattribute name="shaderprogram">
              <value>flowAlignedSmoothingShaderProgram</value>
            </passattribute>
          </passattributes>
          <passinputs>
            <passinputsemantic id="u_TextureSize" semantic="ORIGINAL_IMAGE_SIZE" type="vec2"/>
            <passinputsemantic id="u_TileSize" semantic="TILE_SIZE" type="vec2"/>
            <passinputsemantic id="u_TilePosition" semantic="TILE_POSITION" type="vec2"/>
            <passinput id="u_Texture" type="sampler">
              <value>logTexture</value>
            </passinput>
            <passinput id="u_Tfm" type="sampler">
              <value>tangentFlowMapTexture</value>
            </passinput>
            <passinput id="u_FinalSmoothing" type="float">
              <value>4.0</value>
              <!-- 8.0 -->
            </passinput>
            <passinput id="u_ColorSmoothingMaskTexture" type="sampler">
              <value>colorSmoothingMaskTexture</value>
            </passinput>
          </passinputs>
          <passoutputs>
            <passoutput id="flowAlignedLogSmoothingPassOutput0">
              <value>smoothedLogTexture</value>
            </passoutput>
          </passoutputs>
        </pass>
        <pass id="smoothStructureTensorAdaptivePass0">
          <passattributes>
            <passattribute name="shaderprogram">
              <value>gauss2DAdaptiveShaderXYSeparatedProgram</value>
            </passattribute>
          </passattributes>
          <passinputs>
            <passinputsemantic id="u_TextureSize" semantic="ORIGINAL_IMAGE_SIZE" type="vec2"/>
            <passinputsemantic id="u_TileSize" semantic="TILE_SIZE" type="vec2"/>
            <passinputsemantic id="u_TilePosition" semantic="TILE_POSITION" type="vec2"/>
            <passinput id="u_Texture" type="sampler">
              <value>structureTensorTexture</value>
            </passinput>
            <passinput id="u_smoothedLog" type="sampler">
              <value>smoothedLogTexture</value>
            </passinput>
            <passinput id="u_Sigma" type="float">
              <value>2.0</value>
            </passinput>
            <passinput id="u_DxDy" type="vec2">
              <cached>false</cached>
              <value>1.0 0.0</value>
            </passinput>
            <passinput id="u_Tau_g" type="float">
              <value>0.5</value>
            </passinput>
            <passinput id="u_StSmoothingMaskTexture" type="sampler">
              <value>stSmoothingMaskTexture</value>
            </passinput>
            <passinput id="u_DetailsMaskTexture" type="sampler">
              <value>detailsMaskTexture</value>
            </passinput>
          </passinputs>
          <passoutputs>
            <passoutput id="smoothStructureTensorAdaptivePass0Output0">
              <value>smoothStructureTensorAdaptiveTexturePass0</value>
            </passoutput>
          </passoutputs>
        </pass>
        <pass id="smoothStructureTensorAdaptivePass1">
          <passattributes>
            <passattribute name="shaderprogram">
              <value>gauss2DAdaptiveShaderXYSeparatedProgram</value>
            </passattribute>
          </passattributes>
          <passinputs>
            <passinputsemantic id="u_TextureSize" semantic="ORIGINAL_IMAGE_SIZE" type="vec2"/>
            <passinputsemantic id="u_TileSize" semantic="TILE_SIZE" type="vec2"/>
            <passinputsemantic id="u_TilePosition" semantic="TILE_POSITION" type="vec2"/>
            <passinput id="u_Texture" type="sampler">
              <value>smoothStructureTensorAdaptiveTexturePass0</value>
            </passinput>
            <passinput id="u_smoothedLog" type="sampler">
              <value>smoothedLogTexture</value>
            </passinput>
            <passinput id="u_Sigma" type="float">
              <value>2.0</value>
            </passinput>
            <passinput id="u_DxDy" type="vec2">
              <cached>false</cached>
              <value>0.0 1.0</value>
            </passinput>
            <passinput id="u_Tau_g" type="float">
              <value>0.5</value>
            </passinput>
            <passinput id="u_StSmoothingMaskTexture" type="sampler">
              <value>stSmoothingMaskTexture</value>
            </passinput>
            <passinput id="u_DetailsMaskTexture" type="sampler">
              <value>detailsMaskTexture</value>
            </passinput>
          </passinputs>
          <passoutputs>
            <passoutput id="smoothStructureTensorAdaptivePass1Output0">
              <value>smoothStructureTensorAdaptiveTexturePass1</value>
            </passoutput>
          </passoutputs>
        </pass>
        <pass id="tangentFlowAdaptiveMapPass">
          <passattributes>
            <passattribute name="shaderprogram">
              <value>tangentFlowMapShaderProgram</value>
            </passattribute>
          </passattributes>
          <passinputs>
            <passinput id="u_Texture" type="sampler">
              <value>smoothStructureTensorAdaptiveTexturePass1</value>
            </passinput>
          </passinputs>
          <passoutputs>
            <passoutput id="tangentFlowAdaptiveMapPassOutput0">
              <value>tangentFlowAdaptiveMapTexture</value>
            </passoutput>
          </passoutputs>
        </pass>
        <pass id="noisePass">
          <passattributes>
            <passattribute name="shaderprogram">
              <value>noiseProgram</value>
            </passattribute>
          </passattributes>
          <passinputs>
            <passinputsemantic id="u_TextureSize" semantic="ORIGINAL_IMAGE_SIZE" type="vec2"/>
            <passinput id="u_Texture" type="sampler">
              <value>colorGradingThresholdingTexture</value>
            </passinput>
            <passinput id="u_Scale" type="float">
              <value>0.8</value>
            </passinput>
            <passinput id="u_Micro" type="float">
              <value>1.5</value>
            </passinput>
          </passinputs>
          <passoutputs>
            <passoutput id="noisePassOutput0">
              <value>noiseColorTexture</value>
            </passoutput>
          </passoutputs>
        </pass>
        <pass id="flowAlignedNoiseColorSmoothingPass">
          <!-- use high resolution for paint texture, but downsampled tfm -->
          <passattributes>
            <passattribute name="shaderprogram">
              <value>flowAlignedSmoothingThresholdedShaderProgram</value>
            </passattribute>
          </passattributes>
          <passinputs>
            <passinputsemantic id="u_TextureSize" semantic="ORIGINAL_IMAGE_SIZE" type="vec2"/>
            <passinputsemantic id="u_TileSize" semantic="TILE_SIZE" type="vec2"/>
            <passinputsemantic id="u_TilePosition" semantic="TILE_POSITION" type="vec2"/>
            <passinput id="u_Texture" type="sampler">
              <value>noiseColorTexture</value>
            </passinput>
            <passinput id="u_Tfm" type="sampler">
              <value>tangentFlowAdaptiveMapTexture</value>
            </passinput>
            <passinput id="u_FinalSmoothing" type="float">
              <value>8.0</value>
            </passinput>
            <passinput id="u_ColorSmoothingMaskTexture" type="sampler">
              <value>colorSmoothingMaskTexture</value>
            </passinput>
          </passinputs>
          <passoutputs>
            <passoutput id="flowAlignedNoiseColorSmoothingPassOutput0">
              <value>smoothedNoiseColorTexture</value>
            </passoutput>
          </passoutputs>
        </pass>
        <pass id="jbuPass0">
          <passattributes>
            <passattribute name="shaderprogram">
              <value>jbuShaderProgram</value>
            </passattribute>
          </passattributes>
          <passinputs>
            <passinputsemantic id="u_TextureSizeI" semantic="ORIGINAL_IMAGE_SIZE" type="vec2"/>
            <passinput id="u_ScaleFactor" type="float">
              <value>1.0</value>
            </passinput>
            <passinput id="u_TextureI" type="sampler">
              <value>colorBilateralPass1Texture</value>
            </passinput>
            <passinput id="u_TextureS" type="sampler">
              <value>smoothedNoiseColorTexture</value>
            </passinput>
            <passinput id="u_SigmaD" type="float">
              <value>0.5</value>
            </passinput>
            <passinput id="u_SigmaR" type="float">
              <value>1.0</value>
            </passinput>
          </passinputs>
          <passoutputs>
            <passoutput id="jbuPass0Output0">
              <value>jbuPass1Texture</value>
            </passoutput>
          </passoutputs>
        </pass>
        <pass id="bumpPhongPass">
          <passattributes>
            <passattribute name="shaderprogram">
              <value>bumpPhongShaderProgram</value>
            </passattribute>
          </passattributes>
          <passinputs>
            <passinputsemantic id="u_TextureSize" semantic="ORIGINAL_IMAGE_SIZE" type="vec2"/>
            <passinputsemantic id="u_TileSize" semantic="TILE_SIZE" type="vec2"/>
            <passinputsemantic id="u_TilePosition" semantic="TILE_POSITION" type="vec2"/>
            <passinput id="u_NoiseTexture" type="sampler">
              <value>smoothedNoiseColorTexture</value>
            </passinput>
            <passinput id="u_BumpScale" type="float">
              <value>5.0</value>
            </passinput>
            <passinput id="u_PhongSpecular" type="float">
              <value>0.6</value>
            </passinput>
            <passinput id="u_PhongShininess" type="float">
              <value>16.0</value>
            </passinput>
            <passinput id="u_BumpScaleMaskTexture" type="sampler">
              <value>bumpScaleMaskTexture</value>
            </passinput>
            <passinput id="u_ColorSmoothingMaskTexture" type="sampler">
              <value>colorSmoothingMaskTexture</value>
            </passinput>
            <passinput id="u_SigmaColor" type="float">
              <value>8.0</value>
            </passinput>
          </passinputs>
          <passoutputs>
            <passoutput id="bumpPhongPassOutput0">
              <value>bumpPhongMapTexture</value>
            </passoutput>
          </passoutputs>
        </pass>
        <pass id="composePass">
          <passattributes>
            <passattribute name="shaderprogram">
              <value>composeShaderProgram</value>
            </passattribute>
          </passattributes>
          <passinputs>
            <passinput id="u_BumpPhongTexture" type="sampler">
              <value>bumpPhongMapTexture</value>
            </passinput>
            <passinput id="u_ColorTexture" type="sampler">
              <value>jbuPass1Texture</value>
            </passinput>
            <passinput id="u_OriginalTexture" type="sampler">
              <value>INPUTTEXTURE</value>
            </passinput>
            <passinput id="u_ShowPaintedImage" type="bool">
              <value>true</value>
            </passinput>
          </passinputs>
          <passoutputs>
            <passoutput id="composePassOutput0">
              <value>OUTPUTTEXTURE</value>
            </passoutput>
          </passoutputs>
        </pass>
      </passes>
      <parameters>
        <paintingvalueparameter id="colorAmount">
          <mask>colorAmountMaskTexture</mask>
          <maskbackgroundcolor>0.5</maskbackgroundcolor>
          <setpassinput pass="colorGradingThresholdingPass" passinput="u_luminanceThreshold"/>
        </paintingvalueparameter>
        <valueparameter id="colorfulness">
          <setpassinput pass="colorGradingThresholdingPass" passinput="u_saturateFactor"/>
        </valueparameter>
        <valueparameter id="luminosity">
          <setpassinput pass="colorGradingThresholdingPass" passinput="u_luminanceFactor"/>
        </valueparameter>
        <paintingvalueparameter id="ColorSmoothing">
          <mask>colorSmoothingMaskTexture</mask>
          <maskbackgroundcolor>0.5</maskbackgroundcolor>
          <setpassinput pass="flowAlignedNoiseColorSmoothingPass" passinput="u_FinalSmoothing"/>
          <setpassinput pass="bumpPhongPass" passinput="u_SigmaColor"/>
        </paintingvalueparameter>
        <paintingvalueparameter id="STSmoothing">
          <mask>stSmoothingMaskTexture</mask>
          <maskbackgroundcolor>0.5</maskbackgroundcolor>
          <setpassinput pass="smoothStructureTensorPass0" passinput="u_Sigma"/>
          <setpassinput pass="smoothStructureTensorPass1" passinput="u_Sigma"/>
          <setpassinput pass="smoothStructureTensorAdaptivePass0" passinput="u_Sigma"/>
          <setpassinput pass="smoothStructureTensorAdaptivePass1" passinput="u_Sigma"/>
        </paintingvalueparameter>
        <paintingvalueparameter id="details">
          <mask>detailsMaskTexture</mask>
          <maskbackgroundcolor>0.5</maskbackgroundcolor>
          <expressionset pass="smoothStructureTensorAdaptivePass0" passinput="u_Tau_g">
            <expression>
                      2.0 - details
                  </expression>
          </expressionset>
          <expressionset pass="smoothStructureTensorAdaptivePass1" passinput="u_Tau_g">
            <expression>
                      2.0 - details
                  </expression>
          </expressionset>
        </paintingvalueparameter>
        <paintingvalueparameter id="BumpScale">
          <mask>bumpScaleMaskTexture</mask>
          <maskbackgroundcolor>0.5</maskbackgroundcolor>
          <setpassinput pass="bumpPhongPass" passinput="u_BumpScale"/>
        </paintingvalueparameter>
        <valueparameter id="BrushScale">
          <setpassinput pass="noisePass" passinput="u_Scale"/>
        </valueparameter>
        <valueparameter id="MicroBrush">
          <setpassinput pass="noisePass" passinput="u_Micro"/>
        </valueparameter>
        <valueparameter id="ScaleFactor">
          <setpassinput pass="jbuPass0" passinput="u_ScaleFactor"/>
          <setoutputresolution pass="rgb2LabPass"/>
          <setoutputresolution pass="structureTensorPass"/>
          <setoutputresolution pass="smoothStructureTensorPass0"/>
          <setoutputresolution pass="smoothStructureTensorPass1"/>
          <setoutputresolution pass="tangentFlowMapPass"/>
          <setoutputresolution pass="colorBilateralPassPass0"/>
          <setoutputresolution pass="colorBilateralPassPass1"/>
          <setoutputresolution pass="logPass"/>
          <setoutputresolution pass="flowAlignedLogSmoothingPass"/>
          <setoutputresolution pass="smoothStructureTensorAdaptivePass0"/>
          <setoutputresolution pass="smoothStructureTensorAdaptivePass1"/>
          <setoutputresolution pass="tangentFlowAdaptiveMapPass"/>
        </valueparameter>
        <valueparameter id="OriginalSwitch">
          <setpassinput pass="composePass" passinput="u_ShowPaintedImage"/>
        </valueparameter>
      </parameters>
    </target>
  </targets>
</effectimpl>
