<?xml version="1.0" encoding="UTF-8" standalone="yes"?>
<effectui effectIcon="default/watercolor/common/icon/1/watercolor.generated.png"
  effectName="Watercolor" effectDescription="Watercolor" version="1" xmlns="http://www.digitalmasterpieces.com/schema/vca-ui">
  <target deviceBrand="*" deviceModel="*">
    <parameters>
      <parameter description="Color Amount" hidden="false"
        icon="default/watercolor/common/icon/1/color_amount.png" id="colorAmount"/>
      <parameter description="Colorfulness" hidden="false"
        icon="default/watercolor/common/icon/1/colorfulness.png" id="colorfulness"/>
      <parameter description="Luminosity" hidden="false"
        icon="default/watercolor/common/icon/1/luminosity.png" id="luminosity"/>
      <parameter description="Wetness" hidden="false"
        icon="default/watercolor/common/icon/1/wetness.png" id="wetness"/>
      <parameter description="Contour Width" hidden="false"
        icon="default/watercolor/common/icon/1/stroke_width_void.png" id="strokeWidth"/>
      <parameter description="Sketchy Contours" hidden="false"
        icon="default/watercolor/common/icon/1/contour_void.png" id="contour"/>
      <parameter description="Edge Lightness" hidden="false"
        icon="default/watercolor/common/icon/1/edge_lightness.png" id="edgeLightness"/>
      <parameter description="Dry Brush" hidden="false"
        icon="default/watercolor/common/icon/1/dryness.png" id="drybrush"/>
      <parameter description="Texture Power" hidden="false"
        icon="default/watercolor/common/icon/1/texture.png" id="watercolorTexturePower"/>
      <parameter description="Color Level of Abstraction" hidden="true"
        icon="default/watercolor/common/icon/1/globallod.png" id="scaleFactor"/>
      <parameter description="Contrast" hidden="false"
        icon="default/color/common/icon/1/parameter/contrast.png" id="contrast"/>
    </parameters>
    <brushes>
      <brush description="Default" id="default"/>
      <brush description="Strong" id="strong"/>
      <brush description="Large" id="large"/>
      <brush description="Normal" id="sharp"/>
      <brush description="Large" id="sharpLarge"/>
    </brushes>
    <presets>
      <preset icon="default/watercolor/common/icon/1/preset_generated/watercolor_colorful.png" id="colorful" description="Colorful"/>
      <preset icon="default/watercolor/common/icon/1/preset_generated/watercolor_soft.png" id="soft" description="Soft"/>
      <preset icon="default/watercolor/common/icon/1/preset_generated/watercolor_allrounder.png" id="allrounder" description="Allrounder"/>
      <preset icon="default/watercolor/common/icon/1/preset_generated/watercolor_bright.png" id="bright" description="Bright"/>
      <preset icon="default/watercolor/common/icon/1/preset_generated/watercolor_abstract.png" id="abstract" description="Abstract"/>
    </presets>
  </target>
</effectui>
