<?xml version="1.0" encoding="UTF-8" standalone="yes"?>
<effectdef
  implset="default/toon/implementationset/toon/1/toon.implset.xml"
  presets="default/toon/common/presets/1/toon.presets.xml"
  ui="default/toon/common/ui/1/toon.ui.xml" version="1" xmlns="http://www.digitalmasterpieces.com/schema/vca-definition">
  <requirements>
    <directory uri="default/common/common/icon/1"/>
    <directory uri="default/toon/common/icon/1"/>
    <directory uri="default/vignetting/common/icon/1"/>
  </requirements>
  <effectio>
    <effectinputs>
      <effectinput type="image">INPUTTEXTURE</effectinput>
    </effectinputs>
    <effectoutputs>
      <effectoutput type="image">OUTPUTTEXTURE</effectoutput>
    </effectoutputs>
  </effectio>
  <parameters>
    <valueparameter id="finalSmoothing" type="float">
      <default>0.0</default>
      <minrange>0.0</minrange>
      <maxrange>10.0</maxrange>
      <step>1.0</step>
    </valueparameter>
    <valueparameter id="brightness" type="float">
      <default>0.0</default>
      <minrange>-0.5</minrange>
      <maxrange>0.5</maxrange>
      <step>0.05</step>
    </valueparameter>
    <valueparameter id="contrast" type="float">
      <default>1.0</default>
      <minrange>0.2</minrange>
      <maxrange>3.0</maxrange>
      <step>0.05</step>
    </valueparameter>
   <valueparameter id="saturation" type="float">
      <default>1.0</default>
      <minrange>0.0</minrange>
      <maxrange>3.0</maxrange>
      <step>0.05</step>
    </valueparameter>
    <!-- ********************************************************************** -->
    <!-- Complex mapping valueparameter -->
    <!-- ********************************************************************** -->
    <valueparameter id="colorQuantization" type="float">
      <default>24</default>
      <minrange>5</minrange>
      <maxrange>30</maxrange>
      <step>1.0</step>
    </valueparameter>
    <valueparameter id="colorBlur" type="float">
      <default>0.14</default>
      <minrange>0.0125</minrange>
      <maxrange>0.14</maxrange>
      <step>0.0005</step>
    </valueparameter>
    <valueparameter id="details" type="float">
      <default>1.0</default>
      <minrange>0.0</minrange>
      <maxrange>3.0</maxrange>
      <step>0.01</step>
    </valueparameter>
    <valueparameter id="strokeWidth" type="float">
      <default>0.54</default>
      <minrange>0.2</minrange>
      <maxrange>1.2</maxrange>
      <step>0.01</step>
    </valueparameter>
    <valueparameter id="contour" type="float">
      <default>1.0</default>
      <minrange>0.0</minrange>
      <maxrange>3.0</maxrange>
      <step>0.002</step>
    </valueparameter>
    <valueparameter id="blackness" type="float">
      <default>0.055</default>
      <minrange>0.01</minrange>
      <maxrange>1.0</maxrange>
      <step>0.01</step>
    </valueparameter>
    <valueparameter id="spotColor" type="vec4">
      <default>#FF99C5D0</default>
      <minrange>#FF000000</minrange>
      <maxrange>#FFFFFFFF</maxrange>
      <step>#01010101</step>
    </valueparameter>
    <valueparameter id="spotColorAmount" type="float">
      <default>0.0</default>
      <minrange>0.0</minrange>
      <maxrange>1.0</maxrange>
      <step>0.05</step>
    </valueparameter>
  </parameters>
</effectdef>
