<?xml version="1.0" encoding="UTF-8" standalone="yes"?>
<effectui effectIcon="default/color/common/icon/1/bleach.generated.png"
  effectName="Bleach" version="1" xmlns="http://www.digitalmasterpieces.com/schema/vca-ui">
  <target deviceBrand="*" deviceModel="*">
    <parameters>
      <parameter description="Bleaching Strength" hidden="false"
        icon="default/color/common/icon/1/parameter/bleach.png" id="strength"/>
    </parameters>
    <presets>
      <preset icon="default/color/common/icon/1/preset_generated/bleach_Off.png" id="Off" description="Off"/>
      <preset icon="default/color/common/icon/1/preset_generated/bleach_Weak.png" id="Weak" description="Weak"/>
      <preset icon="default/color/common/icon/1/preset_generated/bleach_Strong.png" id="Strong" description="Strong"/>
      <preset icon="default/color/common/icon/1/preset_generated/bleach_Maximum.png" id="Maximum" description="Stronger"/>
    </presets>
  </target>
</effectui>
