<?xml version="1.0" encoding="UTF-8" standalone="yes"?>
<effectui effectIcon="default/color/common/icon/1/blend_modes.generated.png"
  effectName="Blend Modes" version="1" xmlns="http://www.digitalmasterpieces.com/schema/vca-ui">
  <target deviceBrand="*" deviceModel="*">
    <parameters>
      <parameter description="Mode" hidden="false"
        icon="default/common/common/icon/1/void.png" id="mode"/>
    </parameters>
    <presets>
      <preset icon="default/color/common/icon/1/preset_generated/blend_modes_Only Bottom.png" id="Only Bottom" description="Only Bottom"/>
      <preset icon="default/color/common/icon/1/preset_generated/blend_modes_Only Top.png" id="Only Top" description="Only Top"/>
      <preset icon="default/color/common/icon/1/preset_generated/blend_modes_Multiply.png" id="Multiply" description="Multiply"/>
      <preset icon="default/color/common/icon/1/preset_generated/blend_modes_Screen.png" id="Screen" description="Screen"/>
      <preset icon="default/color/common/icon/1/preset_generated/blend_modes_Overlay.png" id="Overlay" description="Overlay"/>
      <preset icon="default/color/common/icon/1/preset_generated/blend_modes_Hard Light.png" id="Hard Light" description="Hard Light"/>
      <preset icon="default/color/common/icon/1/preset_generated/blend_modes_Soft Light.png" id="Soft Light" description="Soft Light"/>
      <preset icon="default/color/common/icon/1/preset_generated/blend_modes_Darken Only.png" id="Darken Only" description="Darken Only"/>
      <preset icon="default/color/common/icon/1/preset_generated/blend_modes_Lighten Only.png" id="Lighten Only" description="Lighten Only"/>
      <preset icon="default/color/common/icon/1/preset_generated/blend_modes_Addition.png" id="Addition" description="Addition"/>
      <preset icon="default/color/common/icon/1/preset_generated/blend_modes_Substract.png" id="Substract" description="Substract"/>
      <preset icon="default/color/common/icon/1/preset_generated/blend_modes_Average.png" id="Average" description="Average"/>
      <preset icon="default/color/common/icon/1/preset_generated/blend_modes_Linear Burn.png" id="Linear Burn" description="Linear Burn"/>
      <preset icon="default/color/common/icon/1/preset_generated/blend_modes_Linear Light.png" id="Linear Light" description="Linear Light"/>
    </presets>
  </target>
</effectui>
