<?xml version="1.0" encoding="UTF-8" standalone="yes"?>
<effectui
  effectIcon="default/color/common/icon/1/chromatic_aberration.generated.png"
  effectName="Chromatic Aberration" version="1" xmlns="http://www.digitalmasterpieces.com/schema/vca-ui">
  <target deviceBrand="*" deviceModel="*">
    <parameters>
      <parameter description="Distortion" hidden="false"
        icon="default/common/common/icon/1/void.png" id="distortion"/>
      <parameter description="Quality" hidden="false"
        icon="default/common/common/icon/1/void.png" id="quality"/>
    </parameters>
    <presets>
      <preset icon="default/color/common/icon/1/preset/aberration_off.png" id="Off" description="Off"/>	
      <preset icon="default/color/common/icon/1/preset/aberration_small.png" id="Small" description="Weak"/>
      <preset icon="default/color/common/icon/1/preset/aberration_medium.png" id="Medium" description="Medium"/>
      <preset icon="default/color/common/icon/1/preset/aberration_extreme.png" id="Extreme" description="Strong"/>
    </presets>
  </target>
</effectui>
