<?xml version="1.0" encoding="UTF-8" standalone="yes"?>
<effectui effectIcon="default/color/common/icon/1/chromazoom.generated.png"
  effectName="Chroma Zoom" version="1" xmlns="http://www.digitalmasterpieces.com/schema/vca-ui">
  <target deviceBrand="*" deviceModel="*">
    <parameters>
      <parameter description="Master Zoom" hidden="false"
        icon="default/color/common/icon/1/parameter/chromazoom/zoom-all.png" id="masterZoom"/>
      <parameter description="Red Channel Zoom" hidden="false"
        icon="default/color/common/icon/1/parameter/chromazoom/zoom-red.png" id="redZoom"/>
      <parameter description="Green Channel Zoom" hidden="false"
        icon="default/color/common/icon/1/parameter/chromazoom/zoom-green.png" id="greenZoom"/>
      <parameter description="Blue Channel Zoom" hidden="false"
        icon="default/color/common/icon/1/parameter/chromazoom/zoom-blue.png" id="blueZoom"/>
    </parameters>
    <presets>
      <preset icon="default/color/common/icon/1/preset_generated/chromazoom_Off.png" id="Off" description="Off"/>	
      <preset icon="default/color/common/icon/1/preset_generated/chromazoom_Decent.png" id="Decent" description="Decent"/>
      <preset icon="default/color/common/icon/1/preset_generated/chromazoom_Salient.png" id="Salient" description="Salient"/>
    </presets>
  </target>
</effectui>
