<?xml version="1.0" encoding="UTF-8" standalone="yes"?>
<effectui effectIcon="default/color/common/icon/1/colorize_time.generated.png"
  effectName="Colorize" version="1" xmlns="http://www.digitalmasterpieces.com/schema/vca-ui">
  <target deviceBrand="*" deviceModel="*">
    <parameters>
      <parameter description="Hue" hidden="false"
        icon="default/common/common/icon/1/void.png" id="hue"/>
    </parameters>
    <presets>
      <preset icon="default/common/common/icon/1/void.png" id="Reddish" description="Reddish"/>
      <preset icon="default/common/common/icon/1/void.png" id="Sepia" description="Sepia"/>
      <preset icon="default/common/common/icon/1/void.png" id="Yellowish" description="Yellowish"/>
      <preset icon="default/common/common/icon/1/void.png" id="Greenish" description="Greenish"/>
      <preset icon="default/common/common/icon/1/void.png" id="Cyanic" description="Cyanic"/>
      <preset icon="default/common/common/icon/1/void.png" id="Blueish" description="Blueish"/>
      <preset icon="default/common/common/icon/1/void.png" id="Violet" description="Violet"/>
      <preset icon="default/common/common/icon/1/void.png" id="Purple" description="Purple"/>
      <preset icon="default/common/common/icon/1/void.png" id="Pink" description="Pink"/>
      <preset icon="default/common/common/icon/1/void.png" id="Pinkish" description="Pinkish"/>
    </presets>
  </target>
</effectui>
