<?xml version="1.0" encoding="UTF-8" standalone="yes"?>
<effectui effectIcon="default/color/common/icon/1/color_lut_2d.generated.png"
  effectName="Color LUT" version="1" xmlns="http://www.digitalmasterpieces.com/schema/vca-ui">
  <target deviceBrand="*" deviceModel="*">
    <parameters>
      <parameter description="Look-Up Table" hidden="false" icon="default/color/common/icon/1/colors.png" id="lut">
        <element icon="default/color/common/icon/1/lut/color-lut1.png" id="Bleach_Bypass" description="Bleach Bypass"/>
        <element icon="default/color/common/icon/1/lut/color-lut2.png" id="Candle_Light" description="Candle Light"/>
        <element icon="default/color/common/icon/1/lut/color-lut3.png" id="Cool_Contrast" description="Cool Contrast"/>
        <element icon="default/color/common/icon/1/lut/color-lut4.png" id="Desaturated_Fog" description="Desaturated Fog"/>
        <element icon="default/color/common/icon/1/lut/color-lut5.png" id="Evening" description="Evening"/>
        <element icon="default/color/common/icon/1/lut/color-lut6.png" id="Fall" description="Fall"/>
        <element icon="default/color/common/icon/1/lut/color-lut7.png" id="Filmic_1" description="Filmic 1"/>
        <element icon="default/color/common/icon/1/lut/color-lut8.png" id="Filmic_2" description="Filmic 2"/>
        <element icon="default/color/common/icon/1/lut/color-lut9.png" id="Filmic_3" description="Filmic 3"/>
        <element icon="default/color/common/icon/1/lut/color-lut10.png" id="Filmic_4" description="Filmic 4"/>
        <element icon="default/color/common/icon/1/lut/color-lut11.png" id="Filmic_5" description="Filmic 5"/>
        <element icon="default/color/common/icon/1/lut/color-lut12.png" id="Filmic_6" description="Filmic 6"/>
        <element icon="default/color/common/icon/1/lut/color-lut13.png" id="Filmic_7" description="Filmic 7"/>
        <element icon="default/color/common/icon/1/lut/color-lut14.png" id="Filmic_8" description="Filmic 8"/>
        <element icon="default/color/common/icon/1/lut/color-lut15.png" id="Filmic_9" description="Filmic 9"/>
        <element icon="default/color/common/icon/1/lut/color-lut16.png" id="Matrix_Blue" description="Matrix Blue"/>
        <element icon="default/color/common/icon/1/lut/color-lut17.png" id="Matrix_Green" description="Matrix Green"/>
        <element icon="default/color/common/icon/1/lut/color-lut18.png" id="Night_1" description="Night 1"/>
        <element icon="default/color/common/icon/1/lut/color-lut19.png" id="Night_2" description="Night 2"/>
        <element icon="default/color/common/icon/1/lut/color-lut20.png" id="Night_Dark" description="Night Dark"/>
        <element icon="default/color/common/icon/1/lut/color-lut21.png" id="Strong_Amber" description="Strong Amber"/>
        <element icon="default/color/common/icon/1/lut/color-lut22.png" id="Warm" description="Warm"/>
        <element icon="default/color/common/icon/1/lut/color-lut23.png" id="Warm_Contrast" description="Warm Contrast"/>
      </parameter>
    </parameters>
    <presets>
      <preset icon="default/color/common/icon/1/lut/color-lut1.png" id="Bleach Bypass" description="Bleach Bypass"/>
      <preset icon="default/color/common/icon/1/lut/color-lut2.png" id="Candle Light" description="Candle Light"/>
      <preset icon="default/color/common/icon/1/lut/color-lut3.png" id="Cool Contrast" description="Cool Contrast"/>
      <preset icon="default/color/common/icon/1/lut/color-lut4.png" id="Desaturated Fog" description="Desaturated Fog"/>
      <preset icon="default/color/common/icon/1/lut/color-lut5.png" id="Evening" description="Evening"/>
      <preset icon="default/color/common/icon/1/lut/color-lut6.png" id="Fall" description="Fall"/>
      <preset icon="default/color/common/icon/1/lut/color-lut7.png" id="Filmic 1" description="Filmic 1"/>
      <preset icon="default/color/common/icon/1/lut/color-lut8.png" id="Filmic 2" description="Filmic 2"/>
      <preset icon="default/color/common/icon/1/lut/color-lut9.png" id="Filmic 3" description="Filmic 3"/>
      <preset icon="default/color/common/icon/1/lut/color-lut10.png" id="Filmic 4" description="Filmic 4"/>
      <preset icon="default/color/common/icon/1/lut/color-lut11.png" id="Filmic 5" description="Filmic 5"/>
      <preset icon="default/color/common/icon/1/lut/color-lut12.png" id="Filmic 6" description="Filmic 6"/>
      <preset icon="default/color/common/icon/1/lut/color-lut13.png" id="Filmic 7" description="Filmic 7"/>
      <preset icon="default/color/common/icon/1/lut/color-lut14.png" id="Filmic 8" description="Filmic 8"/>
      <preset icon="default/color/common/icon/1/lut/color-lut15.png" id="Filmic 9" description="Filmic 9"/>
      <preset icon="default/color/common/icon/1/lut/color-lut16.png" id="Matrix Blue" description="Matrix Blue"/>
      <preset icon="default/color/common/icon/1/lut/color-lut17.png" id="Matrix Green" description="Matrix Green"/>
      <preset icon="default/color/common/icon/1/lut/color-lut18.png" id="Night 1" description="Night 1"/>
      <preset icon="default/color/common/icon/1/lut/color-lut19.png" id="Night 2" description="Night 2"/>
      <preset icon="default/color/common/icon/1/lut/color-lut20.png" id="Night Dark" description="Night Dark"/>
      <preset icon="default/color/common/icon/1/lut/color-lut21.png" id="Strong Amber" description="Strong Amber"/>
      <preset icon="default/color/common/icon/1/lut/color-lut22.png" id="Warm" description="Warm"/>
      <preset icon="default/color/common/icon/1/lut/color-lut23.png" id="Warm Contrast" description="Warm Contrast"/>
    </presets>
  </target>
</effectui>
