<?xml version="1.0" encoding="UTF-8" standalone="yes"?>
<effectui
  effectIcon="default/color/common/icon/1/color_lut_2d_array_20sCam.generated.png"
  effectName="Color Conversion" version="1" xmlns="http://www.digitalmasterpieces.com/schema/vca-ui">
  <target deviceBrand="*" deviceModel="*">
    <parameters>
      <parameter description="Toning" hidden="false"
        icon="default/color/common/icon/1/parameter/color.png" id="lutLayer"/>
    </parameters>
    <presets>
      <preset icon="default/color/common/icon/1/lut/color-lut0.png" id="Normal" description="Normal"/>
      <preset icon="default/color/common/icon/1/lut/color-lut24.png" id="Grayscale" description="Grayscale"/>
      <preset icon="default/color/common/icon/1/lut/color-lut29.png" id="Blueish" description="Blueish"/>
      <preset icon="default/color/common/icon/1/lut/color-lut45.png" id="Retro" description="Retro"/>
      <preset icon="default/color/common/icon/1/lut/color-lut48.png" id="Sepia" description="Sepia"/>
    </presets>
  </target>
</effectui>
