<?xml version="1.0" encoding="UTF-8" standalone="yes"?>
<effectui effectIcon="default/color/common/icon/1/colorize.generated.png"
  effectName="Colorize" version="1" xmlns="http://www.digitalmasterpieces.com/schema/vca-ui">
  <target deviceBrand="*" deviceModel="*">
    <parameters>
      <parameter description="Hue" hidden="false"
        icon="default/common/common/icon/1/void.png" id="hue"/>
    </parameters>
    <presets>
      <preset icon="default/color/common/icon/1/preset/colorize/red.svg" id="Red" description="Red"/>
      <preset icon="default/color/common/icon/1/preset/colorize/sepia.svg" id="Sepia" description="Sepia"/>
      <preset icon="default/color/common/icon/1/preset/colorize/yellow.svg" id="Yellow" description="Yellow"/>
      <preset icon="default/color/common/icon/1/preset/colorize/green.svg" id="Green" description="Green"/>
      <preset icon="default/color/common/icon/1/preset/colorize/cyan.svg" id="Cyan" description="Cyan"/>
      <preset icon="default/color/common/icon/1/preset/colorize/blue.svg" id="Blue" description="Blue"/>
      <preset icon="default/color/common/icon/1/preset/colorize/violet.svg" id="Violet" description="Violet"/>
      <preset icon="default/color/common/icon/1/preset/colorize/purple.svg" id="Purple" description="Purple"/>
      <preset icon="default/color/common/icon/1/preset/colorize/pink.svg" id="Pink" description="Pink"/>
      <preset icon="default/color/common/icon/1/preset/colorize/pinker.svg" id="Pinker" description="Pinker"/>
    </presets>
  </target>
</effectui>
