<?xml version="1.0" encoding="UTF-8" standalone="yes"?>
<effectui
  effectIcon="default/color/common/icon/1/color_lut_2d_array.generated.png"
  effectName="Color LUT" effectDescription="Color Grading" version="1" xmlns="http://www.digitalmasterpieces.com/schema/vca-ui">
  <target application="Pic2Comic" deviceBrand="*" deviceModel="*">
    <parameters>
      <parameter description="Look-up Table" hidden="true"
                 icon="default/color/common/icon/1/colors.png" id="lutLayer">
        <element icon="default/color/common/icon/1/lut/color-lut0.png" id="Normal" description="Normal"/>
        <element icon="default/color/common/icon/1/lut/color-lut1.png" id="Bleach_Bypass" description="Bleach Bypass"/>
        <element icon="default/color/common/icon/1/lut/color-lut2.png" id="Candle_Light" description="Candle Light"/>
        <element icon="default/color/common/icon/1/lut/color-lut3.png" id="Cool_Contrast" description="Cool Contrast"/>
        <element icon="default/color/common/icon/1/lut/color-lut4.png" id="Desaturated_Fog" description="Desaturated Fog"/>
        <element icon="default/color/common/icon/1/lut/color-lut5.png" id="Evening" description="Evening"/>
        <element icon="default/color/common/icon/1/lut/color-lut6.png" id="Fall" description="Fall"/>
        <element icon="default/color/common/icon/1/lut/color-lut7.png" id="Filmic_1" description="Filmic 1"/>
        <element icon="default/color/common/icon/1/lut/color-lut8.png" id="Filmic_2" description="Filmic 2"/>
        <element icon="default/color/common/icon/1/lut/color-lut9.png" id="Filmic_3" description="Filmic 3"/>
        <element icon="default/color/common/icon/1/lut/color-lut10.png" id="Filmic_4" description="Filmic 4"/>
        <element icon="default/color/common/icon/1/lut/color-lut11.png" id="Filmic_5" description="Filmic 5"/>
        <element icon="default/color/common/icon/1/lut/color-lut12.png" id="Filmic_6" description="Filmic 6"/>
        <element icon="default/color/common/icon/1/lut/color-lut13.png" id="Filmic_7" description="Filmic 7"/>
        <element icon="default/color/common/icon/1/lut/color-lut14.png" id="Filmic_8" description="Filmic 8"/>
        <element icon="default/color/common/icon/1/lut/color-lut15.png" id="Filmic_9" description="Filmic 9"/>
        <element icon="default/color/common/icon/1/lut/color-lut16.png" id="Matrix_Blue" description="Matrix Blue"/>
        <element icon="default/color/common/icon/1/lut/color-lut17.png" id="Matrix_Green" description="Matrix Green"/>
        <element icon="default/color/common/icon/1/lut/color-lut18.png" id="Night_1" description="Night 1"/>
        <element icon="default/color/common/icon/1/lut/color-lut19.png" id="Night_2" description="Night 2"/>
        <element icon="default/color/common/icon/1/lut/color-lut20.png" id="Night_Dark" description="Night Dark"/>
        <element icon="default/color/common/icon/1/lut/color-lut21.png" id="Strong_Amber" description="Strong Amber"/>
        <element icon="default/color/common/icon/1/lut/color-lut22.png" id="Warm" description="Warm"/>
        <element icon="default/color/common/icon/1/lut/color-lut23.png" id="Warm_Constrast" description="Warm Constrast"/>
        <element icon="default/color/common/icon/1/lut/color-lut24.png" id="Black_White_1" description="Black White 1"/>
        <element icon="default/color/common/icon/1/lut/color-lut25.png" id="Black_White_2" description="Black White 2"/>
        <element icon="default/color/common/icon/1/lut/color-lut26.png" id="Black_White_3" description="Black White 3"/>
        <element icon="default/color/common/icon/1/lut/color-lut27.png" id="Black_White_4" description="Black White 4"/>
        <element icon="default/color/common/icon/1/lut/color-lut28.png" id="Black_White_5" description="Black White 5"/>
        <element icon="default/color/common/icon/1/lut/color-lut29.png" id="Black_White_6" description="Black White 6"/>
        <element icon="default/color/common/icon/1/lut/color-lut30.png" id="Black_White_7" description="Black White 7"/>
        <element icon="default/color/common/icon/1/lut/color-lut31.png" id="Black_White_8" description="Black White 8"/>
        <element icon="default/color/common/icon/1/lut/color-lut32.png" id="Black_White_9" description="Black White 9"/>
        <element icon="default/color/common/icon/1/lut/color-lut33.png" id="Black_White_10" description="Black White 10"/>
        <element icon="default/color/common/icon/1/lut/color-lut34.png" id="Black_White_11" description="Black White 11"/>
        <element icon="default/color/common/icon/1/lut/color-lut35.png" id="Black_White_12" description="Black White 12"/>
        <element icon="default/color/common/icon/1/lut/color-lut36.png" id="Black_White_13" description="Black White 13"/>
        <element icon="default/color/common/icon/1/lut/color-lut37.png" id="Black_White_14" description="Black White 14"/>
        <element icon="default/color/common/icon/1/lut/color-lut38.png" id="Black_White_Blue_Filter" description="Black White Blue Filter"/>
        <element icon="default/color/common/icon/1/lut/color-lut39.png" id="Black_White_Blue_Sharp_Filter" description="Black White Blue Sharp Filter"/>
        <element icon="default/color/common/icon/1/lut/color-lut40.png" id="Black_White_Green_Filter" description="Black White Green Filter"/>
        <element icon="default/color/common/icon/1/lut/color-lut41.png" id="Black_White_Green_Sharp_Filter" description="Black White Green Sharp Filter"/>
        <element icon="default/color/common/icon/1/lut/color-lut42.png" id="Black_White_Highlights_Filter" description="Black White Highlights Filter"/>
        <element icon="default/color/common/icon/1/lut/color-lut43.png" id="Black_White_Red_Filter" description="Black White Red Filter"/>
        <element icon="default/color/common/icon/1/lut/color-lut44.png" id="Black_White_Red_Sharp_Filter" description="Black White Red Sharp Filter"/>
        <element icon="default/color/common/icon/1/lut/color-lut45.png" id="Retro_1" description="Retro 1"/>
        <element icon="default/color/common/icon/1/lut/color-lut46.png" id="Retro_2" description="Retro 2"/>
        <element icon="default/color/common/icon/1/lut/color-lut47.png" id="Retro_3" description="Retro 3"/>
        <element icon="default/color/common/icon/1/lut/color-lut48.png" id="Retro_4" description="Retro 4"/>
        <element icon="default/color/common/icon/1/lut/color-lut49.png" id="Retro_5" description="Retro 5"/>
        <element icon="default/color/common/icon/1/lut/color-lut50.png" id="Retro_6" description="Retro 6"/>
        <element icon="default/color/common/icon/1/lut/color-lut51.png" id="Retro_7" description="Retro 7"/>
        <element icon="default/color/common/icon/1/lut/color-lut52.png" id="Retro_8" description="Retro 8"/>
        <element icon="default/color/common/icon/1/lut/color-lut53.png" id="Retro_9" description="Retro 9"/>
        <element icon="default/color/common/icon/1/lut/color-lut54.png" id="Retro_10" description="Retro 10"/>
        <element icon="default/color/common/icon/1/lut/color-lut55.png" id="Retro_11" description="Retro 11"/>
        <element icon="default/color/common/icon/1/lut/color-lut56.png" id="Retro_12" description="Retro 12"/>
        <element icon="default/color/common/icon/1/lut/color-lut57.png" id="Retro_13" description="Retro 13"/>
        <element icon="default/color/common/icon/1/lut/color-lut58.png" id="Retro_14" description="Retro 14"/>
        <element icon="default/color/common/icon/1/lut/color-lut59.png" id="Retro_15" description="Retro 15"/>
        <element icon="default/color/common/icon/1/lut/color-lut60.png" id="Retro_16" description="Retro 16"/>
        <element icon="default/color/common/icon/1/lut/color-lut61.png" id="Variation_1" description="Variation 1"/>
        <element icon="default/color/common/icon/1/lut/color-lut62.png" id="Variation_2" description="Variation 2"/>
        <element icon="default/color/common/icon/1/lut/color-lut63.png" id="Variation_3" description="Variation 3"/>
        <element icon="default/color/common/icon/1/lut/color-lut64.png" id="Variation_4" description="Variation 4"/>
        <element icon="default/color/common/icon/1/lut/color-lut65.png" id="Variation_5" description="Variation 5"/>
        <element icon="default/color/common/icon/1/lut/color-lut66.png" id="Variation_6" description="Variation 6"/>
        <element icon="default/color/common/icon/1/lut/color-lut67.png" id="Variation_7" description="Variation 7"/>
        <element icon="default/color/common/icon/1/lut/color-lut68.png" id="Variation_8" description="Variation 8"/>
        <element icon="default/color/common/icon/1/lut/color-lut69.png" id="Variation_9" description="Variation 9"/>
        <element icon="default/color/common/icon/1/lut/color-lut70.png" id="Variation_10" description="Variation 10"/>
        <element icon="default/color/common/icon/1/lut/color-lut71.png" id="Variation_11" description="Variation 11"/>
        <element icon="default/color/common/icon/1/lut/color-lut72.png" id="Variation_12" description="Variation 12"/>
        <element icon="default/color/common/icon/1/lut/color-lut73.png" id="Variation_13" description="Variation 13"/>
        <element icon="default/color/common/icon/1/lut/color-lut74.png" id="Variation_14" description="Variation 14"/>
        <element icon="default/color/common/icon/1/lut/color-lut75.png" id="Variation_14_Interior" description="Variation 14 Interior"/>
        <element icon="default/color/common/icon/1/lut/color-lut76.png" id="Variation_15" description="Variation 15"/>
        <element icon="default/color/common/icon/1/lut/color-lut77.png" id="Vintage_1" description="Vintage 1"/>
        <element icon="default/color/common/icon/1/lut/color-lut78.png" id="Vintage_2" description="Vintage 2"/>
        <element icon="default/color/common/icon/1/lut/color-lut79.png" id="Vintage_3" description="Vintage 3"/>
        <element icon="default/color/common/icon/1/lut/color-lut80.png" id="Vintage_4" description="Vintage 4"/>
        <element icon="default/color/common/icon/1/lut/color-lut81.png" id="Vintage_5" description="Vintage 5"/>
        <element icon="default/color/common/icon/1/lut/color-lut82.png" id="Vintage_6" description="Vintage 6"/>
        <element icon="default/color/common/icon/1/lut/color-lut83.png" id="Vintage_7" description="Vintage 7"/>
        <element icon="default/color/common/icon/1/lut/color-lut84.png" id="HDR_1" description="HDR 1"/>
        <element icon="default/color/common/icon/1/lut/color-lut85.png" id="HDR_2" description="HDR 2"/>
        <element icon="default/color/common/icon/1/lut/color-lut86.png" id="HDR_3" description="HDR 3"/>
        <element icon="default/color/common/icon/1/lut/color-lut87.png" id="HDR_4" description="HDR 4"/>
        <element icon="default/color/common/icon/1/lut/color-lut88.png" id="Technicolor_1" description="Technicolor 1"/>
        <element icon="default/color/common/icon/1/lut/color-lut89.png" id="Technicolor_2" description="Technicolor 2"/>
        <element icon="default/color/common/icon/1/lut/color-lut90.png" id="Technicolor_3" description="Technicolor 3"/>
        <element icon="default/color/common/icon/1/lut/color-lut91.png" id="Technicolor_4" description="Technicolor 4"/>
        <element icon="default/color/common/icon/1/lut/color-lut92.png" id="Technicolor_5" description="Technicolor 5"/>
        <element icon="default/color/common/icon/1/lut/color-lut93.png" id="Glow_1" description="Glow 1"/>
        <element icon="default/color/common/icon/1/lut/color-lut94.png" id="Glow_2" description="Glow 2"/>
        <element icon="default/color/common/icon/1/lut/color-lut95.png" id="Glow_3" description="Glow 3"/>
        <element icon="default/color/common/icon/1/lut/color-lut96.png" id="Lithograph_1" description="Lithograph 1"/>
        <element icon="default/color/common/icon/1/lut/color-lut97.png" id="Lithograph_2" description="Lithograph 2"/>
        <element icon="default/color/common/icon/1/lut/color-lut98.png" id="Lithograph_3" description="Lithograph 3"/>
        <element icon="default/color/common/icon/1/lut/color-lut99.png" id="HighKey_1" description="HighKey 1"/>
        <element icon="default/color/common/icon/1/lut/color-lut100.png" id="HighKey_2" description="HighKey 2"/>
        <element icon="default/color/common/icon/1/lut/color-lut101.png" id="HighKey_3" description="HighKey 3"/>
        <element icon="default/color/common/icon/1/lut/color-lut102.png" id="Negative_1" description="Negative 1"/>
        <element icon="default/color/common/icon/1/lut/color-lut103.png" id="Negative_2" description="Negative 2"/>
        <element icon="default/color/common/icon/1/lut/color-lut104.png" id="Negative_3" description="Negative 3"/>
        <element icon="default/color/common/icon/1/lut/color-lut105.png" id="Sepia_1" description="Sepia 1"/>
        <element icon="default/color/common/icon/1/lut/color-lut106.png" id="Sepia_2" description="Sepia 2"/>
        <element icon="default/color/common/icon/1/lut/color-lut107.png" id="Sepia_3" description="Sepia 3"/>
        <element icon="default/color/common/icon/1/lut/color-lut108.png" id="Sepia_4" description="Sepia 4"/>
        <element icon="default/color/common/icon/1/lut/color-lut109.png" id="Sepia_Sky_Filter_1" description="Sepia Sky Filter 1"/>
        <element icon="default/color/common/icon/1/lut/color-lut110.png" id="Sepia_Sky_Filter_2" description="Sepia Sky Filter 2"/>
        <element icon="default/color/common/icon/1/lut/color-lut111.png" id="Desaturate_1" description="Desaturate 1"/>
        <element icon="default/color/common/icon/1/lut/color-lut112.png" id="Desaturate_2" description="Desaturate 2"/>
        <element icon="default/color/common/icon/1/lut/color-lut113.png" id="Red_Only" description="Red Only"/>
        <element icon="default/color/common/icon/1/lut/color-lut114.png" id="Red_Only_Interior" description="Red Only Interior"/>
        <element icon="default/color/common/icon/1/lut/color-lut115.png" id="Red_Only_Full_Range" description="Red Only Full Range"/>
        <element icon="default/color/common/icon/1/lut/color-lut116.png" id="Green_Only" description="Green Only"/>
        <element icon="default/color/common/icon/1/lut/color-lut117.png" id="Green_Only_Interior" description="Green Only Interior"/>
        <element icon="default/color/common/icon/1/lut/color-lut118.png" id="Green_Only_Full_Range" description="Green Only Full Range"/>
        <element icon="default/color/common/icon/1/lut/color-lut119.png" id="Blue_Only" description="Blue Only"/>
        <element icon="default/color/common/icon/1/lut/color-lut120.png" id="Blue_Only_Interior" description="Blue Only Interior"/>
        <element icon="default/color/common/icon/1/lut/color-lut121.png" id="Color_Tone_Down" description="Color Tone Down"/>
        <element icon="default/color/common/icon/1/lut/color-lut122.png" id="Polaroid" description="Polaroid"/>
        <element icon="default/color/common/icon/1/lut/color-lut123.png" id="Lomo" description="Lomo"/>
      </parameter>
    </parameters>
    <presets>
        <preset icon="default/color/common/icon/1/lut/color-lut0.png" id="Normal" description="Normal"/>
        <preset icon="default/color/common/icon/1/lut/color-lut1.png" id="Bleach_Bypass" description="Bleach Bypass"/>
        <preset icon="default/color/common/icon/1/lut/color-lut2.png" id="Candle_Light" description="Candle Light"/>
        <preset icon="default/color/common/icon/1/lut/color-lut3.png" id="Cool_Contrast" description="Cool Contrast"/>
        <preset icon="default/color/common/icon/1/lut/color-lut4.png" id="Desaturated_Fog" description="Desaturated Fog"/>
        <preset icon="default/color/common/icon/1/lut/color-lut5.png" id="Evening" description="Evening"/>
        <preset icon="default/color/common/icon/1/lut/color-lut6.png" id="Fall" description="Fall"/>
        <preset icon="default/color/common/icon/1/lut/color-lut7.png" id="Filmic_1" description="Filmic 1"/>
        <preset icon="default/color/common/icon/1/lut/color-lut8.png" id="Filmic_2" description="Filmic 2"/>
        <preset icon="default/color/common/icon/1/lut/color-lut9.png" id="Filmic_3" description="Filmic 3"/>
        <preset icon="default/color/common/icon/1/lut/color-lut10.png" id="Filmic_4" description="Filmic 4"/>
        <preset icon="default/color/common/icon/1/lut/color-lut11.png" id="Filmic_5" description="Filmic 5"/>
        <preset icon="default/color/common/icon/1/lut/color-lut12.png" id="Filmic_6" description="Filmic 6"/>
        <preset icon="default/color/common/icon/1/lut/color-lut13.png" id="Filmic_7" description="Filmic 7"/>
        <preset icon="default/color/common/icon/1/lut/color-lut14.png" id="Filmic_8" description="Filmic 8"/>
        <preset icon="default/color/common/icon/1/lut/color-lut15.png" id="Filmic_9" description="Filmic 9"/>
        <preset icon="default/color/common/icon/1/lut/color-lut16.png" id="Matrix_Blue" description="Matrix Blue"/>
        <preset icon="default/color/common/icon/1/lut/color-lut17.png" id="Matrix_Green" description="Matrix Green"/>
        <preset icon="default/color/common/icon/1/lut/color-lut18.png" id="Night_1" description="Night 1"/>
        <preset icon="default/color/common/icon/1/lut/color-lut19.png" id="Night_2" description="Night 2"/>
        <preset icon="default/color/common/icon/1/lut/color-lut20.png" id="Night_Dark" description="Night Dark"/>
        <preset icon="default/color/common/icon/1/lut/color-lut21.png" id="Strong_Amber" description="Strong Amber"/>
        <preset icon="default/color/common/icon/1/lut/color-lut22.png" id="Warm" description="Warm"/>
        <preset icon="default/color/common/icon/1/lut/color-lut23.png" id="Warm_Constrast" description="Warm Constrast"/>
        <preset icon="default/color/common/icon/1/lut/color-lut24.png" id="Black_White_1" description="Black White 1"/>
        <preset icon="default/color/common/icon/1/lut/color-lut25.png" id="Black_White_2" description="Black White 2"/>
        <preset icon="default/color/common/icon/1/lut/color-lut26.png" id="Black_White_3" description="Black White 3"/>
        <preset icon="default/color/common/icon/1/lut/color-lut27.png" id="Black_White_4" description="Black White 4"/>
        <preset icon="default/color/common/icon/1/lut/color-lut28.png" id="Black_White_5" description="Black White 5"/>
        <preset icon="default/color/common/icon/1/lut/color-lut29.png" id="Black_White_6" description="Black White 6"/>
        <preset icon="default/color/common/icon/1/lut/color-lut30.png" id="Black_White_7" description="Black White 7"/>
        <preset icon="default/color/common/icon/1/lut/color-lut31.png" id="Black_White_8" description="Black White 8"/>
        <preset icon="default/color/common/icon/1/lut/color-lut32.png" id="Black_White_9" description="Black White 9"/>
        <preset icon="default/color/common/icon/1/lut/color-lut33.png" id="Black_White_10" description="Black White 10"/>
        <preset icon="default/color/common/icon/1/lut/color-lut34.png" id="Black_White_11" description="Black White 11"/>
        <preset icon="default/color/common/icon/1/lut/color-lut35.png" id="Black_White_12" description="Black White 12"/>
        <preset icon="default/color/common/icon/1/lut/color-lut36.png" id="Black_White_13" description="Black White 13"/>
        <preset icon="default/color/common/icon/1/lut/color-lut37.png" id="Black_White_14" description="Black White 14"/>
        <preset icon="default/color/common/icon/1/lut/color-lut38.png" id="Black_White_Blue_Filter" description="Black White Blue Filter"/>
        <preset icon="default/color/common/icon/1/lut/color-lut39.png" id="Black_White_Blue_Sharp_Filter" description="Black White Blue Sharp Filter"/>
        <preset icon="default/color/common/icon/1/lut/color-lut40.png" id="Black_White_Green_Filter" description="Black White Green Filter"/>
        <preset icon="default/color/common/icon/1/lut/color-lut41.png" id="Black_White_Green_Sharp_Filter" description="Black White Green Sharp Filter"/>
        <preset icon="default/color/common/icon/1/lut/color-lut42.png" id="Black_White_Highlights_Filter" description="Black White Highlights Filter"/>
        <preset icon="default/color/common/icon/1/lut/color-lut43.png" id="Black_White_Red_Filter" description="Black White Red Filter"/>
        <preset icon="default/color/common/icon/1/lut/color-lut44.png" id="Black_White_Red_Sharp_Filter" description="Black White Red Sharp Filter"/>
        <preset icon="default/color/common/icon/1/lut/color-lut45.png" id="Retro_1" description="Retro 1"/>
        <preset icon="default/color/common/icon/1/lut/color-lut46.png" id="Retro_2" description="Retro 2"/>
        <preset icon="default/color/common/icon/1/lut/color-lut47.png" id="Retro_3" description="Retro 3"/>
        <preset icon="default/color/common/icon/1/lut/color-lut48.png" id="Retro_4" description="Retro 4"/>
        <preset icon="default/color/common/icon/1/lut/color-lut49.png" id="Retro_5" description="Retro 5"/>
        <preset icon="default/color/common/icon/1/lut/color-lut50.png" id="Retro_6" description="Retro 6"/>
        <preset icon="default/color/common/icon/1/lut/color-lut51.png" id="Retro_7" description="Retro 7"/>
        <preset icon="default/color/common/icon/1/lut/color-lut52.png" id="Retro_8" description="Retro 8"/>
        <preset icon="default/color/common/icon/1/lut/color-lut53.png" id="Retro_9" description="Retro 9"/>
        <preset icon="default/color/common/icon/1/lut/color-lut54.png" id="Retro_10" description="Retro 10"/>
        <preset icon="default/color/common/icon/1/lut/color-lut55.png" id="Retro_11" description="Retro 11"/>
        <preset icon="default/color/common/icon/1/lut/color-lut56.png" id="Retro_12" description="Retro 12"/>
        <preset icon="default/color/common/icon/1/lut/color-lut57.png" id="Retro_13" description="Retro 13"/>
        <preset icon="default/color/common/icon/1/lut/color-lut58.png" id="Retro_14" description="Retro 14"/>
        <preset icon="default/color/common/icon/1/lut/color-lut59.png" id="Retro_15" description="Retro 15"/>
        <preset icon="default/color/common/icon/1/lut/color-lut60.png" id="Retro_16" description="Retro 16"/>
        <preset icon="default/color/common/icon/1/lut/color-lut61.png" id="Variation_1" description="Variation 1"/>
        <preset icon="default/color/common/icon/1/lut/color-lut62.png" id="Variation_2" description="Variation 2"/>
        <preset icon="default/color/common/icon/1/lut/color-lut63.png" id="Variation_3" description="Variation 3"/>
        <preset icon="default/color/common/icon/1/lut/color-lut64.png" id="Variation_4" description="Variation 4"/>
        <preset icon="default/color/common/icon/1/lut/color-lut65.png" id="Variation_5" description="Variation 5"/>
        <preset icon="default/color/common/icon/1/lut/color-lut66.png" id="Variation_6" description="Variation 6"/>
        <preset icon="default/color/common/icon/1/lut/color-lut67.png" id="Variation_7" description="Variation 7"/>
        <preset icon="default/color/common/icon/1/lut/color-lut68.png" id="Variation_8" description="Variation 8"/>
        <preset icon="default/color/common/icon/1/lut/color-lut69.png" id="Variation_9" description="Variation 9"/>
        <preset icon="default/color/common/icon/1/lut/color-lut70.png" id="Variation_10" description="Variation 10"/>
        <preset icon="default/color/common/icon/1/lut/color-lut71.png" id="Variation_11" description="Variation 11"/>
        <preset icon="default/color/common/icon/1/lut/color-lut72.png" id="Variation_12" description="Variation 12"/>
        <preset icon="default/color/common/icon/1/lut/color-lut73.png" id="Variation_13" description="Variation 13"/>
        <preset icon="default/color/common/icon/1/lut/color-lut74.png" id="Variation_14" description="Variation 14"/>
        <preset icon="default/color/common/icon/1/lut/color-lut75.png" id="Variation_14_Interior" description="Variation 14 Interior"/>
        <preset icon="default/color/common/icon/1/lut/color-lut76.png" id="Variation_15" description="Variation 15"/>
        <preset icon="default/color/common/icon/1/lut/color-lut77.png" id="Vintage_1" description="Vintage 1"/>
        <preset icon="default/color/common/icon/1/lut/color-lut78.png" id="Vintage_2" description="Vintage 2"/>
        <preset icon="default/color/common/icon/1/lut/color-lut79.png" id="Vintage_3" description="Vintage 3"/>
        <preset icon="default/color/common/icon/1/lut/color-lut80.png" id="Vintage_4" description="Vintage 4"/>
        <preset icon="default/color/common/icon/1/lut/color-lut81.png" id="Vintage_5" description="Vintage 5"/>
        <preset icon="default/color/common/icon/1/lut/color-lut82.png" id="Vintage_6" description="Vintage 6"/>
        <preset icon="default/color/common/icon/1/lut/color-lut83.png" id="Vintage_7" description="Vintage 7"/>
        <preset icon="default/color/common/icon/1/lut/color-lut84.png" id="HDR_1" description="HDR 1"/>
        <preset icon="default/color/common/icon/1/lut/color-lut85.png" id="HDR_2" description="HDR 2"/>
        <preset icon="default/color/common/icon/1/lut/color-lut86.png" id="HDR_3" description="HDR 3"/>
        <preset icon="default/color/common/icon/1/lut/color-lut87.png" id="HDR_4" description="HDR 4"/>
        <preset icon="default/color/common/icon/1/lut/color-lut88.png" id="Technicolor_1" description="Technicolor 1"/>
        <preset icon="default/color/common/icon/1/lut/color-lut89.png" id="Technicolor_2" description="Technicolor 2"/>
        <preset icon="default/color/common/icon/1/lut/color-lut90.png" id="Technicolor_3" description="Technicolor 3"/>
        <preset icon="default/color/common/icon/1/lut/color-lut91.png" id="Technicolor_4" description="Technicolor 4"/>
        <preset icon="default/color/common/icon/1/lut/color-lut92.png" id="Technicolor_5" description="Technicolor 5"/>
        <preset icon="default/color/common/icon/1/lut/color-lut93.png" id="Glow_1" description="Glow 1"/>
        <preset icon="default/color/common/icon/1/lut/color-lut94.png" id="Glow_2" description="Glow 2"/>
        <preset icon="default/color/common/icon/1/lut/color-lut95.png" id="Glow_3" description="Glow 3"/>
        <preset icon="default/color/common/icon/1/lut/color-lut96.png" id="Lithograph_1" description="Lithograph 1"/>
        <preset icon="default/color/common/icon/1/lut/color-lut97.png" id="Lithograph_2" description="Lithograph 2"/>
        <preset icon="default/color/common/icon/1/lut/color-lut98.png" id="Lithograph_3" description="Lithograph 3"/>
        <preset icon="default/color/common/icon/1/lut/color-lut99.png" id="HighKey_1" description="HighKey 1"/>
        <preset icon="default/color/common/icon/1/lut/color-lut100.png" id="HighKey_2" description="HighKey 2"/>
        <preset icon="default/color/common/icon/1/lut/color-lut101.png" id="HighKey_3" description="HighKey 3"/>
        <preset icon="default/color/common/icon/1/lut/color-lut102.png" id="Negative_1" description="Negative 1"/>
        <preset icon="default/color/common/icon/1/lut/color-lut103.png" id="Negative_2" description="Negative 2"/>
        <preset icon="default/color/common/icon/1/lut/color-lut104.png" id="Negative_3" description="Negative 3"/>
        <preset icon="default/color/common/icon/1/lut/color-lut105.png" id="Sepia_1" description="Sepia 1"/>
        <preset icon="default/color/common/icon/1/lut/color-lut106.png" id="Sepia_2" description="Sepia 2"/>
        <preset icon="default/color/common/icon/1/lut/color-lut107.png" id="Sepia_3" description="Sepia 3"/>
        <preset icon="default/color/common/icon/1/lut/color-lut108.png" id="Sepia_4" description="Sepia 4"/>
        <preset icon="default/color/common/icon/1/lut/color-lut109.png" id="Sepia_Sky_Filter_1" description="Sepia Sky Filter 1"/>
        <preset icon="default/color/common/icon/1/lut/color-lut110.png" id="Sepia_Sky_Filter_2" description="Sepia Sky Filter 2"/>
        <preset icon="default/color/common/icon/1/lut/color-lut111.png" id="Desaturate_1" description="Desaturate 1"/>
        <preset icon="default/color/common/icon/1/lut/color-lut112.png" id="Desaturate_2" description="Desaturate 2"/>
        <preset icon="default/color/common/icon/1/lut/color-lut113.png" id="Red_Only" description="Red Only"/>
        <preset icon="default/color/common/icon/1/lut/color-lut114.png" id="Red_Only_Interior" description="Red Only Interior"/>
        <preset icon="default/color/common/icon/1/lut/color-lut115.png" id="Red_Only_Full_Range" description="Red Only Full Range"/>
        <preset icon="default/color/common/icon/1/lut/color-lut116.png" id="Green_Only" description="Green Only"/>
        <preset icon="default/color/common/icon/1/lut/color-lut117.png" id="Green_Only_Interior" description="Green Only Interior"/>
        <preset icon="default/color/common/icon/1/lut/color-lut118.png" id="Green_Only_Full_Range" description="Green Only Full Range"/>
        <preset icon="default/color/common/icon/1/lut/color-lut119.png" id="Blue_Only" description="Blue Only"/>
        <preset icon="default/color/common/icon/1/lut/color-lut120.png" id="Blue_Only_Interior" description="Blue Only Interior"/>
        <preset icon="default/color/common/icon/1/lut/color-lut121.png" id="Color_Tone_Down" description="Color Tone Down"/>
        <preset icon="default/color/common/icon/1/lut/color-lut122.png" id="Polaroid" description="Polaroid"/>
        <preset icon="default/color/common/icon/1/lut/color-lut123.png" id="Lomo" description="Lomo"/>    
	</presets>
  </target>
  <target deviceBrand="*" deviceModel="*">
    <parameters>
      <parameter description="Look-up Table" hidden="false"
                 icon="default/color/common/icon/1/colors.png" id="lutLayer">
        <element icon="default/color/common/icon/1/lut/color-lut0.png" id="Normal" description="Normal"/>
        <element icon="default/color/common/icon/1/lut/color-lut1.png" id="Bleach_Bypass" description="Bleach Bypass"/>
        <element icon="default/color/common/icon/1/lut/color-lut2.png" id="Candle_Light" description="Candle Light"/>
        <element icon="default/color/common/icon/1/lut/color-lut3.png" id="Cool_Contrast" description="Cool Contrast"/>
        <element icon="default/color/common/icon/1/lut/color-lut4.png" id="Desaturated_Fog" description="Desaturated Fog"/>
        <element icon="default/color/common/icon/1/lut/color-lut5.png" id="Evening" description="Evening"/>
        <element icon="default/color/common/icon/1/lut/color-lut6.png" id="Fall" description="Fall"/>
        <element icon="default/color/common/icon/1/lut/color-lut7.png" id="Filmic_1" description="Filmic 1"/>
        <element icon="default/color/common/icon/1/lut/color-lut8.png" id="Filmic_2" description="Filmic 2"/>
        <element icon="default/color/common/icon/1/lut/color-lut9.png" id="Filmic_3" description="Filmic 3"/>
        <element icon="default/color/common/icon/1/lut/color-lut10.png" id="Filmic_4" description="Filmic 4"/>
        <element icon="default/color/common/icon/1/lut/color-lut11.png" id="Filmic_5" description="Filmic 5"/>
        <element icon="default/color/common/icon/1/lut/color-lut12.png" id="Filmic_6" description="Filmic 6"/>
        <element icon="default/color/common/icon/1/lut/color-lut13.png" id="Filmic_7" description="Filmic 7"/>
        <element icon="default/color/common/icon/1/lut/color-lut14.png" id="Filmic_8" description="Filmic 8"/>
        <element icon="default/color/common/icon/1/lut/color-lut15.png" id="Filmic_9" description="Filmic 9"/>
        <element icon="default/color/common/icon/1/lut/color-lut16.png" id="Matrix_Blue" description="Matrix Blue"/>
        <element icon="default/color/common/icon/1/lut/color-lut17.png" id="Matrix_Green" description="Matrix Green"/>
        <element icon="default/color/common/icon/1/lut/color-lut18.png" id="Night_1" description="Night 1"/>
        <element icon="default/color/common/icon/1/lut/color-lut19.png" id="Night_2" description="Night 2"/>
        <element icon="default/color/common/icon/1/lut/color-lut20.png" id="Night_Dark" description="Night Dark"/>
        <element icon="default/color/common/icon/1/lut/color-lut21.png" id="Strong_Amber" description="Strong Amber"/>
        <element icon="default/color/common/icon/1/lut/color-lut22.png" id="Warm" description="Warm"/>
        <element icon="default/color/common/icon/1/lut/color-lut23.png" id="Warm_Constrast" description="Warm Constrast"/>
        <element icon="default/color/common/icon/1/lut/color-lut24.png" id="Black_White_1" description="Black White 1"/>
        <element icon="default/color/common/icon/1/lut/color-lut25.png" id="Black_White_2" description="Black White 2"/>
        <element icon="default/color/common/icon/1/lut/color-lut26.png" id="Black_White_3" description="Black White 3"/>
        <element icon="default/color/common/icon/1/lut/color-lut27.png" id="Black_White_4" description="Black White 4"/>
        <element icon="default/color/common/icon/1/lut/color-lut28.png" id="Black_White_5" description="Black White 5"/>
        <element icon="default/color/common/icon/1/lut/color-lut29.png" id="Black_White_6" description="Black White 6"/>
        <element icon="default/color/common/icon/1/lut/color-lut30.png" id="Black_White_7" description="Black White 7"/>
        <element icon="default/color/common/icon/1/lut/color-lut31.png" id="Black_White_8" description="Black White 8"/>
        <element icon="default/color/common/icon/1/lut/color-lut32.png" id="Black_White_9" description="Black White 9"/>
        <element icon="default/color/common/icon/1/lut/color-lut33.png" id="Black_White_10" description="Black White 10"/>
        <element icon="default/color/common/icon/1/lut/color-lut34.png" id="Black_White_11" description="Black White 11"/>
        <element icon="default/color/common/icon/1/lut/color-lut35.png" id="Black_White_12" description="Black White 12"/>
        <element icon="default/color/common/icon/1/lut/color-lut36.png" id="Black_White_13" description="Black White 13"/>
        <element icon="default/color/common/icon/1/lut/color-lut37.png" id="Black_White_14" description="Black White 14"/>
        <element icon="default/color/common/icon/1/lut/color-lut38.png" id="Black_White_Blue_Filter" description="Black White Blue Filter"/>
        <element icon="default/color/common/icon/1/lut/color-lut39.png" id="Black_White_Blue_Sharp_Filter" description="Black White Blue Sharp Filter"/>
        <element icon="default/color/common/icon/1/lut/color-lut40.png" id="Black_White_Green_Filter" description="Black White Green Filter"/>
        <element icon="default/color/common/icon/1/lut/color-lut41.png" id="Black_White_Green_Sharp_Filter" description="Black White Green Sharp Filter"/>
        <element icon="default/color/common/icon/1/lut/color-lut42.png" id="Black_White_Highlights_Filter" description="Black White Highlights Filter"/>
        <element icon="default/color/common/icon/1/lut/color-lut43.png" id="Black_White_Red_Filter" description="Black White Red Filter"/>
        <element icon="default/color/common/icon/1/lut/color-lut44.png" id="Black_White_Red_Sharp_Filter" description="Black White Red Sharp Filter"/>
        <element icon="default/color/common/icon/1/lut/color-lut45.png" id="Retro_1" description="Retro 1"/>
        <element icon="default/color/common/icon/1/lut/color-lut46.png" id="Retro_2" description="Retro 2"/>
        <element icon="default/color/common/icon/1/lut/color-lut47.png" id="Retro_3" description="Retro 3"/>
        <element icon="default/color/common/icon/1/lut/color-lut48.png" id="Retro_4" description="Retro 4"/>
        <element icon="default/color/common/icon/1/lut/color-lut49.png" id="Retro_5" description="Retro 5"/>
        <element icon="default/color/common/icon/1/lut/color-lut50.png" id="Retro_6" description="Retro 6"/>
        <element icon="default/color/common/icon/1/lut/color-lut51.png" id="Retro_7" description="Retro 7"/>
        <element icon="default/color/common/icon/1/lut/color-lut52.png" id="Retro_8" description="Retro 8"/>
        <element icon="default/color/common/icon/1/lut/color-lut53.png" id="Retro_9" description="Retro 9"/>
        <element icon="default/color/common/icon/1/lut/color-lut54.png" id="Retro_10" description="Retro 10"/>
        <element icon="default/color/common/icon/1/lut/color-lut55.png" id="Retro_11" description="Retro 11"/>
        <element icon="default/color/common/icon/1/lut/color-lut56.png" id="Retro_12" description="Retro 12"/>
        <element icon="default/color/common/icon/1/lut/color-lut57.png" id="Retro_13" description="Retro 13"/>
        <element icon="default/color/common/icon/1/lut/color-lut58.png" id="Retro_14" description="Retro 14"/>
        <element icon="default/color/common/icon/1/lut/color-lut59.png" id="Retro_15" description="Retro 15"/>
        <element icon="default/color/common/icon/1/lut/color-lut60.png" id="Retro_16" description="Retro 16"/>
        <element icon="default/color/common/icon/1/lut/color-lut61.png" id="Variation_1" description="Variation 1"/>
        <element icon="default/color/common/icon/1/lut/color-lut62.png" id="Variation_2" description="Variation 2"/>
        <element icon="default/color/common/icon/1/lut/color-lut63.png" id="Variation_3" description="Variation 3"/>
        <element icon="default/color/common/icon/1/lut/color-lut64.png" id="Variation_4" description="Variation 4"/>
        <element icon="default/color/common/icon/1/lut/color-lut65.png" id="Variation_5" description="Variation 5"/>
        <element icon="default/color/common/icon/1/lut/color-lut66.png" id="Variation_6" description="Variation 6"/>
        <element icon="default/color/common/icon/1/lut/color-lut67.png" id="Variation_7" description="Variation 7"/>
        <element icon="default/color/common/icon/1/lut/color-lut68.png" id="Variation_8" description="Variation 8"/>
        <element icon="default/color/common/icon/1/lut/color-lut69.png" id="Variation_9" description="Variation 9"/>
        <element icon="default/color/common/icon/1/lut/color-lut70.png" id="Variation_10" description="Variation 10"/>
        <element icon="default/color/common/icon/1/lut/color-lut71.png" id="Variation_11" description="Variation 11"/>
        <element icon="default/color/common/icon/1/lut/color-lut72.png" id="Variation_12" description="Variation 12"/>
        <element icon="default/color/common/icon/1/lut/color-lut73.png" id="Variation_13" description="Variation 13"/>
        <element icon="default/color/common/icon/1/lut/color-lut74.png" id="Variation_14" description="Variation 14"/>
        <element icon="default/color/common/icon/1/lut/color-lut75.png" id="Variation_14_Interior" description="Variation 14 Interior"/>
        <element icon="default/color/common/icon/1/lut/color-lut76.png" id="Variation_15" description="Variation 15"/>
        <element icon="default/color/common/icon/1/lut/color-lut77.png" id="Vintage_1" description="Vintage 1"/>
        <element icon="default/color/common/icon/1/lut/color-lut78.png" id="Vintage_2" description="Vintage 2"/>
        <element icon="default/color/common/icon/1/lut/color-lut79.png" id="Vintage_3" description="Vintage 3"/>
        <element icon="default/color/common/icon/1/lut/color-lut80.png" id="Vintage_4" description="Vintage 4"/>
        <element icon="default/color/common/icon/1/lut/color-lut81.png" id="Vintage_5" description="Vintage 5"/>
        <element icon="default/color/common/icon/1/lut/color-lut82.png" id="Vintage_6" description="Vintage 6"/>
        <element icon="default/color/common/icon/1/lut/color-lut83.png" id="Vintage_7" description="Vintage 7"/>
        <element icon="default/color/common/icon/1/lut/color-lut84.png" id="HDR_1" description="HDR 1"/>
        <element icon="default/color/common/icon/1/lut/color-lut85.png" id="HDR_2" description="HDR 2"/>
        <element icon="default/color/common/icon/1/lut/color-lut86.png" id="HDR_3" description="HDR 3"/>
        <element icon="default/color/common/icon/1/lut/color-lut87.png" id="HDR_4" description="HDR 4"/>
        <element icon="default/color/common/icon/1/lut/color-lut88.png" id="Technicolor_1" description="Technicolor 1"/>
        <element icon="default/color/common/icon/1/lut/color-lut89.png" id="Technicolor_2" description="Technicolor 2"/>
        <element icon="default/color/common/icon/1/lut/color-lut90.png" id="Technicolor_3" description="Technicolor 3"/>
        <element icon="default/color/common/icon/1/lut/color-lut91.png" id="Technicolor_4" description="Technicolor 4"/>
        <element icon="default/color/common/icon/1/lut/color-lut92.png" id="Technicolor_5" description="Technicolor 5"/>
        <element icon="default/color/common/icon/1/lut/color-lut93.png" id="Glow_1" description="Glow 1"/>
        <element icon="default/color/common/icon/1/lut/color-lut94.png" id="Glow_2" description="Glow 2"/>
        <element icon="default/color/common/icon/1/lut/color-lut95.png" id="Glow_3" description="Glow 3"/>
        <element icon="default/color/common/icon/1/lut/color-lut96.png" id="Lithograph_1" description="Lithograph 1"/>
        <element icon="default/color/common/icon/1/lut/color-lut97.png" id="Lithograph_2" description="Lithograph 2"/>
        <element icon="default/color/common/icon/1/lut/color-lut98.png" id="Lithograph_3" description="Lithograph 3"/>
        <element icon="default/color/common/icon/1/lut/color-lut99.png" id="HighKey_1" description="HighKey 1"/>
        <element icon="default/color/common/icon/1/lut/color-lut100.png" id="HighKey_2" description="HighKey 2"/>
        <element icon="default/color/common/icon/1/lut/color-lut101.png" id="HighKey_3" description="HighKey 3"/>
        <element icon="default/color/common/icon/1/lut/color-lut102.png" id="Negative_1" description="Negative 1"/>
        <element icon="default/color/common/icon/1/lut/color-lut103.png" id="Negative_2" description="Negative 2"/>
        <element icon="default/color/common/icon/1/lut/color-lut104.png" id="Negative_3" description="Negative 3"/>
        <element icon="default/color/common/icon/1/lut/color-lut105.png" id="Sepia_1" description="Sepia 1"/>
        <element icon="default/color/common/icon/1/lut/color-lut106.png" id="Sepia_2" description="Sepia 2"/>
        <element icon="default/color/common/icon/1/lut/color-lut107.png" id="Sepia_3" description="Sepia 3"/>
        <element icon="default/color/common/icon/1/lut/color-lut108.png" id="Sepia_4" description="Sepia 4"/>
        <element icon="default/color/common/icon/1/lut/color-lut109.png" id="Sepia_Sky_Filter_1" description="Sepia Sky Filter 1"/>
        <element icon="default/color/common/icon/1/lut/color-lut110.png" id="Sepia_Sky_Filter_2" description="Sepia Sky Filter 2"/>
        <element icon="default/color/common/icon/1/lut/color-lut111.png" id="Desaturate_1" description="Desaturate 1"/>
        <element icon="default/color/common/icon/1/lut/color-lut112.png" id="Desaturate_2" description="Desaturate 2"/>
        <element icon="default/color/common/icon/1/lut/color-lut113.png" id="Red_Only" description="Red Only"/>
        <element icon="default/color/common/icon/1/lut/color-lut114.png" id="Red_Only_Interior" description="Red Only Interior"/>
        <element icon="default/color/common/icon/1/lut/color-lut115.png" id="Red_Only_Full_Range" description="Red Only Full Range"/>
        <element icon="default/color/common/icon/1/lut/color-lut116.png" id="Green_Only" description="Green Only"/>
        <element icon="default/color/common/icon/1/lut/color-lut117.png" id="Green_Only_Interior" description="Green Only Interior"/>
        <element icon="default/color/common/icon/1/lut/color-lut118.png" id="Green_Only_Full_Range" description="Green Only Full Range"/>
        <element icon="default/color/common/icon/1/lut/color-lut119.png" id="Blue_Only" description="Blue Only"/>
        <element icon="default/color/common/icon/1/lut/color-lut120.png" id="Blue_Only_Interior" description="Blue Only Interior"/>
        <element icon="default/color/common/icon/1/lut/color-lut121.png" id="Color_Tone_Down" description="Color Tone Down"/>
        <element icon="default/color/common/icon/1/lut/color-lut122.png" id="Polaroid" description="Polaroid"/>
        <element icon="default/color/common/icon/1/lut/color-lut123.png" id="Lomo" description="Lomo"/>
      </parameter>
    </parameters>
    <presets>
        <preset icon="default/color/common/icon/1/lut/color-lut0.png" id="Normal" description="Normal"/>
        <preset icon="default/color/common/icon/1/lut/color-lut1.png" id="Bleach_Bypass" description="Bleach Bypass"/>
        <preset icon="default/color/common/icon/1/lut/color-lut2.png" id="Candle_Light" description="Candle Light"/>
        <preset icon="default/color/common/icon/1/lut/color-lut3.png" id="Cool_Contrast" description="Cool Contrast"/>
        <preset icon="default/color/common/icon/1/lut/color-lut4.png" id="Desaturated_Fog" description="Desaturated Fog"/>
        <preset icon="default/color/common/icon/1/lut/color-lut5.png" id="Evening" description="Evening"/>
        <preset icon="default/color/common/icon/1/lut/color-lut6.png" id="Fall" description="Fall"/>
        <preset icon="default/color/common/icon/1/lut/color-lut7.png" id="Filmic_1" description="Filmic 1"/>
        <preset icon="default/color/common/icon/1/lut/color-lut8.png" id="Filmic_2" description="Filmic 2"/>
        <preset icon="default/color/common/icon/1/lut/color-lut9.png" id="Filmic_3" description="Filmic 3"/>
        <preset icon="default/color/common/icon/1/lut/color-lut10.png" id="Filmic_4" description="Filmic 4"/>
        <preset icon="default/color/common/icon/1/lut/color-lut11.png" id="Filmic_5" description="Filmic 5"/>
        <preset icon="default/color/common/icon/1/lut/color-lut12.png" id="Filmic_6" description="Filmic 6"/>
        <preset icon="default/color/common/icon/1/lut/color-lut13.png" id="Filmic_7" description="Filmic 7"/>
        <preset icon="default/color/common/icon/1/lut/color-lut14.png" id="Filmic_8" description="Filmic 8"/>
        <preset icon="default/color/common/icon/1/lut/color-lut15.png" id="Filmic_9" description="Filmic 9"/>
        <preset icon="default/color/common/icon/1/lut/color-lut16.png" id="Matrix_Blue" description="Matrix Blue"/>
        <preset icon="default/color/common/icon/1/lut/color-lut17.png" id="Matrix_Green" description="Matrix Green"/>
        <preset icon="default/color/common/icon/1/lut/color-lut18.png" id="Night_1" description="Night 1"/>
        <preset icon="default/color/common/icon/1/lut/color-lut19.png" id="Night_2" description="Night 2"/>
        <preset icon="default/color/common/icon/1/lut/color-lut20.png" id="Night_Dark" description="Night Dark"/>
        <preset icon="default/color/common/icon/1/lut/color-lut21.png" id="Strong_Amber" description="Strong Amber"/>
        <preset icon="default/color/common/icon/1/lut/color-lut22.png" id="Warm" description="Warm"/>
        <preset icon="default/color/common/icon/1/lut/color-lut23.png" id="Warm_Constrast" description="Warm Constrast"/>
        <preset icon="default/color/common/icon/1/lut/color-lut24.png" id="Black_White_1" description="Black White 1"/>
        <preset icon="default/color/common/icon/1/lut/color-lut25.png" id="Black_White_2" description="Black White 2"/>
        <preset icon="default/color/common/icon/1/lut/color-lut26.png" id="Black_White_3" description="Black White 3"/>
        <preset icon="default/color/common/icon/1/lut/color-lut27.png" id="Black_White_4" description="Black White 4"/>
        <preset icon="default/color/common/icon/1/lut/color-lut28.png" id="Black_White_5" description="Black White 5"/>
        <preset icon="default/color/common/icon/1/lut/color-lut29.png" id="Black_White_6" description="Black White 6"/>
        <preset icon="default/color/common/icon/1/lut/color-lut30.png" id="Black_White_7" description="Black White 7"/>
        <preset icon="default/color/common/icon/1/lut/color-lut31.png" id="Black_White_8" description="Black White 8"/>
        <preset icon="default/color/common/icon/1/lut/color-lut32.png" id="Black_White_9" description="Black White 9"/>
        <preset icon="default/color/common/icon/1/lut/color-lut33.png" id="Black_White_10" description="Black White 10"/>
        <preset icon="default/color/common/icon/1/lut/color-lut34.png" id="Black_White_11" description="Black White 11"/>
        <preset icon="default/color/common/icon/1/lut/color-lut35.png" id="Black_White_12" description="Black White 12"/>
        <preset icon="default/color/common/icon/1/lut/color-lut36.png" id="Black_White_13" description="Black White 13"/>
        <preset icon="default/color/common/icon/1/lut/color-lut37.png" id="Black_White_14" description="Black White 14"/>
        <preset icon="default/color/common/icon/1/lut/color-lut38.png" id="Black_White_Blue_Filter" description="Black White Blue Filter"/>
        <preset icon="default/color/common/icon/1/lut/color-lut39.png" id="Black_White_Blue_Sharp_Filter" description="Black White Blue Sharp Filter"/>
        <preset icon="default/color/common/icon/1/lut/color-lut40.png" id="Black_White_Green_Filter" description="Black White Green Filter"/>
        <preset icon="default/color/common/icon/1/lut/color-lut41.png" id="Black_White_Green_Sharp_Filter" description="Black White Green Sharp Filter"/>
        <preset icon="default/color/common/icon/1/lut/color-lut42.png" id="Black_White_Highlights_Filter" description="Black White Highlights Filter"/>
        <preset icon="default/color/common/icon/1/lut/color-lut43.png" id="Black_White_Red_Filter" description="Black White Red Filter"/>
        <preset icon="default/color/common/icon/1/lut/color-lut44.png" id="Black_White_Red_Sharp_Filter" description="Black White Red Sharp Filter"/>
        <preset icon="default/color/common/icon/1/lut/color-lut45.png" id="Retro_1" description="Retro 1"/>
        <preset icon="default/color/common/icon/1/lut/color-lut46.png" id="Retro_2" description="Retro 2"/>
        <preset icon="default/color/common/icon/1/lut/color-lut47.png" id="Retro_3" description="Retro 3"/>
        <preset icon="default/color/common/icon/1/lut/color-lut48.png" id="Retro_4" description="Retro 4"/>
        <preset icon="default/color/common/icon/1/lut/color-lut49.png" id="Retro_5" description="Retro 5"/>
        <preset icon="default/color/common/icon/1/lut/color-lut50.png" id="Retro_6" description="Retro 6"/>
        <preset icon="default/color/common/icon/1/lut/color-lut51.png" id="Retro_7" description="Retro 7"/>
        <preset icon="default/color/common/icon/1/lut/color-lut52.png" id="Retro_8" description="Retro 8"/>
        <preset icon="default/color/common/icon/1/lut/color-lut53.png" id="Retro_9" description="Retro 9"/>
        <preset icon="default/color/common/icon/1/lut/color-lut54.png" id="Retro_10" description="Retro 10"/>
        <preset icon="default/color/common/icon/1/lut/color-lut55.png" id="Retro_11" description="Retro 11"/>
        <preset icon="default/color/common/icon/1/lut/color-lut56.png" id="Retro_12" description="Retro 12"/>
        <preset icon="default/color/common/icon/1/lut/color-lut57.png" id="Retro_13" description="Retro 13"/>
        <preset icon="default/color/common/icon/1/lut/color-lut58.png" id="Retro_14" description="Retro 14"/>
        <preset icon="default/color/common/icon/1/lut/color-lut59.png" id="Retro_15" description="Retro 15"/>
        <preset icon="default/color/common/icon/1/lut/color-lut60.png" id="Retro_16" description="Retro 16"/>
        <preset icon="default/color/common/icon/1/lut/color-lut61.png" id="Variation_1" description="Variation 1"/>
        <preset icon="default/color/common/icon/1/lut/color-lut62.png" id="Variation_2" description="Variation 2"/>
        <preset icon="default/color/common/icon/1/lut/color-lut63.png" id="Variation_3" description="Variation 3"/>
        <preset icon="default/color/common/icon/1/lut/color-lut64.png" id="Variation_4" description="Variation 4"/>
        <preset icon="default/color/common/icon/1/lut/color-lut65.png" id="Variation_5" description="Variation 5"/>
        <preset icon="default/color/common/icon/1/lut/color-lut66.png" id="Variation_6" description="Variation 6"/>
        <preset icon="default/color/common/icon/1/lut/color-lut67.png" id="Variation_7" description="Variation 7"/>
        <preset icon="default/color/common/icon/1/lut/color-lut68.png" id="Variation_8" description="Variation 8"/>
        <preset icon="default/color/common/icon/1/lut/color-lut69.png" id="Variation_9" description="Variation 9"/>
        <preset icon="default/color/common/icon/1/lut/color-lut70.png" id="Variation_10" description="Variation 10"/>
        <preset icon="default/color/common/icon/1/lut/color-lut71.png" id="Variation_11" description="Variation 11"/>
        <preset icon="default/color/common/icon/1/lut/color-lut72.png" id="Variation_12" description="Variation 12"/>
        <preset icon="default/color/common/icon/1/lut/color-lut73.png" id="Variation_13" description="Variation 13"/>
        <preset icon="default/color/common/icon/1/lut/color-lut74.png" id="Variation_14" description="Variation 14"/>
        <preset icon="default/color/common/icon/1/lut/color-lut75.png" id="Variation_14_Interior" description="Variation 14 Interior"/>
        <preset icon="default/color/common/icon/1/lut/color-lut76.png" id="Variation_15" description="Variation 15"/>
        <preset icon="default/color/common/icon/1/lut/color-lut77.png" id="Vintage_1" description="Vintage 1"/>
        <preset icon="default/color/common/icon/1/lut/color-lut78.png" id="Vintage_2" description="Vintage 2"/>
        <preset icon="default/color/common/icon/1/lut/color-lut79.png" id="Vintage_3" description="Vintage 3"/>
        <preset icon="default/color/common/icon/1/lut/color-lut80.png" id="Vintage_4" description="Vintage 4"/>
        <preset icon="default/color/common/icon/1/lut/color-lut81.png" id="Vintage_5" description="Vintage 5"/>
        <preset icon="default/color/common/icon/1/lut/color-lut82.png" id="Vintage_6" description="Vintage 6"/>
        <preset icon="default/color/common/icon/1/lut/color-lut83.png" id="Vintage_7" description="Vintage 7"/>
        <preset icon="default/color/common/icon/1/lut/color-lut84.png" id="HDR_1" description="HDR 1"/>
        <preset icon="default/color/common/icon/1/lut/color-lut85.png" id="HDR_2" description="HDR 2"/>
        <preset icon="default/color/common/icon/1/lut/color-lut86.png" id="HDR_3" description="HDR 3"/>
        <preset icon="default/color/common/icon/1/lut/color-lut87.png" id="HDR_4" description="HDR 4"/>
        <preset icon="default/color/common/icon/1/lut/color-lut88.png" id="Technicolor_1" description="Technicolor 1"/>
        <preset icon="default/color/common/icon/1/lut/color-lut89.png" id="Technicolor_2" description="Technicolor 2"/>
        <preset icon="default/color/common/icon/1/lut/color-lut90.png" id="Technicolor_3" description="Technicolor 3"/>
        <preset icon="default/color/common/icon/1/lut/color-lut91.png" id="Technicolor_4" description="Technicolor 4"/>
        <preset icon="default/color/common/icon/1/lut/color-lut92.png" id="Technicolor_5" description="Technicolor 5"/>
        <preset icon="default/color/common/icon/1/lut/color-lut93.png" id="Glow_1" description="Glow 1"/>
        <preset icon="default/color/common/icon/1/lut/color-lut94.png" id="Glow_2" description="Glow 2"/>
        <preset icon="default/color/common/icon/1/lut/color-lut95.png" id="Glow_3" description="Glow 3"/>
        <preset icon="default/color/common/icon/1/lut/color-lut96.png" id="Lithograph_1" description="Lithograph 1"/>
        <preset icon="default/color/common/icon/1/lut/color-lut97.png" id="Lithograph_2" description="Lithograph 2"/>
        <preset icon="default/color/common/icon/1/lut/color-lut98.png" id="Lithograph_3" description="Lithograph 3"/>
        <preset icon="default/color/common/icon/1/lut/color-lut99.png" id="HighKey_1" description="HighKey 1"/>
        <preset icon="default/color/common/icon/1/lut/color-lut100.png" id="HighKey_2" description="HighKey 2"/>
        <preset icon="default/color/common/icon/1/lut/color-lut101.png" id="HighKey_3" description="HighKey 3"/>
        <preset icon="default/color/common/icon/1/lut/color-lut102.png" id="Negative_1" description="Negative 1"/>
        <preset icon="default/color/common/icon/1/lut/color-lut103.png" id="Negative_2" description="Negative 2"/>
        <preset icon="default/color/common/icon/1/lut/color-lut104.png" id="Negative_3" description="Negative 3"/>
        <preset icon="default/color/common/icon/1/lut/color-lut105.png" id="Sepia_1" description="Sepia 1"/>
        <preset icon="default/color/common/icon/1/lut/color-lut106.png" id="Sepia_2" description="Sepia 2"/>
        <preset icon="default/color/common/icon/1/lut/color-lut107.png" id="Sepia_3" description="Sepia 3"/>
        <preset icon="default/color/common/icon/1/lut/color-lut108.png" id="Sepia_4" description="Sepia 4"/>
        <preset icon="default/color/common/icon/1/lut/color-lut109.png" id="Sepia_Sky_Filter_1" description="Sepia Sky Filter 1"/>
        <preset icon="default/color/common/icon/1/lut/color-lut110.png" id="Sepia_Sky_Filter_2" description="Sepia Sky Filter 2"/>
        <preset icon="default/color/common/icon/1/lut/color-lut111.png" id="Desaturate_1" description="Desaturate 1"/>
        <preset icon="default/color/common/icon/1/lut/color-lut112.png" id="Desaturate_2" description="Desaturate 2"/>
        <preset icon="default/color/common/icon/1/lut/color-lut113.png" id="Red_Only" description="Red Only"/>
        <preset icon="default/color/common/icon/1/lut/color-lut114.png" id="Red_Only_Interior" description="Red Only Interior"/>
        <preset icon="default/color/common/icon/1/lut/color-lut115.png" id="Red_Only_Full_Range" description="Red Only Full Range"/>
        <preset icon="default/color/common/icon/1/lut/color-lut116.png" id="Green_Only" description="Green Only"/>
        <preset icon="default/color/common/icon/1/lut/color-lut117.png" id="Green_Only_Interior" description="Green Only Interior"/>
        <preset icon="default/color/common/icon/1/lut/color-lut118.png" id="Green_Only_Full_Range" description="Green Only Full Range"/>
        <preset icon="default/color/common/icon/1/lut/color-lut119.png" id="Blue_Only" description="Blue Only"/>
        <preset icon="default/color/common/icon/1/lut/color-lut120.png" id="Blue_Only_Interior" description="Blue Only Interior"/>
        <preset icon="default/color/common/icon/1/lut/color-lut121.png" id="Color_Tone_Down" description="Color Tone Down"/>
        <preset icon="default/color/common/icon/1/lut/color-lut122.png" id="Polaroid" description="Polaroid"/>
        <preset icon="default/color/common/icon/1/lut/color-lut123.png" id="Lomo" description="Lomo"/>   
    </presets>
  </target>
</effectui>
