<?xml version="1.0" encoding="UTF-8" standalone="yes"?>
<effectui effectIcon="default/color/common/icon/1/color_matrix_4x4_ES30.generated.png"
  effectName="Color Matrix" version="1" xmlns="http://www.digitalmasterpieces.com/schema/vca-ui">
  <target deviceBrand="*" deviceModel="*">
    <parameters>
      <parameter description="Color Matrix" hidden="false"
        icon="default/common/common/icon/1/void.png" id="colorMatrix"/>
      <parameter description="Level" hidden="false"
        icon="default/common/common/icon/1/void.png" id="level"/>
    </parameters>
    <presets>
      <preset icon="default/color/common/icon/1/preset_generated/color_matrix_4x4_ES30_Normal.png" id="Normal" description="Normal"/>
      <preset icon="default/color/common/icon/1/preset_generated/color_matrix_4x4_ES30_Gray.png" id="Gray" description="Gray"/>
      <preset icon="default/color/common/icon/1/preset_generated/color_matrix_4x4_ES30_Invert Full.png" id="Invert Full" description="Invert Full"/>
      <preset icon="default/color/common/icon/1/preset_generated/color_matrix_4x4_ES30_BGR2RGB.png" id="BGR2RGB" description="BGR to RGB"/>
      <preset icon="default/color/common/icon/1/preset_generated/color_matrix_4x4_ES30_Sepia.png" id="Sepia" description="Sepia"/>
      <preset icon="default/color/common/icon/1/preset_generated/color_matrix_4x4_ES30_Black_White.png" id="Black_White" description="Black and sWhite"/>
      <preset icon="default/color/common/icon/1/preset_generated/color_matrix_4x4_ES30_Polaroid.png" id="Polaroid" description="Polaroid"/>
      <preset icon="default/color/common/icon/1/preset_generated/color_matrix_4x4_ES30_RGBtoYUV.png" id="RGBtoYUV" description="RGB to YUV"/>
    </presets>
  </target>
</effectui>
