<?xml version="1.0" encoding="UTF-8" standalone="yes"?>
<effectui effectIcon="default/color/common/icon/1/contrast.generated.png"
  effectName="Contrast" version="1" xmlns="http://www.digitalmasterpieces.com/schema/vca-ui">
  <target deviceBrand="*" deviceModel="*">
    <parameters>
      <parameter description="Contrast" hidden="false"
        icon="default/color/common/icon/1/parameter/contrast.png" id="contrast"/>
      <parameter description="Brightness" hidden="false"
        icon="default/color/common/icon/1/parameter/brightness.png" id="brightness"/>
    </parameters>
    <presets>
      <preset icon="default/color/common/icon/1/preset_generated/contrast_Off.png" id="Off" description="Off"/>
      <preset icon="default/color/common/icon/1/preset_generated/contrast_Weak.png" id="Weak" description="Weak"/>
      <preset icon="default/color/common/icon/1/preset_generated/contrast_Strong.png" id="Strong" description="Strong"/>
      <preset icon="default/color/common/icon/1/preset_generated/contrast_Maximum.png" id="Maximum" description="Stronger"/>
    </presets>
  </target>
</effectui>
