<?xml version="1.0" encoding="UTF-8" standalone="yes"?>
<effectui effectIcon="default/color/common/icon/1/denoise_separated.generated.png"
  effectName="Denoise (Separated)" version="1" xmlns="http://www.digitalmasterpieces.com/schema/vca-ui">
  <target deviceBrand="*" deviceModel="*">
    <parameters>
      <parameter description="Exponent" hidden="false"
        icon="default/common/common/icon/1/void.png" id="exponent"/>
    </parameters>
    <presets>
      <preset icon="default/color/common/icon/1/preset_generated/denoise_separated_default.png" id="default" description="Default"/>
    </presets>
  </target>
</effectui>
