<?xml version="1.0" encoding="UTF-8" standalone="yes"?>
<effectui effectIcon="default/color/common/icon/1/solarize.generated.png"
  effectName="Solarize" version="1" xmlns="http://www.digitalmasterpieces.com/schema/vca-ui">
  <target deviceBrand="*" deviceModel="*">
    <parameters>
      <parameter description="Center Brightness" hidden="false"
        icon="default/common/common/icon/1/void.png" id="centerBrightness"/>
      <parameter description="Power Curve" hidden="false"
        icon="default/common/common/icon/1/void.png" id="powerCurve"/>
      <parameter description="Colorize" hidden="false"
        icon="default/common/common/icon/1/void.png" id="colorize"/>
      <parameter description="Invert" hidden="false"
        icon="default/common/common/icon/1/void.png" id="invert"/>
    </parameters>
    <presets>
      <preset icon="default/color/common/icon/1/preset_generated/solarize_Test 1.png" id="Test 1" description="Dark"/>
      <preset icon="default/color/common/icon/1/preset_generated/solarize_Test 2.png" id="Test 2" description="Medium"/>
      <preset icon="default/color/common/icon/1/preset_generated/solarize_Test 3.png" id="Test 3" description="Bright"/>
    </presets>
  </target>
</effectui>
