<?xml version="1.0" encoding="UTF-8" standalone="yes"?>
<effectui
  effectIcon="default/color/common/icon/1/the20scam_color2gray.generated.png"
  effectName="Grayscale" version="1" xmlns="http://www.digitalmasterpieces.com/schema/vca-ui">
  <target deviceBrand="*" deviceModel="*">
    <parameters>
      <parameter description="Mode" hidden="false"
        icon="default/common/common/icon/1/void.png" id="mode"/>
    </parameters>
    <presets>
      <preset icon="default/color/common/icon/1/preset_generated/the20scam_color2gray_Average.png" id="Average" description="Average Desaturation"/>
      <preset icon="default/color/common/icon/1/preset_generated/the20scam_color2gray_BT.601.png" id="BT.601" description="BT.601 Desaturation"/>
      <preset icon="default/color/common/icon/1/preset_generated/the20scam_color2gray_BT.709.png" id="BT.709" description="BT.709 Desaturation"/>
    </presets>
  </target>
</effectui>
