<?xml version="1.0" encoding="UTF-8" standalone="yes"?>
<effectui effectIcon="default/color/common/icon/1/tint.generated.png"
  effectName="Tint" version="1" xmlns="http://www.digitalmasterpieces.com/schema/vca-ui">
  <target deviceBrand="*" deviceModel="*">
    <parameters>
      <parameter description="Tint Color" hidden="false" hint="COLOR"
        icon="default/color/common/icon/1/parameter/color.png" id="tintColor"/>
      <parameter description="Desaturation Amount" hidden="false"
        icon="default/color/common/icon/1/parameter/desaturation.png" id="desaturationAmount"/>
      <parameter description="Desaturation Mode" hidden="false"
        icon="default/color/common/icon/1/parameter/mode.png" id="desaturateMode"/>
    </parameters>
    <presets>
      <preset icon="default/color/common/icon/1/preset_generated/tint_NTSC.png" id="NTSC" description="NTSC Desaturation"/>
      <preset icon="default/color/common/icon/1/preset_generated/tint_ITUREC709.png" id="ITUREC709" description="ITUREC709 Desaturation"/>
      <preset icon="default/color/common/icon/1/preset_generated/tint_HDTV.png" id="HDTV" description="HDTV Desaturation"/>
    </presets>
  </target>
</effectui>
