<?xml version="1.0" encoding="UTF-8" standalone="yes"?>
<presettargets name="Watercolor Presets" version="1" xmlns="http://www.digitalmasterpieces.com/schema/vca-presets">
  <target deviceBrand="*" deviceModel="*">
    <presets type="image">
      <preset id="colorful">
        <effect ref="Watercolor">
          <parameter ref="colorAmount">1.0</parameter>
          <parameter ref="colorfulness">0.45</parameter>
          <parameter ref="luminosity">0.01</parameter>
          <parameter ref="wetness">0.62</parameter>
          <parameter ref="strokeWidth">0.8</parameter>
          <parameter ref="contour">1.85</parameter>
          <parameter ref="scaleFactor">0.5</parameter>
        </effect>
      </preset>
      <preset id="soft">
        <effect ref="Watercolor">
          <parameter ref="colorAmount">1.0</parameter>
          <parameter ref="colorfulness">0.5</parameter>
          <parameter ref="luminosity">0.145</parameter>
          <parameter ref="wetness">8.0</parameter>
          <parameter ref="strokeWidth">0.3</parameter>
          <parameter ref="contour">0.4</parameter>
          <parameter ref="scaleFactor">0.5</parameter>
        </effect>
      </preset>
      <preset id="allrounder">
        <effect ref="Watercolor">
          <parameter ref="colorAmount">0.90</parameter>
          <parameter ref="colorfulness">1.0</parameter>
          <parameter ref="luminosity">0.16</parameter>
          <parameter ref="wetness">7.75</parameter>
          <parameter ref="strokeWidth">0.35</parameter>
          <parameter ref="contour">2.0</parameter>
          <parameter ref="scaleFactor">0.5</parameter>
        </effect>
      </preset>
      <preset id="bright">
        <effect ref="Watercolor">
          <parameter ref="colorAmount">1.0</parameter>
          <parameter ref="colorfulness">0.45</parameter>
          <parameter ref="luminosity">0.03</parameter>
          <parameter ref="wetness">5.0</parameter>
          <parameter ref="strokeWidth">0.6</parameter>
          <parameter ref="contour">1.2</parameter>
          <parameter ref="scaleFactor">0.5</parameter>
        </effect>
      </preset>
      <preset id="abstract">
        <effect ref="Watercolor">
          <parameter ref="colorAmount">1.0</parameter>
          <parameter ref="colorfulness">1.0</parameter>
          <parameter ref="luminosity">0.13</parameter>
          <parameter ref="wetness">10.0</parameter>
          <parameter ref="strokeWidth">0.4</parameter>
          <parameter ref="contour">1.95</parameter>
          <parameter ref="scaleFactor">0.5</parameter>
        </effect>
      </preset>
    </presets>
  </target>
</presettargets>
