<?xml version="1.0" encoding="UTF-8" standalone="yes"?>
<presettargets name="Grayscale Presets" version="1" xmlns="http://www.digitalmasterpieces.com/schema/vca-presets">
  <target deviceBrand="*" deviceModel="*">
    <presets type="image">
      <preset id="Average">
        <effect ref="Grayscale">
          <parameter ref="mode">0</parameter>
        </effect>
      </preset>
      <preset id="Red Channel">
        <effect ref="Grayscale">
          <parameter ref="mode">1</parameter>
        </effect>
      </preset>
      <preset id="Green Channel">
        <effect ref="Grayscale">
          <parameter ref="mode">2</parameter>
        </effect>
      </preset>
      <preset id="Blue Channel">
        <effect ref="Grayscale">
          <parameter ref="mode">3</parameter>
        </effect>
      </preset>
      <preset id="BT.601">
        <effect ref="Grayscale">
          <parameter ref="mode">4</parameter>
        </effect>
      </preset>
      <preset id="BT.709">
        <effect ref="Grayscale">
          <parameter ref="mode">5</parameter>
        </effect>
      </preset>
      <preset id="Minimum">
        <effect ref="Grayscale">
          <parameter ref="mode">6</parameter>
        </effect>
      </preset>
      <preset id="Maximum">
        <effect ref="Grayscale">
          <parameter ref="mode">7</parameter>
        </effect>
      </preset>
      <preset id="Desaturate">
        <effect ref="Grayscale">
          <parameter ref="mode">8</parameter>
        </effect>
      </preset>
    </presets>
  </target>
</presettargets>
