<?xml version="1.0" encoding="UTF-8" standalone="yes"?>
<implset version="1" xmlns="http://www.digitalmasterpieces.com/schema/vca-implementation-set">
  <implementations>
    <target api="OpenGLES" apiVersion="3.0">
      <impl performance="1000" uri="default/20sCam/implementation/opengles_30/1/20sCam.fxeffect.impl.xml"/>
    </target>
    <target api="OpenGL" apiVersion="3.3">
      <impl performance="1000" uri="default/20sCam/implementation/opengl_33/1/20sCam.fxeffect.impl.xml"/>
    </target>
  </implementations>
</implset>
